sweepId,serverId,runId,t,load,phase,liveBullets,memoryMb,instanceCount
frame1_base,20260824T000440-4d7d85d4,20260824T000650-9e2d478f,0.01677211991,0,idle,0,550.5234375,100876
frame1_base,20260824T000440-4d7d85d4,20260824T000650-9e2d478f,1.033390245,0,idle,0,550.5234375,100876
frame1_base,20260824T000440-4d7d85d4,20260824T000650-9e2d478f,2.049979569,0,idle,0,547.6171875,100876
frame1_base,20260824T000440-4d7d85d4,20260824T000650-9e2d478f,3.066617233,0,idle,0,547.96875,100876
frame1_base,20260824T000440-4d7d85d4,20260824T000650-9e2d478f,4.083232028,0,idle,0,547.96875,100876
frame1_base,20260824T000440-4d7d85d4,20260824T000650-9e2d478f,5.08328682,0,idle,0,547.9726563,100876
frame1_base,20260824T000440-4d7d85d4,20260824T000650-9e2d478f,6.099790005,0,idle,0,547.9726563,100876
frame1_base,20260824T000440-4d7d85d4,20260824T000650-9e2d478f,7.116458869,0,idle,0,548.0859375,100876
frame1_base,20260824T000440-4d7d85d4,20260824T000650-9e2d478f,8.133051133,0,idle,0,548.0859375,100876
frame1_base,20260824T000440-4d7d85d4,20260824T000650-9e2d478f,9.149661038,0,idle,0,548.0859375,100876
frame1_base,20260824T000440-4d7d85d4,20260824T000650-9e2d478f,10.1662917,0,idle,0,548.328125,100876
frame1_base,20260824T000440-4d7d85d4,20260824T000650-9e2d478f,11.1829081,0,idle,0,548.328125,100876
frame1_base,20260824T000440-4d7d85d4,20260824T000650-9e2d478f,12.19951152,0,idle,0,548.328125,100876
frame1_base,20260824T000440-4d7d85d4,20260824T000650-9e2d478f,13.2161637,0,idle,0,548.328125,100876
frame1_base,20260824T000440-4d7d85d4,20260824T000650-9e2d478f,14.23290309,0,idle,0,548.328125,100876
frame1_base,20260824T000440-4d7d85d4,20260824T000650-9e2d478f,15.2495044,0,idle,0,548.328125,100876
frame1_base,20260824T000440-4d7d85d4,20260824T000650-9e2d478f,16.26605161,0,idle,0,548.328125,100876
frame1_base,20260824T000440-4d7d85d4,20260824T000650-9e2d478f,17.28267512,0,idle,0,548.328125,100876
frame1_base,20260824T000440-4d7d85d4,20260824T000650-9e2d478f,18.29933143,0,idle,0,548.328125,100876
frame1_base,20260824T000440-4d7d85d4,20260824T000650-9e2d478f,19.31587437,0,idle,0,548.46875,100876
frame1_base,20260824T000440-4d7d85d4,20260824T000650-9e2d478f,20.31600443,0,idle,0,548.46875,100876
frame1_base,20260824T000440-4d7d85d4,20260824T000650-9e2d478f,21.33259657,0,idle,0,548.46875,100876
frame1_base,20260824T000440-4d7d85d4,20260824T000650-9e2d478f,22.34928819,0,idle,0,548.46875,100876
frame1_base,20260824T000440-4d7d85d4,20260824T000650-9e2d478f,23.36592467,0,idle,0,548.5117188,100876
frame1_base,20260824T000440-4d7d85d4,20260824T000650-9e2d478f,24.38240089,0,idle,0,548.5117188,100876
frame1_base,20260824T000440-4d7d85d4,20260824T000650-9e2d478f,25.38244723,0,idle,0,548.5117188,100876
frame1_base,20260824T000440-4d7d85d4,20260824T000650-9e2d478f,26.38249399,0,idle,0,548.5117188,100876
frame1_base,20260824T000440-4d7d85d4,20260824T000650-9e2d478f,27.39902531,0,idle,0,548.5117188,100876
frame1_base,20260824T000440-4d7d85d4,20260824T000650-9e2d478f,28.41557342,0,idle,0,548.5117188,100876
frame1_base,20260824T000440-4d7d85d4,20260824T000650-9e2d478f,29.43225713,0,idle,0,548.5117188,100876
frame1_base,20260824T000440-4d7d85d4,20260824T000650-9e2d478f,30.44886775,0,idle,0,548.5117188,100876
frame1_base,20260824T000440-4d7d85d4,20260824T000650-9e2d478f,31.46550516,0,idle,0,548.5117188,100876
frame1_base,20260824T000440-4d7d85d4,20260824T000650-9e2d478f,32.48213201,0,idle,0,548.5117188,100876
frame1_base,20260824T000440-4d7d85d4,20260824T000650-9e2d478f,33.49872664,0,idle,0,548.5117188,100876
frame1_base,20260824T000440-4d7d85d4,20260824T000650-9e2d478f,34.5153307,0,idle,0,548.5117188,100876
frame1_base,20260824T000440-4d7d85d4,20260824T000650-9e2d478f,35.51536923,0,idle,0,548.5117188,100876
frame1_base,20260824T000440-4d7d85d4,20260824T000650-9e2d478f,36.53190435,0,idle,0,548.53125,100876
frame1_base,20260824T000440-4d7d85d4,20260824T000650-9e2d478f,37.54858706,0,idle,0,548.53125,100876
frame1_base,20260824T000440-4d7d85d4,20260824T000650-9e2d478f,38.56523821,0,idle,0,548.53125,100876
frame1_base,20260824T000440-4d7d85d4,20260824T000650-9e2d478f,39.58186826,0,idle,0,548.53125,100876
frame1_base,20260824T000440-4d7d85d4,20260824T000650-9e2d478f,40.59849352,0,idle,0,548.5703125,100876
frame1_base,20260824T000440-4d7d85d4,20260824T000650-9e2d478f,41.61512918,0,idle,0,548.5703125,100876
frame1_base,20260824T000440-4d7d85d4,20260824T000650-9e2d478f,42.63168052,0,idle,0,548.5703125,100876
frame1_base,20260824T000440-4d7d85d4,20260824T000650-9e2d478f,43.6483189,0,idle,0,548.5703125,100876
frame1_base,20260824T000440-4d7d85d4,20260824T000650-9e2d478f,44.66491306,0,idle,0,548.5703125,100876
frame1_base,20260824T000440-4d7d85d4,20260824T000650-9e2d478f,45.66493019,0,idle,0,548.5703125,100876
frame1_base,20260824T000440-4d7d85d4,20260824T000650-9e2d478f,46.68152191,0,idle,0,548.5703125,100876
frame1_base,20260824T000440-4d7d85d4,20260824T000650-9e2d478f,47.69812189,0,idle,0,548.5703125,100876
frame1_base,20260824T000440-4d7d85d4,20260824T000650-9e2d478f,48.69812342,0,idle,0,548.5703125,100876
frame1_base,20260824T000440-4d7d85d4,20260824T000650-9e2d478f,49.71472885,0,idle,0,548.5703125,100876
frame1_base,20260824T000440-4d7d85d4,20260824T000650-9e2d478f,50.73136581,0,idle,0,548.5703125,100876
frame1_base,20260824T000440-4d7d85d4,20260824T000650-9e2d478f,51.74798964,0,idle,0,548.6328125,100876
frame1_base,20260824T000440-4d7d85d4,20260824T000650-9e2d478f,52.76460721,0,idle,0,548.6328125,100876
frame1_base,20260824T000440-4d7d85d4,20260824T000650-9e2d478f,53.78120171,0,idle,0,548.6328125,100876
frame1_base,20260824T000440-4d7d85d4,20260824T000650-9e2d478f,54.79782027,0,idle,0,548.6328125,100876
frame1_base,20260824T000440-4d7d85d4,20260824T000650-9e2d478f,55.81436738,0,idle,0,548.6328125,100876
frame1_base,20260824T000440-4d7d85d4,20260824T000650-9e2d478f,56.81439392,0,idle,0,548.6328125,100876
frame1_base,20260824T000440-4d7d85d4,20260824T000650-9e2d478f,57.81440955,0,idle,0,548.6328125,100876
frame1_base,20260824T000440-4d7d85d4,20260824T000650-9e2d478f,58.81581445,0,idle,0,548.6328125,100876
frame1_base,20260824T000440-4d7d85d4,20260824T000650-9e2d478f,59.83245984,0,idle,0,548.6328125,100876
frame1,20260824T000440-4d7d85d4,20260824T000826-2769364c,0.01939615211,2000,steady,2000,555.9921875,100876
frame1,20260824T000440-4d7d85d4,20260824T000826-2769364c,1.019535463,2000,steady,2000,555.9921875,100876
frame1,20260824T000440-4d7d85d4,20260824T000826-2769364c,2.035278047,2000,steady,1999,555.9921875,100876
frame1,20260824T000440-4d7d85d4,20260824T000826-2769364c,3.035686425,2000,steady,2000,555.9921875,100876
frame1,20260824T000440-4d7d85d4,20260824T000826-2769364c,4.036002064,2000,steady,2000,555.9921875,100876
frame1,20260824T000440-4d7d85d4,20260824T000826-2769364c,5.051936406,2000,steady,2000,555.9921875,100876
frame1,20260824T000440-4d7d85d4,20260824T000826-2769364c,6.052452963,2000,steady,2000,555.9921875,100876
frame1,20260824T000440-4d7d85d4,20260824T000826-2769364c,7.068553473,2000,steady,2000,555.9921875,100876
frame1,20260824T000440-4d7d85d4,20260824T000826-2769364c,8.085715811,2000,steady,2000,555.9921875,100876
frame1,20260824T000440-4d7d85d4,20260824T000826-2769364c,9.102465013,2000,steady,2000,555.9921875,100876
frame1,20260824T000440-4d7d85d4,20260824T000826-2769364c,10.11862113,2000,steady,2000,555.9921875,100876
frame1,20260824T000440-4d7d85d4,20260824T000826-2769364c,11.11897513,2000,steady,2000,555.9921875,100876
frame1,20260824T000440-4d7d85d4,20260824T000826-2769364c,12.13561808,2000,steady,2000,555.9921875,100876
frame1,20260824T000440-4d7d85d4,20260824T000826-2769364c,13.1521098,2000,steady,2000,555.9921875,100876
frame1,20260824T000440-4d7d85d4,20260824T000826-2769364c,14.1521572,2000,steady,2000,555.9921875,100876
frame1,20260824T000440-4d7d85d4,20260824T000826-2769364c,15.15247285,2000,steady,1999,555.9921875,100876
frame1,20260824T000440-4d7d85d4,20260824T000826-2769364c,16.15275403,2000,steady,2000,555.9921875,100876
frame1,20260824T000440-4d7d85d4,20260824T000826-2769364c,17.16810978,2000,steady,2000,555.9921875,100876
frame1,20260824T000440-4d7d85d4,20260824T000826-2769364c,18.16836364,2000,steady,1999,555.9921875,100876
frame1,20260824T000440-4d7d85d4,20260824T000826-2769364c,19.16839466,2000,steady,2000,555.9921875,100876
frame1,20260824T000440-4d7d85d4,20260824T000826-2769364c,20.18468959,2000,steady,2000,555.9921875,100876
frame1,20260824T000440-4d7d85d4,20260824T000826-2769364c,21.18491877,2000,steady,2000,555.9921875,100876
frame1,20260824T000440-4d7d85d4,20260824T000826-2769364c,22.18522815,2000,steady,1999,555.9921875,100876
frame1,20260824T000440-4d7d85d4,20260824T000826-2769364c,23.20274819,2000,steady,2000,555.9921875,100876
frame1,20260824T000440-4d7d85d4,20260824T000826-2769364c,24.20283562,2000,steady,2000,555.9921875,100876
frame1,20260824T000440-4d7d85d4,20260824T000826-2769364c,25.2030977,2000,steady,2000,555.9921875,100876
frame1,20260824T000440-4d7d85d4,20260824T000826-2769364c,26.21835582,2000,steady,2000,555.9921875,100876
frame1,20260824T000440-4d7d85d4,20260824T000826-2769364c,27.22043739,2000,steady,2000,555.9921875,100876
frame1,20260824T000440-4d7d85d4,20260824T000826-2769364c,28.2369411,2000,steady,2000,555.9921875,100876
frame1,20260824T000440-4d7d85d4,20260824T000826-2769364c,29.25354791,2000,steady,2000,555.9921875,100876
frame1,20260824T000440-4d7d85d4,20260824T000826-2769364c,30.26901565,2000,steady,2000,555.9921875,100876
frame1,20260824T000440-4d7d85d4,20260824T000826-2769364c,31.28626434,2000,steady,2000,555.9921875,100876
frame1,20260824T000440-4d7d85d4,20260824T000826-2769364c,32.28633668,2000,steady,2000,555.9921875,100876
frame1,20260824T000440-4d7d85d4,20260824T000826-2769364c,33.30310134,2000,steady,2000,555.9921875,100876
frame1,20260824T000440-4d7d85d4,20260824T000826-2769364c,34.32009306,2000,steady,2000,555.9921875,100876
frame1,20260824T000440-4d7d85d4,20260824T000826-2769364c,35.33656539,2000,steady,2000,555.9921875,100876
frame1,20260824T000440-4d7d85d4,20260824T000826-2769364c,36.35349592,2000,steady,2000,555.9921875,100876
frame1,20260824T000440-4d7d85d4,20260824T000826-2769364c,37.36975814,2000,steady,2000,555.9921875,100876
frame1,20260824T000440-4d7d85d4,20260824T000826-2769364c,38.38602963,2000,steady,2000,555.9921875,100876
frame1,20260824T000440-4d7d85d4,20260824T000826-2769364c,39.40210079,2000,steady,2000,555.9921875,100876
frame1,20260824T000440-4d7d85d4,20260824T000826-2769364c,40.41939146,2000,steady,2000,555.9921875,100876
frame1,20260824T000440-4d7d85d4,20260824T000826-2769364c,41.4355562,2000,steady,2000,555.9921875,100876
frame1,20260824T000440-4d7d85d4,20260824T000826-2769364c,42.45227222,2000,steady,2000,555.9921875,100876
frame1,20260824T000440-4d7d85d4,20260824T000826-2769364c,43.45294389,2000,steady,2000,555.9921875,100876
frame1,20260824T000440-4d7d85d4,20260824T000826-2769364c,44.46949729,2000,steady,2000,555.9921875,100876
frame1,20260824T000440-4d7d85d4,20260824T000826-2769364c,45.48568805,2000,steady,2000,550.3398438,100876
frame1,20260824T000440-4d7d85d4,20260824T000826-2769364c,46.50191973,2000,steady,2000,550.1835938,100876
frame1,20260824T000440-4d7d85d4,20260824T000826-2769364c,47.51855107,2000,steady,2000,550.1835938,100876
frame1,20260824T000440-4d7d85d4,20260824T000826-2769364c,48.53643527,2000,steady,2000,550.1835938,100876
frame1,20260824T000440-4d7d85d4,20260824T000826-2769364c,49.55180405,2000,steady,2000,550.2578125,100876
frame1,20260824T000440-4d7d85d4,20260824T000826-2769364c,50.56883759,2000,steady,2000,550.3710938,100876
frame1,20260824T000440-4d7d85d4,20260824T000826-2769364c,51.58561126,2000,steady,2000,550.3710938,100876
frame1,20260824T000440-4d7d85d4,20260824T000826-2769364c,52.60228151,2000,steady,2000,550.3710938,100876
frame1,20260824T000440-4d7d85d4,20260824T000826-2769364c,53.61914284,2000,steady,2000,550.3789063,100876
frame1,20260824T000440-4d7d85d4,20260824T000826-2769364c,54.63558992,2000,steady,2000,550.3789063,100876
frame1,20260824T000440-4d7d85d4,20260824T000826-2769364c,55.65203497,2000,steady,2000,550.3789063,100876
frame1,20260824T000440-4d7d85d4,20260824T000826-2769364c,56.66922104,2000,steady,2000,550.5195313,100876
frame1,20260824T000440-4d7d85d4,20260824T000826-2769364c,57.68538839,2000,steady,2000,550.5195313,100876
frame1,20260824T000440-4d7d85d4,20260824T000826-2769364c,58.70153676,2000,steady,2000,550.8125,100876
frame1,20260824T000440-4d7d85d4,20260824T000826-2769364c,59.71870653,2000,steady,2000,550.8125,100876
frame1,20260824T000440-4d7d85d4,20260824T001008-cb3f6404,0.02271766705,4000,steady,3998,556.8867188,100876
frame1,20260824T000440-4d7d85d4,20260824T001008-cb3f6404,1.039091452,4000,steady,3999,556.8867188,100876
frame1,20260824T000440-4d7d85d4,20260824T001008-cb3f6404,2.054926723,4000,steady,3999,556.8867188,100876
frame1,20260824T000440-4d7d85d4,20260824T001008-cb3f6404,3.056401518,4000,steady,4000,557.0507813,100876
frame1,20260824T000440-4d7d85d4,20260824T001008-cb3f6404,4.056496467,4000,steady,4000,557.0507813,100876
frame1,20260824T000440-4d7d85d4,20260824T001008-cb3f6404,5.072466277,4000,steady,3989,557.0507813,100876
frame1,20260824T000440-4d7d85d4,20260824T001008-cb3f6404,6.088915371,4000,steady,3989,557.0507813,100876
frame1,20260824T000440-4d7d85d4,20260824T001008-cb3f6404,7.089546635,4000,steady,3990,557.0507813,100876
frame1,20260824T000440-4d7d85d4,20260824T001008-cb3f6404,8.106205927,4000,steady,4000,557.0507813,100876
frame1,20260824T000440-4d7d85d4,20260824T001008-cb3f6404,9.12184232,4000,steady,4000,557.0507813,100876
frame1,20260824T000440-4d7d85d4,20260824T001008-cb3f6404,10.12237579,4000,steady,3999,557.0507813,100876
frame1,20260824T000440-4d7d85d4,20260824T001008-cb3f6404,11.13949745,4000,steady,3999,557.0546875,100876
frame1,20260824T000440-4d7d85d4,20260824T001008-cb3f6404,12.15444088,4000,steady,3998,557.0546875,100876
frame1,20260824T000440-4d7d85d4,20260824T001008-cb3f6404,13.15570108,4000,steady,4000,557.0546875,100876
frame1,20260824T000440-4d7d85d4,20260824T001008-cb3f6404,14.17207715,4000,steady,3999,557.0546875,100876
frame1,20260824T000440-4d7d85d4,20260824T001008-cb3f6404,15.18874418,4000,steady,4000,562.09375,100876
frame1,20260824T000440-4d7d85d4,20260824T001008-cb3f6404,16.20408635,4000,steady,4000,562.09375,100876
frame1,20260824T000440-4d7d85d4,20260824T001008-cb3f6404,17.2046927,4000,steady,4000,562.1015625,100876
frame1,20260824T000440-4d7d85d4,20260824T001008-cb3f6404,18.20479467,4000,steady,4000,562.1015625,100876
frame1,20260824T000440-4d7d85d4,20260824T001008-cb3f6404,19.22138084,4000,steady,4000,562.1015625,100876
frame1,20260824T000440-4d7d85d4,20260824T001008-cb3f6404,20.22226447,4000,steady,4000,562.1015625,100876
frame1,20260824T000440-4d7d85d4,20260824T001008-cb3f6404,21.23887267,4000,steady,4000,562.1015625,100876
frame1,20260824T000440-4d7d85d4,20260824T001008-cb3f6404,22.23899853,4000,steady,3999,562.109375,100876
frame1,20260824T000440-4d7d85d4,20260824T001008-cb3f6404,23.25432212,4000,steady,4000,562.109375,100876
frame1,20260824T000440-4d7d85d4,20260824T001008-cb3f6404,24.25443704,4000,steady,4000,562.109375,100876
frame1,20260824T000440-4d7d85d4,20260824T001008-cb3f6404,25.27068692,4000,steady,4000,562.109375,100876
frame1,20260824T000440-4d7d85d4,20260824T001008-cb3f6404,26.27179723,4000,steady,4000,562.109375,100876
frame1,20260824T000440-4d7d85d4,20260824T001008-cb3f6404,27.28757274,4000,steady,3999,562.109375,100876
frame1,20260824T000440-4d7d85d4,20260824T001008-cb3f6404,28.30325894,4000,steady,3999,562.109375,100876
frame1,20260824T000440-4d7d85d4,20260824T001008-cb3f6404,29.30345651,4000,steady,3999,562.109375,100876
frame1,20260824T000440-4d7d85d4,20260824T001008-cb3f6404,30.30360726,4000,steady,4000,562.109375,100876
frame1,20260824T000440-4d7d85d4,20260824T001008-cb3f6404,31.3042921,4000,steady,4000,562.1523438,100876
frame1,20260824T000440-4d7d85d4,20260824T001008-cb3f6404,32.31948329,4000,steady,4000,562.1523438,100876
frame1,20260824T000440-4d7d85d4,20260824T001008-cb3f6404,33.31978095,4000,steady,4000,562.1523438,100876
frame1,20260824T000440-4d7d85d4,20260824T001008-cb3f6404,34.33715132,4000,steady,4000,562.1523438,100876
frame1,20260824T000440-4d7d85d4,20260824T001008-cb3f6404,35.3379973,4000,steady,4000,562.1523438,100876
frame1,20260824T000440-4d7d85d4,20260824T001008-cb3f6404,36.35437912,4000,steady,3999,562.1523438,100876
frame1,20260824T000440-4d7d85d4,20260824T001008-cb3f6404,37.37010909,4000,steady,3999,562.1523438,100876
frame1,20260824T000440-4d7d85d4,20260824T001008-cb3f6404,38.37033208,4000,steady,3999,562.1523438,100876
frame1,20260824T000440-4d7d85d4,20260824T001008-cb3f6404,39.37116343,4000,steady,4000,562.1523438,100876
frame1,20260824T000440-4d7d85d4,20260824T001008-cb3f6404,40.37166525,4000,steady,4000,562.1523438,100876
frame1,20260824T000440-4d7d85d4,20260824T001008-cb3f6404,41.38568421,4000,steady,4000,562.1523438,100876
frame1,20260824T000440-4d7d85d4,20260824T001008-cb3f6404,42.38763615,4000,steady,4000,562.1523438,100876
frame1,20260824T000440-4d7d85d4,20260824T001008-cb3f6404,43.40536874,4000,steady,4000,562.1523438,100876
frame1,20260824T000440-4d7d85d4,20260824T001008-cb3f6404,44.42142292,4000,steady,4000,562.1523438,100876
frame1,20260824T000440-4d7d85d4,20260824T001008-cb3f6404,45.43881405,4000,steady,3999,562.1523438,100876
frame1,20260824T000440-4d7d85d4,20260824T001008-cb3f6404,46.4552497,4000,steady,4000,562.1523438,100876
frame1,20260824T000440-4d7d85d4,20260824T001008-cb3f6404,47.45735402,4000,steady,4000,562.1523438,100876
frame1,20260824T000440-4d7d85d4,20260824T001008-cb3f6404,48.47081352,4000,steady,4000,562.1640625,100876
frame1,20260824T000440-4d7d85d4,20260824T001008-cb3f6404,49.47117187,4000,steady,4000,562.1640625,100876
frame1,20260824T000440-4d7d85d4,20260824T001008-cb3f6404,50.48818943,4000,steady,4000,562.1640625,100876
frame1,20260824T000440-4d7d85d4,20260824T001008-cb3f6404,51.50300446,4000,steady,4000,562.1640625,100876
frame1,20260824T000440-4d7d85d4,20260824T001008-cb3f6404,52.50375362,4000,steady,4000,562.171875,100876
frame1,20260824T000440-4d7d85d4,20260824T001008-cb3f6404,53.52024783,4000,steady,4000,562.171875,100876
frame1,20260824T000440-4d7d85d4,20260824T001008-cb3f6404,54.52075872,4000,steady,4000,562.171875,100876
frame1,20260824T000440-4d7d85d4,20260824T001008-cb3f6404,55.5207969,4000,steady,4000,562.1757813,100876
frame1,20260824T000440-4d7d85d4,20260824T001008-cb3f6404,56.53695815,4000,steady,4000,562.1796875,100876
frame1,20260824T000440-4d7d85d4,20260824T001008-cb3f6404,57.55192952,4000,steady,4000,562.1796875,100876
frame1,20260824T000440-4d7d85d4,20260824T001008-cb3f6404,58.55421919,4000,steady,3999,562.1796875,100876
frame1,20260824T000440-4d7d85d4,20260824T001008-cb3f6404,59.57009508,4000,steady,4000,562.1796875,100876
frame1,20260824T000440-4d7d85d4,20260824T001208-558ee679,0.02671638399,6000,steady,6000,562.4570313,100876
frame1,20260824T000440-4d7d85d4,20260824T001208-558ee679,1.042154209,6000,steady,6000,562.4570313,100876
frame1,20260824T000440-4d7d85d4,20260824T001208-558ee679,2.042489086,6000,steady,6000,562.4570313,100876
frame1,20260824T000440-4d7d85d4,20260824T001208-558ee679,3.042552006,6000,steady,5999,562.4570313,100876
frame1,20260824T000440-4d7d85d4,20260824T001208-558ee679,4.042712885,6000,steady,6000,562.4570313,100876
frame1,20260824T000440-4d7d85d4,20260824T001208-558ee679,5.043121411,6000,steady,6000,562.4609375,100876
frame1,20260824T000440-4d7d85d4,20260824T001208-558ee679,6.058615816,6000,steady,6000,562.4609375,100876
frame1,20260824T000440-4d7d85d4,20260824T001208-558ee679,7.058666436,6000,steady,5999,562.5039063,100876
frame1,20260824T000440-4d7d85d4,20260824T001208-558ee679,8.059650386,6000,steady,6000,562.5039063,100876
frame1,20260824T000440-4d7d85d4,20260824T001208-558ee679,9.060505007,6000,steady,6000,562.5039063,100876
frame1,20260824T000440-4d7d85d4,20260824T001208-558ee679,10.07335306,6000,steady,6000,562.5039063,100876
frame1,20260824T000440-4d7d85d4,20260824T001208-558ee679,11.07566488,6000,steady,6000,562.5039063,100876
frame1,20260824T000440-4d7d85d4,20260824T001208-558ee679,12.08990938,6000,steady,6000,562.5039063,100876
frame1,20260824T000440-4d7d85d4,20260824T001208-558ee679,13.09138449,6000,steady,5999,562.5039063,100876
frame1,20260824T000440-4d7d85d4,20260824T001208-558ee679,14.10831578,6000,steady,6000,562.5039063,100876
frame1,20260824T000440-4d7d85d4,20260824T001208-558ee679,15.12562881,6000,steady,6000,564.6132813,100876
frame1,20260824T000440-4d7d85d4,20260824T001208-558ee679,16.13971935,6000,steady,6000,564.6132813,100876
frame1,20260824T000440-4d7d85d4,20260824T001208-558ee679,17.15466314,6000,steady,6000,564.6132813,100876
frame1,20260824T000440-4d7d85d4,20260824T001208-558ee679,18.15527318,6000,steady,5999,564.6132813,100876
frame1,20260824T000440-4d7d85d4,20260824T001208-558ee679,19.15815752,6000,steady,6000,564.6132813,100876
frame1,20260824T000440-4d7d85d4,20260824T001208-558ee679,20.17467487,6000,steady,6000,564.6132813,100876
frame1,20260824T000440-4d7d85d4,20260824T001208-558ee679,21.18928674,6000,steady,6000,564.6132813,100876
frame1,20260824T000440-4d7d85d4,20260824T001208-558ee679,22.19101636,6000,steady,6000,564.6132813,100876
frame1,20260824T000440-4d7d85d4,20260824T001208-558ee679,23.20665068,6000,steady,5999,564.6132813,100876
frame1,20260824T000440-4d7d85d4,20260824T001208-558ee679,24.22516818,6000,steady,6000,564.6132813,100876
frame1,20260824T000440-4d7d85d4,20260824T001208-558ee679,25.23810055,6000,steady,6000,564.6132813,100876
frame1,20260824T000440-4d7d85d4,20260824T001208-558ee679,26.23934418,6000,steady,6000,564.6132813,100876
frame1,20260824T000440-4d7d85d4,20260824T001208-558ee679,27.25705595,6000,steady,6000,564.6210938,100876
frame1,20260824T000440-4d7d85d4,20260824T001208-558ee679,28.27285829,6000,steady,6000,564.6210938,100876
frame1,20260824T000440-4d7d85d4,20260824T001208-558ee679,29.27429521,6000,steady,6000,564.6210938,100876
frame1,20260824T000440-4d7d85d4,20260824T001208-558ee679,30.27470791,6000,steady,6000,564.6210938,100876
frame1,20260824T000440-4d7d85d4,20260824T001208-558ee679,31.27540297,6000,steady,6000,564.6210938,100876
frame1,20260824T000440-4d7d85d4,20260824T001208-558ee679,32.29001296,6000,steady,6000,564.6210938,100876
frame1,20260824T000440-4d7d85d4,20260824T001208-558ee679,33.29084356,6000,steady,6000,564.6210938,100876
frame1,20260824T000440-4d7d85d4,20260824T001208-558ee679,34.29315676,6000,steady,6000,564.6210938,100876
frame1,20260824T000440-4d7d85d4,20260824T001208-558ee679,35.3052155,6000,steady,6000,564.6210938,100876
frame1,20260824T000440-4d7d85d4,20260824T001208-558ee679,36.3068868,6000,steady,6000,564.6210938,100876
frame1,20260824T000440-4d7d85d4,20260824T001208-558ee679,37.30779195,6000,steady,6000,564.6328125,100876
frame1,20260824T000440-4d7d85d4,20260824T001208-558ee679,38.32133418,6000,steady,5999,564.6328125,100876
frame1,20260824T000440-4d7d85d4,20260824T001208-558ee679,39.3237961,6000,steady,6000,564.6328125,100876
frame1,20260824T000440-4d7d85d4,20260824T001208-558ee679,40.34055916,6000,steady,6000,564.6328125,100876
frame1,20260824T000440-4d7d85d4,20260824T001208-558ee679,41.35746669,6000,steady,6000,564.6484375,100876
frame1,20260824T000440-4d7d85d4,20260824T001208-558ee679,42.37367206,6000,steady,6000,564.6484375,100876
frame1,20260824T000440-4d7d85d4,20260824T001208-558ee679,43.39067056,6000,steady,5999,564.6484375,100876
frame1,20260824T000440-4d7d85d4,20260824T001208-558ee679,44.40731305,6000,steady,6000,564.6484375,100876
frame1,20260824T000440-4d7d85d4,20260824T001208-558ee679,45.40794794,6000,steady,6000,564.6601563,100876
frame1,20260824T000440-4d7d85d4,20260824T001208-558ee679,46.42379094,6000,steady,6000,564.6601563,100876
frame1,20260824T000440-4d7d85d4,20260824T001208-558ee679,47.43927678,6000,steady,6000,564.6601563,100876
frame1,20260824T000440-4d7d85d4,20260824T001208-558ee679,48.45719623,6000,steady,6000,564.6601563,100876
frame1,20260824T000440-4d7d85d4,20260824T001208-558ee679,49.47364381,6000,steady,6000,564.6601563,100876
frame1,20260824T000440-4d7d85d4,20260824T001208-558ee679,50.47380462,6000,steady,6000,564.6601563,100876
frame1,20260824T000440-4d7d85d4,20260824T001208-558ee679,51.49039986,6000,steady,6000,564.6601563,100876
frame1,20260824T000440-4d7d85d4,20260824T001208-558ee679,52.50631471,6000,steady,6000,564.6914063,100876
frame1,20260824T000440-4d7d85d4,20260824T001208-558ee679,53.52303455,6000,steady,6000,564.6914063,100876
frame1,20260824T000440-4d7d85d4,20260824T001208-558ee679,54.54009575,6000,steady,6000,564.6914063,100876
frame1,20260824T000440-4d7d85d4,20260824T001208-558ee679,55.54151539,6000,steady,6000,564.6914063,100876
frame1,20260824T000440-4d7d85d4,20260824T001208-558ee679,56.55684775,6000,steady,6000,564.6914063,100876
frame1,20260824T000440-4d7d85d4,20260824T001208-558ee679,57.57289138,6000,steady,6000,564.6914063,100876
frame1,20260824T000440-4d7d85d4,20260824T001208-558ee679,58.59078363,6000,steady,6000,564.6914063,100876
frame1,20260824T000440-4d7d85d4,20260824T001208-558ee679,59.60427492,6000,steady,6000,564.6914063,100876
frame1,20260824T000440-4d7d85d4,20260824T001411-43fc2a82,0.02896868996,8000,steady,8000,564.71875,100876
frame1,20260824T000440-4d7d85d4,20260824T001411-43fc2a82,1.04487856,8000,steady,8000,564.71875,100876
frame1,20260824T000440-4d7d85d4,20260824T001411-43fc2a82,2.045734161,8000,steady,7999,564.71875,100876
frame1,20260824T000440-4d7d85d4,20260824T001411-43fc2a82,3.058447086,8000,steady,7998,564.71875,100876
frame1,20260824T000440-4d7d85d4,20260824T001411-43fc2a82,4.059698323,8000,steady,8000,564.71875,100876
frame1,20260824T000440-4d7d85d4,20260824T001411-43fc2a82,5.075815031,8000,steady,8000,564.71875,100876
frame1,20260824T000440-4d7d85d4,20260824T001411-43fc2a82,6.08059158,8000,steady,8000,564.71875,100876
frame1,20260824T000440-4d7d85d4,20260824T001411-43fc2a82,7.093851949,8000,steady,8000,564.71875,100876
frame1,20260824T000440-4d7d85d4,20260824T001411-43fc2a82,8.093883899,8000,steady,8000,560.2890625,100876
frame1,20260824T000440-4d7d85d4,20260824T001411-43fc2a82,9.111441671,8000,steady,8000,560.1015625,100876
frame1,20260824T000440-4d7d85d4,20260824T001411-43fc2a82,10.12691589,8000,steady,8000,560.1015625,100876
frame1,20260824T000440-4d7d85d4,20260824T001411-43fc2a82,11.13254398,8000,steady,8000,567.28125,100876
frame1,20260824T000440-4d7d85d4,20260824T001411-43fc2a82,12.14537983,8000,steady,8000,561.890625,100876
frame1,20260824T000440-4d7d85d4,20260824T001411-43fc2a82,13.16302142,8000,steady,8000,562.0234375,100876
frame1,20260824T000440-4d7d85d4,20260824T001411-43fc2a82,14.17842723,8000,steady,8000,562.0234375,100876
frame1,20260824T000440-4d7d85d4,20260824T001411-43fc2a82,15.17909771,8000,steady,7999,562.0234375,100876
frame1,20260824T000440-4d7d85d4,20260824T001411-43fc2a82,16.19319646,8000,steady,7999,562.0234375,100876
frame1,20260824T000440-4d7d85d4,20260824T001411-43fc2a82,17.19334189,8000,steady,7999,562.0625,100876
frame1,20260824T000440-4d7d85d4,20260824T001411-43fc2a82,18.19405672,8000,steady,8000,562.0625,100876
frame1,20260824T000440-4d7d85d4,20260824T001411-43fc2a82,19.21318757,8000,steady,8000,562.0625,100876
frame1,20260824T000440-4d7d85d4,20260824T001411-43fc2a82,20.22782621,8000,steady,7999,562.0625,100876
frame1,20260824T000440-4d7d85d4,20260824T001411-43fc2a82,21.24291857,8000,steady,8000,562.2226563,100876
frame1,20260824T000440-4d7d85d4,20260824T001411-43fc2a82,22.24352709,8000,steady,8000,562.2226563,100876
frame1,20260824T000440-4d7d85d4,20260824T001411-43fc2a82,23.26025759,8000,steady,7999,562.34375,100876
frame1,20260824T000440-4d7d85d4,20260824T001411-43fc2a82,24.26115859,8000,steady,7998,562.375,100876
frame1,20260824T000440-4d7d85d4,20260824T001411-43fc2a82,25.26229438,8000,steady,8000,562.375,100876
frame1,20260824T000440-4d7d85d4,20260824T001411-43fc2a82,26.26296373,8000,steady,8000,562.375,100876
frame1,20260824T000440-4d7d85d4,20260824T001411-43fc2a82,27.27813988,8000,steady,7998,562.375,100876
frame1,20260824T000440-4d7d85d4,20260824T001411-43fc2a82,28.2902056,8000,steady,7998,562.375,100876
frame1,20260824T000440-4d7d85d4,20260824T001411-43fc2a82,29.2928196,8000,steady,7999,562.375,100876
frame1,20260824T000440-4d7d85d4,20260824T001411-43fc2a82,30.30826903,8000,steady,7994,561.4492188,100876
frame1,20260824T000440-4d7d85d4,20260824T001411-43fc2a82,31.30926037,8000,steady,8000,562.140625,100876
frame1,20260824T000440-4d7d85d4,20260824T001411-43fc2a82,32.3099318,8000,steady,8000,562.0351563,100876
frame1,20260824T000440-4d7d85d4,20260824T001411-43fc2a82,33.32875961,8000,steady,8000,562.1484375,100876
frame1,20260824T000440-4d7d85d4,20260824T001411-43fc2a82,34.34518216,8000,steady,8000,561.4140625,100876
frame1,20260824T000440-4d7d85d4,20260824T001411-43fc2a82,35.36204817,8000,steady,8000,560.9257813,100876
frame1,20260824T000440-4d7d85d4,20260824T001411-43fc2a82,36.37841098,8000,steady,8000,560.8476563,100876
frame1,20260824T000440-4d7d85d4,20260824T001411-43fc2a82,37.39464649,8000,steady,8000,560.8476563,100876
frame1,20260824T000440-4d7d85d4,20260824T001411-43fc2a82,38.39569876,8000,steady,8000,560.8476563,100876
frame1,20260824T000440-4d7d85d4,20260824T001411-43fc2a82,39.41069617,8000,steady,8000,560.8476563,100876
frame1,20260824T000440-4d7d85d4,20260824T001411-43fc2a82,40.42585844,8000,steady,8000,561.0820313,100876
frame1,20260824T000440-4d7d85d4,20260824T001411-43fc2a82,41.42604455,8000,steady,8000,561.2773438,100876
frame1,20260824T000440-4d7d85d4,20260824T001411-43fc2a82,42.42604614,8000,steady,8000,561.4882813,100876
frame1,20260824T000440-4d7d85d4,20260824T001411-43fc2a82,43.4412929,8000,steady,8000,561.8828125,100876
frame1,20260824T000440-4d7d85d4,20260824T001411-43fc2a82,44.44604817,8000,steady,8000,561.8828125,100876
frame1,20260824T000440-4d7d85d4,20260824T001411-43fc2a82,45.45980913,8000,steady,8000,561.8828125,100876
frame1,20260824T000440-4d7d85d4,20260824T001411-43fc2a82,46.47705329,8000,steady,8000,561.890625,100876
frame1,20260824T000440-4d7d85d4,20260824T001411-43fc2a82,47.49257473,8000,steady,7999,562.0273438,100876
frame1,20260824T000440-4d7d85d4,20260824T001411-43fc2a82,48.50998586,8000,steady,8000,562.0273438,100876
frame1,20260824T000440-4d7d85d4,20260824T001411-43fc2a82,49.51019424,8000,steady,8000,562.0351563,100876
frame1,20260824T000440-4d7d85d4,20260824T001411-43fc2a82,50.51272723,8000,steady,8000,562.0351563,100876
frame1,20260824T000440-4d7d85d4,20260824T001411-43fc2a82,51.52453788,8000,steady,8000,562.0351563,100876
frame1,20260824T000440-4d7d85d4,20260824T001411-43fc2a82,52.52590374,8000,steady,8000,562.0351563,100876
frame1,20260824T000440-4d7d85d4,20260824T001411-43fc2a82,53.54330671,8000,steady,8000,562.0351563,100876
frame1,20260824T000440-4d7d85d4,20260824T001411-43fc2a82,54.54499016,8000,steady,8000,562.0351563,100876
frame1,20260824T000440-4d7d85d4,20260824T001411-43fc2a82,55.55869868,8000,steady,8000,562.0351563,100876
frame1,20260824T000440-4d7d85d4,20260824T001411-43fc2a82,56.57441137,8000,steady,8000,562.0351563,100876
frame1,20260824T000440-4d7d85d4,20260824T001411-43fc2a82,57.57452274,8000,steady,8000,562.0351563,100876
frame1,20260824T000440-4d7d85d4,20260824T001411-43fc2a82,58.5929615,8000,steady,8000,562.0703125,100876
frame1,20260824T000440-4d7d85d4,20260824T001411-43fc2a82,59.60860207,8000,steady,8000,562.0703125,100876
frame1,20260824T000440-4d7d85d4,20260824T001604-77ae1507,0.028969659,10000,steady,9998,565.1445313,100876
frame1,20260824T000440-4d7d85d4,20260824T001604-77ae1507,1.032010567,10000,steady,10000,565.1445313,100876
frame1,20260824T000440-4d7d85d4,20260824T001604-77ae1507,2.032820288,10000,steady,9998,565.1445313,100876
frame1,20260824T000440-4d7d85d4,20260824T001604-77ae1507,3.045482113,10000,steady,9993,565.1484375,100876
frame1,20260824T000440-4d7d85d4,20260824T001604-77ae1507,4.06262231,10000,steady,9995,565.1484375,100876
frame1,20260824T000440-4d7d85d4,20260824T001604-77ae1507,5.063243284,10000,steady,9996,565.15625,100876
frame1,20260824T000440-4d7d85d4,20260824T001604-77ae1507,6.063989797,10000,steady,9999,565.2226563,100876
frame1,20260824T000440-4d7d85d4,20260824T001604-77ae1507,7.081258452,10000,steady,10000,565.2226563,100876
frame1,20260824T000440-4d7d85d4,20260824T001604-77ae1507,8.09745641,10000,steady,9997,565.2304688,100876
frame1,20260824T000440-4d7d85d4,20260824T001604-77ae1507,9.097985694,10000,steady,10000,565.2304688,100876
frame1,20260824T000440-4d7d85d4,20260824T001604-77ae1507,10.11264604,10000,steady,10000,565.2382813,100876
frame1,20260824T000440-4d7d85d4,20260824T001604-77ae1507,11.13049639,10000,steady,10000,565.78125,100876
frame1,20260824T000440-4d7d85d4,20260824T001604-77ae1507,12.14600657,10000,steady,10000,565.78125,100876
frame1,20260824T000440-4d7d85d4,20260824T001604-77ae1507,13.14667416,10000,steady,10000,565.7851563,100876
frame1,20260824T000440-4d7d85d4,20260824T001604-77ae1507,14.16114347,10000,steady,9993,565.7851563,100876
frame1,20260824T000440-4d7d85d4,20260824T001604-77ae1507,15.16233598,10000,steady,9996,565.7851563,100876
frame1,20260824T000440-4d7d85d4,20260824T001604-77ae1507,16.16239674,10000,steady,10000,565.7851563,100876
frame1,20260824T000440-4d7d85d4,20260824T001604-77ae1507,17.16304019,10000,steady,10000,565.7851563,100876
frame1,20260824T000440-4d7d85d4,20260824T001604-77ae1507,18.1638706,10000,steady,9998,565.7851563,100876
frame1,20260824T000440-4d7d85d4,20260824T001604-77ae1507,19.17717721,10000,steady,10000,571.8359375,100876
frame1,20260824T000440-4d7d85d4,20260824T001604-77ae1507,20.18177678,10000,steady,10000,571.8359375,100876
frame1,20260824T000440-4d7d85d4,20260824T001604-77ae1507,21.19527833,10000,steady,10000,571.8359375,100876
frame1,20260824T000440-4d7d85d4,20260824T001604-77ae1507,22.21193934,10000,steady,10000,571.8398438,100876
frame1,20260824T000440-4d7d85d4,20260824T001604-77ae1507,23.22559096,10000,steady,9997,571.8398438,100876
frame1,20260824T000440-4d7d85d4,20260824T001604-77ae1507,24.23097273,10000,steady,9999,571.84375,100876
frame1,20260824T000440-4d7d85d4,20260824T001604-77ae1507,25.24957998,10000,steady,9993,571.84375,100876
frame1,20260824T000440-4d7d85d4,20260824T001604-77ae1507,26.26480028,10000,steady,10000,571.84375,100876
frame1,20260824T000440-4d7d85d4,20260824T001604-77ae1507,27.27679886,10000,steady,10000,571.84375,100876
frame1,20260824T000440-4d7d85d4,20260824T001604-77ae1507,28.27828771,10000,steady,10000,571.84375,100876
frame1,20260824T000440-4d7d85d4,20260824T001604-77ae1507,29.27985048,10000,steady,10000,571.8476563,100876
frame1,20260824T000440-4d7d85d4,20260824T001604-77ae1507,30.2937404,10000,steady,10000,571.8476563,100876
frame1,20260824T000440-4d7d85d4,20260824T001604-77ae1507,31.29395931,10000,steady,10000,571.8476563,100876
frame1,20260824T000440-4d7d85d4,20260824T001604-77ae1507,32.29523777,10000,steady,9994,571.8476563,100876
frame1,20260824T000440-4d7d85d4,20260824T001604-77ae1507,33.296193,10000,steady,9997,571.8632813,100876
frame1,20260824T000440-4d7d85d4,20260824T001604-77ae1507,34.31175019,10000,steady,9990,571.8632813,100876
frame1,20260824T000440-4d7d85d4,20260824T001604-77ae1507,35.32814971,10000,steady,10000,571.8632813,100876
frame1,20260824T000440-4d7d85d4,20260824T001604-77ae1507,36.34325002,10000,steady,10000,571.9257813,100876
frame1,20260824T000440-4d7d85d4,20260824T001604-77ae1507,37.34569173,10000,steady,10000,571.9296875,100876
frame1,20260824T000440-4d7d85d4,20260824T001604-77ae1507,38.36408337,10000,steady,9999,571.9765625,100876
frame1,20260824T000440-4d7d85d4,20260824T001604-77ae1507,39.37844771,10000,steady,9999,571.9765625,100876
frame1,20260824T000440-4d7d85d4,20260824T001604-77ae1507,40.3967742,10000,steady,9997,571.9804688,100876
frame1,20260824T000440-4d7d85d4,20260824T001604-77ae1507,41.41614819,10000,steady,10000,571.9804688,100876
frame1,20260824T000440-4d7d85d4,20260824T001604-77ae1507,42.42758063,10000,steady,10000,571.9804688,100876
frame1,20260824T000440-4d7d85d4,20260824T001604-77ae1507,43.44498939,10000,steady,9996,571.9804688,100876
frame1,20260824T000440-4d7d85d4,20260824T001604-77ae1507,44.44572117,10000,steady,10000,571.9804688,100876
frame1,20260824T000440-4d7d85d4,20260824T001604-77ae1507,45.46064843,10000,steady,10000,571.984375,100876
frame1,20260824T000440-4d7d85d4,20260824T001604-77ae1507,46.46130312,10000,steady,10000,571.984375,100876
frame1,20260824T000440-4d7d85d4,20260824T001604-77ae1507,47.46162504,10000,steady,10000,571.984375,100876
frame1,20260824T000440-4d7d85d4,20260824T001604-77ae1507,48.47846747,10000,steady,9998,571.984375,100876
frame1,20260824T000440-4d7d85d4,20260824T001604-77ae1507,49.49671321,10000,steady,10000,571.9882813,100876
frame1,20260824T000440-4d7d85d4,20260824T001604-77ae1507,50.50998616,10000,steady,10000,571.9882813,100876
frame1,20260824T000440-4d7d85d4,20260824T001604-77ae1507,51.51172784,10000,steady,10000,571.9882813,100876
frame1,20260824T000440-4d7d85d4,20260824T001604-77ae1507,52.51225898,10000,steady,10000,571.9882813,100876
frame1,20260824T000440-4d7d85d4,20260824T001604-77ae1507,53.52688721,10000,steady,10000,571.9882813,100876
frame1,20260824T000440-4d7d85d4,20260824T001604-77ae1507,54.54403306,10000,steady,10000,571.9921875,100876
frame1,20260824T000440-4d7d85d4,20260824T001604-77ae1507,55.54541654,10000,steady,10000,571.9921875,100876
frame1,20260824T000440-4d7d85d4,20260824T001604-77ae1507,56.5623472,10000,steady,9999,572.0390625,100876
frame1,20260824T000440-4d7d85d4,20260824T001604-77ae1507,57.57635854,10000,steady,9999,572.0390625,100876
frame1,20260824T000440-4d7d85d4,20260824T001604-77ae1507,58.57728241,10000,steady,10000,572.046875,100876
frame1,20260824T000440-4d7d85d4,20260824T001604-77ae1507,59.59586349,10000,steady,9993,572.046875,100876
frame1,20260824T000440-4d7d85d4,20260824T001741-5017eab8,0.03386248695,12000,steady,12000,572.1054688,100876
frame1,20260824T000440-4d7d85d4,20260824T001741-5017eab8,1.041527106,12000,steady,11963,572.1054688,100876
frame1,20260824T000440-4d7d85d4,20260824T001741-5017eab8,2.044454205,12000,steady,11992,572.1054688,100876
frame1,20260824T000440-4d7d85d4,20260824T001741-5017eab8,3.048193726,12000,steady,11991,572.109375,100876
frame1,20260824T000440-4d7d85d4,20260824T001741-5017eab8,4.048397084,12000,steady,11965,572.109375,100876
frame1,20260824T000440-4d7d85d4,20260824T001741-5017eab8,5.061995109,12000,steady,11978,572.1132813,100876
frame1,20260824T000440-4d7d85d4,20260824T001741-5017eab8,6.074201769,12000,steady,11993,572.1132813,100876
frame1,20260824T000440-4d7d85d4,20260824T001741-5017eab8,7.078384604,12000,steady,11998,572.1132813,100876
frame1,20260824T000440-4d7d85d4,20260824T001741-5017eab8,8.083448141,12000,steady,11953,572.1132813,100876
frame1,20260824T000440-4d7d85d4,20260824T001741-5017eab8,9.089962672,12000,steady,11977,572.1132813,100876
frame1,20260824T000440-4d7d85d4,20260824T001741-5017eab8,10.09394092,12000,steady,11961,572.1132813,100876
frame1,20260824T000440-4d7d85d4,20260824T001741-5017eab8,11.10571578,12000,steady,11965,572.1132813,100876
frame1,20260824T000440-4d7d85d4,20260824T001741-5017eab8,12.11262886,12000,steady,11991,572.1835938,100876
frame1,20260824T000440-4d7d85d4,20260824T001741-5017eab8,13.12802451,12000,steady,11966,572.1835938,100876
frame1,20260824T000440-4d7d85d4,20260824T001741-5017eab8,14.13951784,12000,steady,11995,568.5820313,100876
frame1,20260824T000440-4d7d85d4,20260824T001741-5017eab8,15.14828367,12000,steady,11972,567.3359375,100876
frame1,20260824T000440-4d7d85d4,20260824T001741-5017eab8,16.16547498,12000,steady,11960,567.4609375,100876
frame1,20260824T000440-4d7d85d4,20260824T001741-5017eab8,17.1793531,12000,steady,11961,567.7304688,100876
frame1,20260824T000440-4d7d85d4,20260824T001741-5017eab8,18.19626039,12000,steady,11981,567.2226563,100876
frame1,20260824T000440-4d7d85d4,20260824T001741-5017eab8,19.20670577,12000,steady,11965,567.7304688,100876
frame1,20260824T000440-4d7d85d4,20260824T001741-5017eab8,20.22203739,12000,steady,11948,567.2226563,100876
frame1,20260824T000440-4d7d85d4,20260824T001741-5017eab8,21.22936502,12000,steady,11992,567.5507813,100876
frame1,20260824T000440-4d7d85d4,20260824T001741-5017eab8,22.23876226,12000,steady,11973,567.4492188,100876
frame1,20260824T000440-4d7d85d4,20260824T001741-5017eab8,23.24148579,12000,steady,11950,567.4492188,100876
frame1,20260824T000440-4d7d85d4,20260824T001741-5017eab8,24.24807135,12000,steady,11992,567.375,100876
frame1,20260824T000440-4d7d85d4,20260824T001741-5017eab8,25.2559018,12000,steady,11975,566.7265625,100876
frame1,20260824T000440-4d7d85d4,20260824T001741-5017eab8,26.2644776,12000,steady,11963,567.3476563,100876
frame1,20260824T000440-4d7d85d4,20260824T001741-5017eab8,27.27113553,12000,steady,12000,566.7265625,100876
frame1,20260824T000440-4d7d85d4,20260824T001741-5017eab8,28.27664028,12000,steady,11976,566.9804688,100876
frame1,20260824T000440-4d7d85d4,20260824T001741-5017eab8,29.28021065,12000,steady,11985,567.5546875,100876
frame1,20260824T000440-4d7d85d4,20260824T001741-5017eab8,30.29221872,12000,steady,11964,567.8789063,100876
frame1,20260824T000440-4d7d85d4,20260824T001741-5017eab8,31.30502163,12000,steady,11967,568.4335938,100876
frame1,20260824T000440-4d7d85d4,20260824T001741-5017eab8,32.31316633,12000,steady,12000,568.4335938,100876
frame1,20260824T000440-4d7d85d4,20260824T001741-5017eab8,33.32518673,12000,steady,11980,568.4335938,100876
frame1,20260824T000440-4d7d85d4,20260824T001741-5017eab8,34.33849829,12000,steady,11982,568.4335938,100876
frame1,20260824T000440-4d7d85d4,20260824T001741-5017eab8,35.35409122,12000,steady,11995,568.4335938,100876
frame1,20260824T000440-4d7d85d4,20260824T001741-5017eab8,36.3664521,12000,steady,12000,568.4335938,100876
frame1,20260824T000440-4d7d85d4,20260824T001741-5017eab8,37.37126995,12000,steady,11967,568.4726563,100876
frame1,20260824T000440-4d7d85d4,20260824T001741-5017eab8,38.37657801,12000,steady,11999,568.4882813,100876
frame1,20260824T000440-4d7d85d4,20260824T001741-5017eab8,39.38403479,12000,steady,11999,568.4882813,100876
frame1,20260824T000440-4d7d85d4,20260824T001741-5017eab8,40.39109973,12000,steady,11994,568.4882813,100876
frame1,20260824T000440-4d7d85d4,20260824T001741-5017eab8,41.40627308,12000,steady,11961,575.671875,100876
frame1,20260824T000440-4d7d85d4,20260824T001741-5017eab8,42.41868309,12000,steady,11975,575.7382813,100876
frame1,20260824T000440-4d7d85d4,20260824T001741-5017eab8,43.43157846,12000,steady,11974,575.7382813,100876
frame1,20260824T000440-4d7d85d4,20260824T001741-5017eab8,44.44526877,12000,steady,12000,575.7382813,100876
frame1,20260824T000440-4d7d85d4,20260824T001741-5017eab8,45.4543677,12000,steady,12000,575.7382813,100876
frame1,20260824T000440-4d7d85d4,20260824T001741-5017eab8,46.4619021,12000,steady,11987,575.7382813,100876
frame1,20260824T000440-4d7d85d4,20260824T001741-5017eab8,47.46872031,12000,steady,11995,575.7421875,100876
frame1,20260824T000440-4d7d85d4,20260824T001741-5017eab8,48.47091842,12000,steady,11994,575.75,100876
frame1,20260824T000440-4d7d85d4,20260824T001741-5017eab8,49.47208266,12000,steady,11990,575.7695313,100876
frame1,20260824T000440-4d7d85d4,20260824T001741-5017eab8,50.47329384,12000,steady,11982,575.7695313,100876
frame1,20260824T000440-4d7d85d4,20260824T001741-5017eab8,51.49398841,12000,steady,11964,575.7734375,100876
frame1,20260824T000440-4d7d85d4,20260824T001741-5017eab8,52.5031838,12000,steady,11988,575.7734375,100876
frame1,20260824T000440-4d7d85d4,20260824T001741-5017eab8,53.51201867,12000,steady,12000,575.7734375,100876
frame1,20260824T000440-4d7d85d4,20260824T001741-5017eab8,54.52679922,12000,steady,12000,575.7734375,100876
frame1,20260824T000440-4d7d85d4,20260824T001741-5017eab8,55.54138738,12000,steady,11967,575.7734375,100876
frame1,20260824T000440-4d7d85d4,20260824T001741-5017eab8,56.55513434,12000,steady,11977,575.7734375,100876
frame1,20260824T000440-4d7d85d4,20260824T001741-5017eab8,57.57055465,12000,steady,11993,575.8085938,100876
frame1,20260824T000440-4d7d85d4,20260824T001741-5017eab8,58.58110523,12000,steady,11991,575.8085938,100876
frame1,20260824T000440-4d7d85d4,20260824T001741-5017eab8,59.59457433,12000,steady,11961,575.8085938,100876
frame1,20260824T000440-4d7d85d4,20260824T001927-2d99269d,0.04366808198,14000,steady,13953,576.3046875,100876
frame1,20260824T000440-4d7d85d4,20260824T001927-2d99269d,1.044822831,14000,steady,13965,576.3046875,100876
frame1,20260824T000440-4d7d85d4,20260824T001927-2d99269d,2.045257926,14000,steady,13954,576.3085938,100876
frame1,20260824T000440-4d7d85d4,20260824T001927-2d99269d,3.063225815,14000,steady,13954,576.3085938,100876
frame1,20260824T000440-4d7d85d4,20260824T001927-2d99269d,4.066003055,14000,steady,13974,576.3085938,100876
frame1,20260824T000440-4d7d85d4,20260824T001927-2d99269d,5.075523184,14000,steady,13932,576.3085938,100876
frame1,20260824T000440-4d7d85d4,20260824T001927-2d99269d,6.079471712,14000,steady,13958,576.3085938,100876
frame1,20260824T000440-4d7d85d4,20260824T001927-2d99269d,7.087798014,14000,steady,13980,576.3085938,100876
frame1,20260824T000440-4d7d85d4,20260824T001927-2d99269d,8.103192429,14000,steady,13983,576.3085938,100876
frame1,20260824T000440-4d7d85d4,20260824T001927-2d99269d,9.116942343,14000,steady,13978,576.3085938,100876
frame1,20260824T000440-4d7d85d4,20260824T001927-2d99269d,10.12641673,14000,steady,13983,576.3085938,100876
frame1,20260824T000440-4d7d85d4,20260824T001927-2d99269d,11.13596227,14000,steady,13997,576.3085938,100876
frame1,20260824T000440-4d7d85d4,20260824T001927-2d99269d,12.15027387,14000,steady,13976,576.3085938,100876
frame1,20260824T000440-4d7d85d4,20260824T001927-2d99269d,13.16575913,14000,steady,13961,571.9453125,100876
frame1,20260824T000440-4d7d85d4,20260824T001927-2d99269d,14.17027481,14000,steady,14000,570.9570313,100876
frame1,20260824T000440-4d7d85d4,20260824T001927-2d99269d,15.18363932,14000,steady,13990,571.671875,100876
frame1,20260824T000440-4d7d85d4,20260824T001927-2d99269d,16.18740113,14000,steady,13957,571.671875,100876
frame1,20260824T000440-4d7d85d4,20260824T001927-2d99269d,17.19911369,14000,steady,13986,571.671875,100876
frame1,20260824T000440-4d7d85d4,20260824T001927-2d99269d,18.21677859,14000,steady,13982,571.7851563,100876
frame1,20260824T000440-4d7d85d4,20260824T001927-2d99269d,19.21993148,14000,steady,13971,572.2929688,100876
frame1,20260824T000440-4d7d85d4,20260824T001927-2d99269d,20.22207138,14000,steady,13961,572.2929688,100876
frame1,20260824T000440-4d7d85d4,20260824T001927-2d99269d,21.23777378,14000,steady,13948,572.3554688,100876
frame1,20260824T000440-4d7d85d4,20260824T001927-2d99269d,22.25336441,14000,steady,13969,572.3554688,100876
frame1,20260824T000440-4d7d85d4,20260824T001927-2d99269d,23.25561977,14000,steady,13966,572.3554688,100876
frame1,20260824T000440-4d7d85d4,20260824T001927-2d99269d,24.27307129,14000,steady,13984,572.3554688,100876
frame1,20260824T000440-4d7d85d4,20260824T001927-2d99269d,25.29222295,14000,steady,13961,572.3554688,100876
frame1,20260824T000440-4d7d85d4,20260824T001927-2d99269d,26.29497196,14000,steady,13972,572.4257813,100876
frame1,20260824T000440-4d7d85d4,20260824T001927-2d99269d,27.30920105,14000,steady,13960,572.4257813,100876
frame1,20260824T000440-4d7d85d4,20260824T001927-2d99269d,28.33264217,14000,steady,13981,572.4257813,100876
frame1,20260824T000440-4d7d85d4,20260824T001927-2d99269d,29.34359219,14000,steady,14000,572.4257813,100876
frame1,20260824T000440-4d7d85d4,20260824T001927-2d99269d,30.35603194,14000,steady,14000,572.4257813,100876
frame1,20260824T000440-4d7d85d4,20260824T001927-2d99269d,31.35997554,14000,steady,13943,572.4257813,100876
frame1,20260824T000440-4d7d85d4,20260824T001927-2d99269d,32.37369499,14000,steady,13946,572.4257813,100876
frame1,20260824T000440-4d7d85d4,20260824T001927-2d99269d,33.39132898,14000,steady,13939,572.4257813,100876
frame1,20260824T000440-4d7d85d4,20260824T001927-2d99269d,34.40193451,14000,steady,13977,572.4257813,100876
frame1,20260824T000440-4d7d85d4,20260824T001927-2d99269d,35.4095239,14000,steady,13994,572.4257813,100876
frame1,20260824T000440-4d7d85d4,20260824T001927-2d99269d,36.41903274,14000,steady,13998,572.4257813,100876
frame1,20260824T000440-4d7d85d4,20260824T001927-2d99269d,37.42948461,14000,steady,13992,572.4257813,100876
frame1,20260824T000440-4d7d85d4,20260824T001927-2d99269d,38.43372862,14000,steady,13992,572.4257813,100876
frame1,20260824T000440-4d7d85d4,20260824T001927-2d99269d,39.44711005,14000,steady,14000,572.4257813,100876
frame1,20260824T000440-4d7d85d4,20260824T001927-2d99269d,40.46622447,14000,steady,13977,572.4257813,100876
frame1,20260824T000440-4d7d85d4,20260824T001927-2d99269d,41.47298268,14000,steady,13936,572.6054688,100876
frame1,20260824T000440-4d7d85d4,20260824T001927-2d99269d,42.48887848,14000,steady,13978,572.6054688,100876
frame1,20260824T000440-4d7d85d4,20260824T001927-2d99269d,43.5127848,14000,steady,13957,572.6054688,100876
frame1,20260824T000440-4d7d85d4,20260824T001927-2d99269d,44.52795485,14000,steady,14000,572.6484375,100876
frame1,20260824T000440-4d7d85d4,20260824T001927-2d99269d,45.53025798,14000,steady,13958,572.6484375,100876
frame1,20260824T000440-4d7d85d4,20260824T001927-2d99269d,46.54533287,14000,steady,13950,572.6484375,100876
frame1,20260824T000440-4d7d85d4,20260824T001927-2d99269d,47.55658059,14000,steady,13948,572.6484375,100876
frame1,20260824T000440-4d7d85d4,20260824T001927-2d99269d,48.55843706,14000,steady,13957,572.6484375,100876
frame1,20260824T000440-4d7d85d4,20260824T001927-2d99269d,49.57427839,14000,steady,13994,572.6484375,100876
frame1,20260824T000440-4d7d85d4,20260824T001927-2d99269d,50.58793329,14000,steady,13997,572.6484375,100876
frame1,20260824T000440-4d7d85d4,20260824T001927-2d99269d,51.601093,14000,steady,13974,572.6484375,100876
frame1,20260824T000440-4d7d85d4,20260824T001927-2d99269d,52.61716825,14000,steady,13982,572.6484375,100876
frame1,20260824T000440-4d7d85d4,20260824T001927-2d99269d,53.6282959,14000,steady,13964,572.6484375,100876
frame1,20260824T000440-4d7d85d4,20260824T001927-2d99269d,54.64371957,14000,steady,14000,572.6484375,100876
frame1,20260824T000440-4d7d85d4,20260824T001927-2d99269d,55.65628814,14000,steady,13984,575.8203125,100876
frame1,20260824T000440-4d7d85d4,20260824T001927-2d99269d,56.66126331,14000,steady,14000,575.8203125,100876
frame1,20260824T000440-4d7d85d4,20260824T001927-2d99269d,57.67148085,14000,steady,13956,575.8203125,100876
frame1,20260824T000440-4d7d85d4,20260824T001927-2d99269d,58.68651817,14000,steady,13948,575.8203125,100876
frame1,20260824T000440-4d7d85d4,20260824T001927-2d99269d,59.68771174,14000,steady,13964,575.8203125,100876
frame1,20260824T000440-4d7d85d4,20260824T002111-4b1e7b5b,0.046356334,16000,steady,15926,575.9375,100876
frame1,20260824T000440-4d7d85d4,20260824T002111-4b1e7b5b,1.066763626,16000,steady,16000,575.9375,100876
frame1,20260824T000440-4d7d85d4,20260824T002111-4b1e7b5b,2.080338151,16000,steady,15939,575.9375,100876
frame1,20260824T000440-4d7d85d4,20260824T002111-4b1e7b5b,3.088739741,16000,steady,15928,575.9375,100876
frame1,20260824T000440-4d7d85d4,20260824T002111-4b1e7b5b,4.100906672,16000,steady,15934,575.9375,100876
frame1,20260824T000440-4d7d85d4,20260824T002111-4b1e7b5b,5.101325318,16000,steady,15987,575.9375,100876
frame1,20260824T000440-4d7d85d4,20260824T002111-4b1e7b5b,6.116973201,16000,steady,15961,575.9375,100876
frame1,20260824T000440-4d7d85d4,20260824T002111-4b1e7b5b,7.120813,16000,steady,15923,575.9375,100876
frame1,20260824T000440-4d7d85d4,20260824T002111-4b1e7b5b,8.14330041,16000,steady,15949,575.9375,100876
frame1,20260824T000440-4d7d85d4,20260824T002111-4b1e7b5b,9.165288535,16000,steady,15932,575.9375,100876
frame1,20260824T000440-4d7d85d4,20260824T002111-4b1e7b5b,10.18694087,16000,steady,15942,575.9375,100876
frame1,20260824T000440-4d7d85d4,20260824T002111-4b1e7b5b,11.18843536,16000,steady,16000,575.9375,100876
frame1,20260824T000440-4d7d85d4,20260824T002111-4b1e7b5b,12.19407237,16000,steady,15987,575.9375,100876
frame1,20260824T000440-4d7d85d4,20260824T002111-4b1e7b5b,13.19559454,16000,steady,15976,575.9375,100876
frame1,20260824T000440-4d7d85d4,20260824T002111-4b1e7b5b,14.20344681,16000,steady,15969,575.9375,100876
frame1,20260824T000440-4d7d85d4,20260824T002111-4b1e7b5b,15.21114662,16000,steady,15983,575.9375,100876
frame1,20260824T000440-4d7d85d4,20260824T002111-4b1e7b5b,16.22525824,16000,steady,15960,575.9375,100876
frame1,20260824T000440-4d7d85d4,20260824T002111-4b1e7b5b,17.23705323,16000,steady,15961,575.9375,100876
frame1,20260824T000440-4d7d85d4,20260824T002111-4b1e7b5b,18.25820339,16000,steady,15970,575.9375,100876
frame1,20260824T000440-4d7d85d4,20260824T002111-4b1e7b5b,19.26396259,16000,steady,15993,575.9375,100876
frame1,20260824T000440-4d7d85d4,20260824T002111-4b1e7b5b,20.27135883,16000,steady,15990,575.9375,100876
frame1,20260824T000440-4d7d85d4,20260824T002111-4b1e7b5b,21.28879057,16000,steady,15982,575.9375,100876
frame1,20260824T000440-4d7d85d4,20260824T002111-4b1e7b5b,22.30328195,16000,steady,15994,575.9375,100876
frame1,20260824T000440-4d7d85d4,20260824T002111-4b1e7b5b,23.32217865,16000,steady,15964,575.9375,100876
frame1,20260824T000440-4d7d85d4,20260824T002111-4b1e7b5b,24.33915922,16000,steady,15930,575.9375,100876
frame1,20260824T000440-4d7d85d4,20260824T002111-4b1e7b5b,25.34649235,16000,steady,15988,575.9375,100876
frame1,20260824T000440-4d7d85d4,20260824T002111-4b1e7b5b,26.35904165,16000,steady,16000,575.9375,100876
frame1,20260824T000440-4d7d85d4,20260824T002111-4b1e7b5b,27.37496819,16000,steady,16000,575.9375,100876
frame1,20260824T000440-4d7d85d4,20260824T002111-4b1e7b5b,28.39321415,16000,steady,15964,575.9375,100876
frame1,20260824T000440-4d7d85d4,20260824T002111-4b1e7b5b,29.4010188,16000,steady,15963,575.9375,100876
frame1,20260824T000440-4d7d85d4,20260824T002111-4b1e7b5b,30.42583331,16000,steady,15982,576.0039063,100876
frame1,20260824T000440-4d7d85d4,20260824T002111-4b1e7b5b,31.42853319,16000,steady,15954,576.0039063,100876
frame1,20260824T000440-4d7d85d4,20260824T002111-4b1e7b5b,32.43689406,16000,steady,15990,576.0039063,100876
frame1,20260824T000440-4d7d85d4,20260824T002111-4b1e7b5b,33.45709414,16000,steady,16000,576.0039063,100876
frame1,20260824T000440-4d7d85d4,20260824T002111-4b1e7b5b,34.46475458,16000,steady,15984,576.0039063,100876
frame1,20260824T000440-4d7d85d4,20260824T002111-4b1e7b5b,35.47704273,16000,steady,15978,576.0039063,100876
frame1,20260824T000440-4d7d85d4,20260824T002111-4b1e7b5b,36.48776055,16000,steady,15940,576.0039063,100876
frame1,20260824T000440-4d7d85d4,20260824T002111-4b1e7b5b,37.50926288,16000,steady,15993,576.0039063,100876
frame1,20260824T000440-4d7d85d4,20260824T002111-4b1e7b5b,38.5309934,16000,steady,15978,576.0078125,100876
frame1,20260824T000440-4d7d85d4,20260824T002111-4b1e7b5b,39.53510025,16000,steady,15977,576.0078125,100876
frame1,20260824T000440-4d7d85d4,20260824T002111-4b1e7b5b,40.54322967,16000,steady,15974,576.0078125,100876
frame1,20260824T000440-4d7d85d4,20260824T002111-4b1e7b5b,41.56081347,16000,steady,15927,576.0078125,100876
frame1,20260824T000440-4d7d85d4,20260824T002111-4b1e7b5b,42.56598363,16000,steady,15969,576.0078125,100876
frame1,20260824T000440-4d7d85d4,20260824T002111-4b1e7b5b,43.5800199,16000,steady,15978,576.0078125,100876
frame1,20260824T000440-4d7d85d4,20260824T002111-4b1e7b5b,44.58585538,16000,steady,15922,576.0078125,100876
frame1,20260824T000440-4d7d85d4,20260824T002111-4b1e7b5b,45.61106458,16000,steady,15940,576.0078125,100876
frame1,20260824T000440-4d7d85d4,20260824T002111-4b1e7b5b,46.62374027,16000,steady,15917,576.0078125,100876
frame1,20260824T000440-4d7d85d4,20260824T002111-4b1e7b5b,47.64136599,16000,steady,15994,576.0078125,100876
frame1,20260824T000440-4d7d85d4,20260824T002111-4b1e7b5b,48.65600721,16000,steady,15985,576.0078125,100876
frame1,20260824T000440-4d7d85d4,20260824T002111-4b1e7b5b,49.67018139,16000,steady,15974,576.0078125,100876
frame1,20260824T000440-4d7d85d4,20260824T002111-4b1e7b5b,50.67878704,16000,steady,15992,576.0078125,100876
frame1,20260824T000440-4d7d85d4,20260824T002111-4b1e7b5b,51.69946746,16000,steady,15993,576.0078125,100876
frame1,20260824T000440-4d7d85d4,20260824T002111-4b1e7b5b,52.71500103,16000,steady,15984,576.0078125,100876
frame1,20260824T000440-4d7d85d4,20260824T002111-4b1e7b5b,53.72963407,16000,steady,15984,576.0078125,100876
frame1,20260824T000440-4d7d85d4,20260824T002111-4b1e7b5b,54.74864141,16000,steady,15993,576.0078125,100876
frame1,20260824T000440-4d7d85d4,20260824T002111-4b1e7b5b,55.76120243,16000,steady,15952,576.0078125,100876
frame1,20260824T000440-4d7d85d4,20260824T002111-4b1e7b5b,56.76395059,16000,steady,15953,576.0078125,100876
frame1,20260824T000440-4d7d85d4,20260824T002111-4b1e7b5b,57.78397369,16000,steady,15974,576.0078125,100876
frame1,20260824T000440-4d7d85d4,20260824T002111-4b1e7b5b,58.80506826,16000,steady,15995,576.0078125,100876
frame1,20260824T000440-4d7d85d4,20260824T002111-4b1e7b5b,59.81207789,16000,steady,15928,576.0078125,100876
frame1,20260824T000440-4d7d85d4,20260824T002252-4d62d56a,0.04613476596,18000,steady,17963,578.7578125,100876
frame1,20260824T000440-4d7d85d4,20260824T002252-4d62d56a,1.057584004,18000,steady,17931,578.7578125,100876
frame1,20260824T000440-4d7d85d4,20260824T002252-4d62d56a,2.07383455,18000,steady,17985,578.7578125,100876
frame1,20260824T000440-4d7d85d4,20260824T002252-4d62d56a,3.086095659,18000,steady,17932,578.7578125,100876
frame1,20260824T000440-4d7d85d4,20260824T002252-4d62d56a,4.089691511,18000,steady,17998,578.7578125,100876
frame1,20260824T000440-4d7d85d4,20260824T002252-4d62d56a,5.114618995,18000,steady,17953,578.7578125,100876
frame1,20260824T000440-4d7d85d4,20260824T002252-4d62d56a,6.117763822,18000,steady,17950,578.7578125,100876
frame1,20260824T000440-4d7d85d4,20260824T002252-4d62d56a,7.12359477,18000,steady,18000,578.7578125,100876
frame1,20260824T000440-4d7d85d4,20260824T002252-4d62d56a,8.125875046,18000,steady,17968,578.7578125,100876
frame1,20260824T000440-4d7d85d4,20260824T002252-4d62d56a,9.148257657,18000,steady,17930,578.7578125,100876
frame1,20260824T000440-4d7d85d4,20260824T002252-4d62d56a,10.15094835,18000,steady,17992,578.7578125,100876
frame1,20260824T000440-4d7d85d4,20260824T002252-4d62d56a,11.16361186,18000,steady,17967,578.7578125,100876
frame1,20260824T000440-4d7d85d4,20260824T002252-4d62d56a,12.1788892,18000,steady,17987,578.7578125,100876
frame1,20260824T000440-4d7d85d4,20260824T002252-4d62d56a,13.1905424,18000,steady,17939,578.7578125,100876
frame1,20260824T000440-4d7d85d4,20260824T002252-4d62d56a,14.20155673,18000,steady,17911,578.7578125,100876
frame1,20260824T000440-4d7d85d4,20260824T002252-4d62d56a,15.20233143,18000,steady,17929,578.7578125,100876
frame1,20260824T000440-4d7d85d4,20260824T002252-4d62d56a,16.20911158,18000,steady,17926,578.7578125,100876
frame1,20260824T000440-4d7d85d4,20260824T002252-4d62d56a,17.23048234,18000,steady,17991,578.7578125,100876
frame1,20260824T000440-4d7d85d4,20260824T002252-4d62d56a,18.24131996,18000,steady,17953,578.7578125,100876
frame1,20260824T000440-4d7d85d4,20260824T002252-4d62d56a,19.2580522,18000,steady,17978,578.7578125,100876
frame1,20260824T000440-4d7d85d4,20260824T002252-4d62d56a,20.2703421,18000,steady,17914,578.7578125,100876
frame1,20260824T000440-4d7d85d4,20260824T002252-4d62d56a,21.28016242,18000,steady,17943,578.7578125,100876
frame1,20260824T000440-4d7d85d4,20260824T002252-4d62d56a,22.29545122,18000,steady,17954,578.7578125,100876
frame1,20260824T000440-4d7d85d4,20260824T002252-4d62d56a,23.32026873,18000,steady,17999,578.7578125,100876
frame1,20260824T000440-4d7d85d4,20260824T002252-4d62d56a,24.32590718,18000,steady,17962,578.7578125,100876
frame1,20260824T000440-4d7d85d4,20260824T002252-4d62d56a,25.34882135,18000,steady,17998,578.7578125,100876
frame1,20260824T000440-4d7d85d4,20260824T002252-4d62d56a,26.36219802,18000,steady,17934,578.7578125,100876
frame1,20260824T000440-4d7d85d4,20260824T002252-4d62d56a,27.38635799,18000,steady,17981,578.7578125,100876
frame1,20260824T000440-4d7d85d4,20260824T002252-4d62d56a,28.39974352,18000,steady,17946,578.7578125,100876
frame1,20260824T000440-4d7d85d4,20260824T002252-4d62d56a,29.40131421,18000,steady,17978,578.7578125,100876
frame1,20260824T000440-4d7d85d4,20260824T002252-4d62d56a,30.42301274,18000,steady,17912,578.7578125,100876
frame1,20260824T000440-4d7d85d4,20260824T002252-4d62d56a,31.42679108,18000,steady,17926,578.7578125,100876
frame1,20260824T000440-4d7d85d4,20260824T002252-4d62d56a,32.44289888,18000,steady,18000,578.7578125,100876
frame1,20260824T000440-4d7d85d4,20260824T002252-4d62d56a,33.46632787,18000,steady,17973,578.7578125,100876
frame1,20260824T000440-4d7d85d4,20260824T002252-4d62d56a,34.48378877,18000,steady,17934,578.7578125,100876
frame1,20260824T000440-4d7d85d4,20260824T002252-4d62d56a,35.48485729,18000,steady,18000,578.7578125,100876
frame1,20260824T000440-4d7d85d4,20260824T002252-4d62d56a,36.48490996,18000,steady,17981,578.7578125,100876
frame1,20260824T000440-4d7d85d4,20260824T002252-4d62d56a,37.49047806,18000,steady,18000,578.7578125,100876
frame1,20260824T000440-4d7d85d4,20260824T002252-4d62d56a,38.49608602,18000,steady,17994,578.7578125,100876
frame1,20260824T000440-4d7d85d4,20260824T002252-4d62d56a,39.5167125,18000,steady,18000,578.7578125,100876
frame1,20260824T000440-4d7d85d4,20260824T002252-4d62d56a,40.51956611,18000,steady,17942,578.7578125,100876
frame1,20260824T000440-4d7d85d4,20260824T002252-4d62d56a,41.52173455,18000,steady,17925,578.7578125,100876
frame1,20260824T000440-4d7d85d4,20260824T002252-4d62d56a,42.53830393,18000,steady,17904,578.7578125,100876
frame1,20260824T000440-4d7d85d4,20260824T002252-4d62d56a,43.54178488,18000,steady,18000,578.7578125,100876
frame1,20260824T000440-4d7d85d4,20260824T002252-4d62d56a,44.56124725,18000,steady,17991,578.7578125,100876
frame1,20260824T000440-4d7d85d4,20260824T002252-4d62d56a,45.58199366,18000,steady,17923,578.7578125,100876
frame1,20260824T000440-4d7d85d4,20260824T002252-4d62d56a,46.60138367,18000,steady,17918,578.7578125,100876
frame1,20260824T000440-4d7d85d4,20260824T002252-4d62d56a,47.61455266,18000,steady,17979,578.7578125,100876
frame1,20260824T000440-4d7d85d4,20260824T002252-4d62d56a,48.62600287,18000,steady,17969,578.7578125,100876
frame1,20260824T000440-4d7d85d4,20260824T002252-4d62d56a,49.62697397,18000,steady,17969,578.8203125,100876
frame1,20260824T000440-4d7d85d4,20260824T002252-4d62d56a,50.65181838,18000,steady,17946,578.8203125,100876
frame1,20260824T000440-4d7d85d4,20260824T002252-4d62d56a,51.66175702,18000,steady,17925,578.8203125,100876
frame1,20260824T000440-4d7d85d4,20260824T002252-4d62d56a,52.67410546,18000,steady,17962,578.8203125,100876
frame1,20260824T000440-4d7d85d4,20260824T002252-4d62d56a,53.69181042,18000,steady,18000,578.8203125,100876
frame1,20260824T000440-4d7d85d4,20260824T002252-4d62d56a,54.70745749,18000,steady,18000,578.8203125,100876
frame1,20260824T000440-4d7d85d4,20260824T002252-4d62d56a,55.72142725,18000,steady,18000,578.8203125,100876
frame1,20260824T000440-4d7d85d4,20260824T002252-4d62d56a,56.73091234,18000,steady,17983,578.8203125,100876
frame1,20260824T000440-4d7d85d4,20260824T002252-4d62d56a,57.74088907,18000,steady,17982,578.8203125,100876
frame1,20260824T000440-4d7d85d4,20260824T002252-4d62d56a,58.76854439,18000,steady,18000,578.8203125,100876
frame1,20260824T000440-4d7d85d4,20260824T002252-4d62d56a,59.79293304,18000,steady,17936,578.8203125,100876
frame1,20260824T000440-4d7d85d4,20260824T002436-4ca01282,0.05210096191,20000,steady,19972,582.953125,100876
frame1,20260824T000440-4d7d85d4,20260824T002436-4ca01282,1.073878889,20000,steady,19938,582.953125,100876
frame1,20260824T000440-4d7d85d4,20260824T002436-4ca01282,2.095134722,20000,steady,20000,582.953125,100876
frame1,20260824T000440-4d7d85d4,20260824T002436-4ca01282,3.115602533,20000,steady,19901,582.953125,100876
frame1,20260824T000440-4d7d85d4,20260824T002436-4ca01282,4.127404157,20000,steady,19902,582.953125,100876
frame1,20260824T000440-4d7d85d4,20260824T002436-4ca01282,5.141457867,20000,steady,20000,582.953125,100876
frame1,20260824T000440-4d7d85d4,20260824T002436-4ca01282,6.165768328,20000,steady,19990,575.4375,100876
frame1,20260824T000440-4d7d85d4,20260824T002436-4ca01282,7.169497918,20000,steady,19999,575.2070313,100876
frame1,20260824T000440-4d7d85d4,20260824T002436-4ca01282,8.182137953,20000,steady,19982,574.5898438,100876
frame1,20260824T000440-4d7d85d4,20260824T002436-4ca01282,9.1881495,20000,steady,19976,574.6601563,100876
frame1,20260824T000440-4d7d85d4,20260824T002436-4ca01282,10.19992007,20000,steady,20000,574.6054688,100876
frame1,20260824T000440-4d7d85d4,20260824T002436-4ca01282,11.20205845,20000,steady,19993,574.7890625,100876
frame1,20260824T000440-4d7d85d4,20260824T002436-4ca01282,12.24470186,20000,steady,19951,575.671875,100876
frame1,20260824T000440-4d7d85d4,20260824T002436-4ca01282,13.26078211,20000,steady,19876,574.6640625,100876
frame1,20260824T000440-4d7d85d4,20260824T002436-4ca01282,14.28207457,20000,steady,19983,574.6640625,100876
frame1,20260824T000440-4d7d85d4,20260824T002436-4ca01282,15.28927665,20000,steady,19927,574.59375,100876
frame1,20260824T000440-4d7d85d4,20260824T002436-4ca01282,16.31042492,20000,steady,19884,574.6054688,100876
frame1,20260824T000440-4d7d85d4,20260824T002436-4ca01282,17.32878891,20000,steady,19963,575.8984375,100876
frame1,20260824T000440-4d7d85d4,20260824T002436-4ca01282,18.34683059,20000,steady,19906,574.5976563,100876
frame1,20260824T000440-4d7d85d4,20260824T002436-4ca01282,19.35706204,20000,steady,19977,574.9414063,100876
frame1,20260824T000440-4d7d85d4,20260824T002436-4ca01282,20.37788009,20000,steady,19981,574.9414063,100876
frame1,20260824T000440-4d7d85d4,20260824T002436-4ca01282,21.38244326,20000,steady,19947,575.953125,100876
frame1,20260824T000440-4d7d85d4,20260824T002436-4ca01282,22.38586773,20000,steady,19960,574.9453125,100876
frame1,20260824T000440-4d7d85d4,20260824T002436-4ca01282,23.39245975,20000,steady,20000,574.140625,100876
frame1,20260824T000440-4d7d85d4,20260824T002436-4ca01282,24.40207828,20000,steady,19977,574.1523438,100876
frame1,20260824T000440-4d7d85d4,20260824T002436-4ca01282,25.40831294,20000,steady,20000,574.2226563,100876
frame1,20260824T000440-4d7d85d4,20260824T002436-4ca01282,26.42467576,20000,steady,19907,574.1523438,100876
frame1,20260824T000440-4d7d85d4,20260824T002436-4ca01282,27.45283438,20000,steady,19959,574.28125,100876
frame1,20260824T000440-4d7d85d4,20260824T002436-4ca01282,28.45325608,20000,steady,19904,574.2421875,100876
frame1,20260824T000440-4d7d85d4,20260824T002436-4ca01282,29.46057529,20000,steady,19960,574.2148438,100876
frame1,20260824T000440-4d7d85d4,20260824T002436-4ca01282,30.48530829,20000,steady,19951,575.234375,100876
frame1,20260824T000440-4d7d85d4,20260824T002436-4ca01282,31.49365727,20000,steady,19992,574.2304688,100876
frame1,20260824T000440-4d7d85d4,20260824T002436-4ca01282,32.51510619,20000,steady,19976,574.1484375,100876
frame1,20260824T000440-4d7d85d4,20260824T002436-4ca01282,33.51948915,20000,steady,19917,574.1601563,100876
frame1,20260824T000440-4d7d85d4,20260824T002436-4ca01282,34.52212318,20000,steady,19923,574.2304688,100876
frame1,20260824T000440-4d7d85d4,20260824T002436-4ca01282,35.5262843,20000,steady,19995,574.7109375,100876
frame1,20260824T000440-4d7d85d4,20260824T002436-4ca01282,36.54515321,20000,steady,19982,574.2304688,100876
frame1,20260824T000440-4d7d85d4,20260824T002436-4ca01282,37.56574986,20000,steady,19913,574.2304688,100876
frame1,20260824T000440-4d7d85d4,20260824T002436-4ca01282,38.57242397,20000,steady,19958,574.2460938,100876
frame1,20260824T000440-4d7d85d4,20260824T002436-4ca01282,39.58737085,20000,steady,19963,574.234375,100876
frame1,20260824T000440-4d7d85d4,20260824T002436-4ca01282,40.60909504,20000,steady,19976,574.234375,100876
frame1,20260824T000440-4d7d85d4,20260824T002436-4ca01282,41.63168793,20000,steady,19963,574.1757813,100876
frame1,20260824T000440-4d7d85d4,20260824T002436-4ca01282,42.64256452,20000,steady,19873,574.1757813,100876
frame1,20260824T000440-4d7d85d4,20260824T002436-4ca01282,43.65115893,20000,steady,19883,574.4296875,100876
frame1,20260824T000440-4d7d85d4,20260824T002436-4ca01282,44.68090218,20000,steady,19956,574.1640625,100876
frame1,20260824T000440-4d7d85d4,20260824T002436-4ca01282,45.70653474,20000,steady,19972,574.234375,100876
frame1,20260824T000440-4d7d85d4,20260824T002436-4ca01282,46.72680454,20000,steady,19984,574.2460938,100876
frame1,20260824T000440-4d7d85d4,20260824T002436-4ca01282,47.72829605,20000,steady,19992,574.3632813,100876
frame1,20260824T000440-4d7d85d4,20260824T002436-4ca01282,48.75254283,20000,steady,19891,574.2382813,100876
frame1,20260824T000440-4d7d85d4,20260824T002436-4ca01282,49.78458988,20000,steady,19992,574.25,100876
frame1,20260824T000440-4d7d85d4,20260824T002436-4ca01282,50.79293319,20000,steady,19893,574.1679688,100876
frame1,20260824T000440-4d7d85d4,20260824T002436-4ca01282,51.82777527,20000,steady,19999,574.1914063,100876
frame1,20260824T000440-4d7d85d4,20260824T002436-4ca01282,52.83636608,20000,steady,19993,574.28125,100876
frame1,20260824T000440-4d7d85d4,20260824T002436-4ca01282,53.8450795,20000,steady,19966,574.1679688,100876
frame1,20260824T000440-4d7d85d4,20260824T002436-4ca01282,54.87503554,20000,steady,19976,574.2617188,100876
frame1,20260824T000440-4d7d85d4,20260824T002436-4ca01282,55.8832806,20000,steady,19986,574.203125,100876
frame1,20260824T000440-4d7d85d4,20260824T002436-4ca01282,56.90106905,20000,steady,19984,574.1796875,100876
frame1,20260824T000440-4d7d85d4,20260824T002436-4ca01282,57.90130738,20000,steady,19960,575.2070313,100876
frame1,20260824T000440-4d7d85d4,20260824T002436-4ca01282,58.92503048,20000,steady,19956,574.109375,100876
frame1,20260824T000440-4d7d85d4,20260824T002436-4ca01282,59.93756391,20000,steady,20000,574.1210938,100876
frame1_recheck,20260824T000440-4d7d85d4,20260824T002640-d4c89511,0.02024353307,2000,steady,2000,573.1796875,100876
frame1_recheck,20260824T000440-4d7d85d4,20260824T002640-d4c89511,1.035930515,2000,steady,2000,573.25,100876
frame1_recheck,20260824T000440-4d7d85d4,20260824T002640-d4c89511,2.036156943,2000,steady,2000,573.5625,100876
frame1_recheck,20260824T000440-4d7d85d4,20260824T002640-d4c89511,3.053411529,2000,steady,2000,573.5625,100876
frame1_recheck,20260824T000440-4d7d85d4,20260824T002640-d4c89511,4.069484888,2000,steady,2000,573.421875,100876
frame1_recheck,20260824T000440-4d7d85d4,20260824T002640-d4c89511,5.086044791,2000,steady,2000,573.2226563,100876
frame1_recheck,20260824T000440-4d7d85d4,20260824T002640-d4c89511,6.086719014,2000,steady,2000,573.3359375,100876
frame1_recheck,20260824T000440-4d7d85d4,20260824T002640-d4c89511,7.102779003,2000,steady,2000,573.2226563,100876
frame1_recheck,20260824T000440-4d7d85d4,20260824T002640-d4c89511,8.120116518,2000,steady,2000,573.2226563,100876
frame1_recheck,20260824T000440-4d7d85d4,20260824T002640-d4c89511,9.136405814,2000,steady,2000,573.2265625,100876
frame1_recheck,20260824T000440-4d7d85d4,20260824T002640-d4c89511,10.13644403,2000,steady,2000,573.1445313,100876
frame1_recheck,20260824T000440-4d7d85d4,20260824T002640-d4c89511,11.15330093,2000,steady,2000,573.1445313,100876
frame1_recheck,20260824T000440-4d7d85d4,20260824T002640-d4c89511,12.17012807,2000,steady,1999,573.1445313,100876
frame1_recheck,20260824T000440-4d7d85d4,20260824T002640-d4c89511,13.18591187,2000,steady,2000,573.2578125,100876
frame1_recheck,20260824T000440-4d7d85d4,20260824T002640-d4c89511,14.20251225,2000,steady,2000,573.4257813,100876
frame1_recheck,20260824T000440-4d7d85d4,20260824T002640-d4c89511,15.20293072,2000,steady,2000,573.6796875,100876
frame1_recheck,20260824T000440-4d7d85d4,20260824T002640-d4c89511,16.21879871,2000,steady,2000,573.6835938,100876
frame1_recheck,20260824T000440-4d7d85d4,20260824T002640-d4c89511,17.21925842,2000,steady,2000,573.453125,100876
frame1_recheck,20260824T000440-4d7d85d4,20260824T002640-d4c89511,18.21946391,2000,steady,2000,573.453125,100876
frame1_recheck,20260824T000440-4d7d85d4,20260824T002640-d4c89511,19.21964506,2000,steady,2000,573.453125,100876
frame1_recheck,20260824T000440-4d7d85d4,20260824T002640-d4c89511,20.23496686,2000,steady,2000,573.453125,100876
frame1_recheck,20260824T000440-4d7d85d4,20260824T002640-d4c89511,21.2521421,2000,steady,2000,573.5664063,100876
frame1_recheck,20260824T000440-4d7d85d4,20260824T002640-d4c89511,22.25243528,2000,steady,2000,573.5664063,100876
frame1_recheck,20260824T000440-4d7d85d4,20260824T002640-d4c89511,23.25255511,2000,steady,2000,573.796875,100876
frame1_recheck,20260824T000440-4d7d85d4,20260824T002640-d4c89511,24.26845718,2000,steady,2000,573.796875,100876
frame1_recheck,20260824T000440-4d7d85d4,20260824T002640-d4c89511,25.26856268,2000,steady,2000,573.796875,100876
frame1_recheck,20260824T000440-4d7d85d4,20260824T002640-d4c89511,26.28477343,2000,steady,2000,573.8007813,100876
frame1_recheck,20260824T000440-4d7d85d4,20260824T002640-d4c89511,27.28483014,2000,steady,2000,573.8007813,100876
frame1_recheck,20260824T000440-4d7d85d4,20260824T002640-d4c89511,28.30090343,2000,steady,2000,573.8007813,100876
frame1_recheck,20260824T000440-4d7d85d4,20260824T002640-d4c89511,29.30145142,2000,steady,2000,573.8007813,100876
frame1_recheck,20260824T000440-4d7d85d4,20260824T002640-d4c89511,30.30173529,2000,steady,2000,573.8007813,100876
frame1_recheck,20260824T000440-4d7d85d4,20260824T002640-d4c89511,31.30230695,2000,steady,2000,573.8007813,100876
frame1_recheck,20260824T000440-4d7d85d4,20260824T002640-d4c89511,32.31838123,2000,steady,2000,573.9335938,100876
frame1_recheck,20260824T000440-4d7d85d4,20260824T002640-d4c89511,33.31861787,2000,steady,2000,573.9570313,100876
frame1_recheck,20260824T000440-4d7d85d4,20260824T002640-d4c89511,34.33443952,2000,steady,2000,573.9570313,100876
frame1_recheck,20260824T000440-4d7d85d4,20260824T002640-d4c89511,35.33494649,2000,steady,2000,573.9570313,100876
frame1_recheck,20260824T000440-4d7d85d4,20260824T002640-d4c89511,36.33512956,2000,steady,2000,573.9570313,100876
frame1_recheck,20260824T000440-4d7d85d4,20260824T002640-d4c89511,37.35209965,2000,steady,2000,573.9882813,100876
frame1_recheck,20260824T000440-4d7d85d4,20260824T002640-d4c89511,38.3686655,2000,steady,2000,573.9882813,100876
frame1_recheck,20260824T000440-4d7d85d4,20260824T002640-d4c89511,39.3695645,2000,steady,2000,574.0078125,100876
frame1_recheck,20260824T000440-4d7d85d4,20260824T002640-d4c89511,40.38513596,2000,steady,2000,574.0078125,100876
frame1_recheck,20260824T000440-4d7d85d4,20260824T002640-d4c89511,41.40143051,2000,steady,1999,574.0078125,100876
frame1_recheck,20260824T000440-4d7d85d4,20260824T002640-d4c89511,42.41789089,2000,steady,2000,574.0273438,100876
frame1_recheck,20260824T000440-4d7d85d4,20260824T002640-d4c89511,43.41810024,2000,steady,2000,574.0273438,100876
frame1_recheck,20260824T000440-4d7d85d4,20260824T002640-d4c89511,44.41861304,2000,steady,2000,574.171875,100876
frame1_recheck,20260824T000440-4d7d85d4,20260824T002640-d4c89511,45.4186811,2000,steady,2000,574.171875,100876
frame1_recheck,20260824T000440-4d7d85d4,20260824T002640-d4c89511,46.43486815,2000,steady,2000,574.171875,100876
frame1_recheck,20260824T000440-4d7d85d4,20260824T002640-d4c89511,47.45082603,2000,steady,1999,574.171875,100876
frame1_recheck,20260824T000440-4d7d85d4,20260824T002640-d4c89511,48.4512473,2000,steady,1993,574.171875,100876
frame1_recheck,20260824T000440-4d7d85d4,20260824T002640-d4c89511,49.46895141,2000,steady,2000,574.171875,100876
frame1_recheck,20260824T000440-4d7d85d4,20260824T002640-d4c89511,50.48467047,2000,steady,2000,574.171875,100876
frame1_recheck,20260824T000440-4d7d85d4,20260824T002640-d4c89511,51.50074198,2000,steady,2000,574.171875,100876
frame1_recheck,20260824T000440-4d7d85d4,20260824T002640-d4c89511,52.50186096,2000,steady,2000,574.171875,100876
frame1_recheck,20260824T000440-4d7d85d4,20260824T002640-d4c89511,53.51771934,2000,steady,2000,574.171875,100876
frame1_recheck,20260824T000440-4d7d85d4,20260824T002640-d4c89511,54.53389172,2000,steady,2000,574.1757813,100876
frame1_recheck,20260824T000440-4d7d85d4,20260824T002640-d4c89511,55.53409462,2000,steady,2000,574.1757813,100876
frame1_recheck,20260824T000440-4d7d85d4,20260824T002640-d4c89511,56.55019875,2000,steady,2000,574.1757813,100876
frame1_recheck,20260824T000440-4d7d85d4,20260824T002640-d4c89511,57.55023834,2000,steady,2000,574.1757813,100876
frame1_recheck,20260824T000440-4d7d85d4,20260824T002640-d4c89511,58.55087102,2000,steady,2000,574.1757813,100876
frame1_recheck,20260824T000440-4d7d85d4,20260824T002640-d4c89511,59.56686236,2000,steady,2000,574.1757813,100876
leak1,20260824T000440-4d7d85d4,20260824T002802-28ff1f83,0.02389390394,5000,steady,5000,574.3867188,100876
leak1,20260824T000440-4d7d85d4,20260824T002802-28ff1f83,1.040163678,5000,steady,4999,574.3867188,100876
leak1,20260824T000440-4d7d85d4,20260824T002802-28ff1f83,2.056304354,5000,steady,5000,574.3867188,100876
leak1,20260824T000440-4d7d85d4,20260824T002802-28ff1f83,3.05657462,5000,steady,4998,574.3867188,100876
leak1,20260824T000440-4d7d85d4,20260824T002802-28ff1f83,4.056725377,5000,steady,4998,574.4257813,100876
leak1,20260824T000440-4d7d85d4,20260824T002802-28ff1f83,5.057546168,5000,steady,5000,574.4257813,100876
leak1,20260824T000440-4d7d85d4,20260824T002802-28ff1f83,6.059897161,5000,steady,5000,574.4257813,100876
leak1,20260824T000440-4d7d85d4,20260824T002802-28ff1f83,7.072555575,5000,steady,4999,574.4257813,100876
leak1,20260824T000440-4d7d85d4,20260824T002802-28ff1f83,8.073550413,5000,steady,5000,574.4257813,100876
leak1,20260824T000440-4d7d85d4,20260824T002802-28ff1f83,9.092503159,5000,steady,4999,574.4375,100876
leak1,20260824T000440-4d7d85d4,20260824T002802-28ff1f83,10.10697698,5000,steady,5000,574.4375,100876
leak1,20260824T000440-4d7d85d4,20260824T002802-28ff1f83,11.1224368,5000,steady,5000,574.5390625,100876
leak1,20260824T000440-4d7d85d4,20260824T002802-28ff1f83,12.12376546,5000,steady,4999,574.65625,100876
leak1,20260824T000440-4d7d85d4,20260824T002802-28ff1f83,13.13848857,5000,steady,4999,574.65625,100876
leak1,20260824T000440-4d7d85d4,20260824T002802-28ff1f83,14.14072777,5000,steady,4999,574.65625,100876
leak1,20260824T000440-4d7d85d4,20260824T002802-28ff1f83,15.15520061,5000,steady,4998,574.65625,100876
leak1,20260824T000440-4d7d85d4,20260824T002802-28ff1f83,16.1568281,5000,steady,5000,574.65625,100876
leak1,20260824T000440-4d7d85d4,20260824T002802-28ff1f83,17.17300873,5000,steady,4999,574.65625,100876
leak1,20260824T000440-4d7d85d4,20260824T002802-28ff1f83,18.18915157,5000,steady,5000,574.65625,100876
leak1,20260824T000440-4d7d85d4,20260824T002802-28ff1f83,19.1919819,5000,steady,4999,574.65625,100876
leak1,20260824T000440-4d7d85d4,20260824T002802-28ff1f83,20.20547614,5000,steady,5000,578.6484375,100876
leak1,20260824T000440-4d7d85d4,20260824T002802-28ff1f83,21.22289178,5000,steady,4999,578.6484375,100876
leak1,20260824T000440-4d7d85d4,20260824T002802-28ff1f83,22.2433349,5000,steady,5000,578.6484375,100876
leak1,20260824T000440-4d7d85d4,20260824T002802-28ff1f83,23.25584796,5000,steady,4999,578.6484375,100876
leak1,20260824T000440-4d7d85d4,20260824T002802-28ff1f83,24.27281858,5000,steady,5000,578.6484375,100876
leak1,20260824T000440-4d7d85d4,20260824T002802-28ff1f83,25.28959862,5000,steady,4999,578.6484375,100876
leak1,20260824T000440-4d7d85d4,20260824T002802-28ff1f83,26.30562277,5000,steady,5000,578.6484375,100876
leak1,20260824T000440-4d7d85d4,20260824T002802-28ff1f83,27.32132681,5000,steady,4999,578.6484375,100876
leak1,20260824T000440-4d7d85d4,20260824T002802-28ff1f83,28.32141276,5000,steady,4999,578.6484375,100876
leak1,20260824T000440-4d7d85d4,20260824T002802-28ff1f83,29.32187691,5000,steady,4999,578.6484375,100876
leak1,20260824T000440-4d7d85d4,20260824T002802-28ff1f83,30.32400567,5000,steady,5000,578.6484375,100876
leak1,20260824T000440-4d7d85d4,20260824T002802-28ff1f83,31.33868007,5000,steady,5000,578.6484375,100876
leak1,20260824T000440-4d7d85d4,20260824T002802-28ff1f83,32.35632151,5000,steady,5000,578.6484375,100876
leak1,20260824T000440-4d7d85d4,20260824T002802-28ff1f83,33.37053722,5000,steady,5000,578.6484375,100876
leak1,20260824T000440-4d7d85d4,20260824T002802-28ff1f83,34.37353903,5000,steady,4999,578.6484375,100876
leak1,20260824T000440-4d7d85d4,20260824T002802-28ff1f83,35.38962815,5000,steady,4999,578.6484375,100876
leak1,20260824T000440-4d7d85d4,20260824T002802-28ff1f83,36.40622761,5000,steady,5000,578.6484375,100876
leak1,20260824T000440-4d7d85d4,20260824T002802-28ff1f83,37.41982488,5000,steady,4999,578.6484375,100876
leak1,20260824T000440-4d7d85d4,20260824T002802-28ff1f83,38.42152242,5000,steady,4999,578.6484375,100876
leak1,20260824T000440-4d7d85d4,20260824T002802-28ff1f83,39.43644037,5000,steady,5000,578.6679688,100876
leak1,20260824T000440-4d7d85d4,20260824T002802-28ff1f83,40.43689676,5000,steady,4999,578.6679688,100876
leak1,20260824T000440-4d7d85d4,20260824T002802-28ff1f83,41.43781958,5000,steady,5000,578.6679688,100876
leak1,20260824T000440-4d7d85d4,20260824T002802-28ff1f83,42.43952777,5000,steady,5000,578.6679688,100876
leak1,20260824T000440-4d7d85d4,20260824T002802-28ff1f83,43.45446886,5000,steady,5000,578.6679688,100876
leak1,20260824T000440-4d7d85d4,20260824T002802-28ff1f83,44.47175225,5000,steady,5000,578.6679688,100876
leak1,20260824T000440-4d7d85d4,20260824T002802-28ff1f83,45.48824526,5000,steady,4999,578.703125,100876
leak1,20260824T000440-4d7d85d4,20260824T002802-28ff1f83,46.50286068,5000,steady,5000,578.703125,100876
leak1,20260824T000440-4d7d85d4,20260824T002802-28ff1f83,47.50332564,5000,steady,5000,578.703125,100876
leak1,20260824T000440-4d7d85d4,20260824T002802-28ff1f83,48.5033953,5000,steady,5000,578.703125,100876
leak1,20260824T000440-4d7d85d4,20260824T002802-28ff1f83,49.50449195,5000,steady,5000,578.703125,100876
leak1,20260824T000440-4d7d85d4,20260824T002802-28ff1f83,50.52062491,5000,steady,5000,578.703125,100876
leak1,20260824T000440-4d7d85d4,20260824T002802-28ff1f83,51.52161953,5000,steady,5000,578.703125,100876
leak1,20260824T000440-4d7d85d4,20260824T002802-28ff1f83,52.53766122,5000,steady,5000,578.703125,100876
leak1,20260824T000440-4d7d85d4,20260824T002802-28ff1f83,53.5533792,5000,steady,4999,578.703125,100876
leak1,20260824T000440-4d7d85d4,20260824T002802-28ff1f83,54.55457671,5000,steady,4999,578.703125,100876
leak1,20260824T000440-4d7d85d4,20260824T002802-28ff1f83,55.57145557,5000,steady,5000,578.703125,100876
leak1,20260824T000440-4d7d85d4,20260824T002802-28ff1f83,56.58609571,5000,steady,5000,578.703125,100876
leak1,20260824T000440-4d7d85d4,20260824T002802-28ff1f83,57.58870388,5000,steady,4999,578.703125,100876
leak1,20260824T000440-4d7d85d4,20260824T002802-28ff1f83,58.602789,5000,steady,4999,578.703125,100876
leak1,20260824T000440-4d7d85d4,20260824T002802-28ff1f83,59.60402252,5000,steady,4999,578.703125,100876
leak1,20260824T000440-4d7d85d4,20260824T002802-28ff1f83,60.62059885,5000,steady,5000,578.703125,100876
leak1,20260824T000440-4d7d85d4,20260824T002802-28ff1f83,61.62109607,5000,steady,5000,578.703125,100876
leak1,20260824T000440-4d7d85d4,20260824T002802-28ff1f83,62.63765512,5000,steady,5000,578.703125,100876
leak1,20260824T000440-4d7d85d4,20260824T002802-28ff1f83,63.63771963,5000,steady,4999,578.703125,100876
leak1,20260824T000440-4d7d85d4,20260824T002802-28ff1f83,64.65432124,5000,steady,4999,578.703125,100876
leak1,20260824T000440-4d7d85d4,20260824T002802-28ff1f83,65.67004827,5000,steady,4998,578.703125,100876
leak1,20260824T000440-4d7d85d4,20260824T002802-28ff1f83,66.68684559,5000,steady,5000,578.703125,100876
leak1,20260824T000440-4d7d85d4,20260824T002802-28ff1f83,67.70459431,5000,steady,4999,578.703125,100876
leak1,20260824T000440-4d7d85d4,20260824T002802-28ff1f83,68.72069879,5000,steady,4999,578.703125,100876
leak1,20260824T000440-4d7d85d4,20260824T002802-28ff1f83,69.73638422,5000,steady,4999,578.7109375,100876
leak1,20260824T000440-4d7d85d4,20260824T002802-28ff1f83,70.75304343,5000,steady,5000,578.7109375,100876
leak1,20260824T000440-4d7d85d4,20260824T002802-28ff1f83,71.75317886,5000,steady,5000,578.7109375,100876
leak1,20260824T000440-4d7d85d4,20260824T002802-28ff1f83,72.76928142,5000,steady,4998,578.7109375,100876
leak1,20260824T000440-4d7d85d4,20260824T002802-28ff1f83,73.78636624,5000,steady,5000,578.7734375,100876
leak1,20260824T000440-4d7d85d4,20260824T002802-28ff1f83,74.80280674,5000,steady,4999,578.8164063,100876
leak1,20260824T000440-4d7d85d4,20260824T002802-28ff1f83,75.80288673,5000,steady,4999,578.9296875,100876
leak1,20260824T000440-4d7d85d4,20260824T002802-28ff1f83,76.80500576,5000,steady,5000,578.9296875,100876
leak1,20260824T000440-4d7d85d4,20260824T002802-28ff1f83,77.82047679,5000,steady,5000,578.9296875,100876
leak1,20260824T000440-4d7d85d4,20260824T002802-28ff1f83,78.838557,5000,steady,5000,578.9296875,100876
leak1,20260824T000440-4d7d85d4,20260824T002802-28ff1f83,79.85439436,5000,steady,5000,578.9296875,100876
leak1,20260824T000440-4d7d85d4,20260824T002802-28ff1f83,80.87155019,5000,steady,5000,578.9296875,100876
leak1,20260824T000440-4d7d85d4,20260824T002802-28ff1f83,81.88758258,5000,steady,5000,578.9296875,100876
leak1,20260824T000440-4d7d85d4,20260824T002802-28ff1f83,82.90518323,5000,steady,5000,578.9296875,100876
leak1,20260824T000440-4d7d85d4,20260824T002802-28ff1f83,83.92196321,5000,steady,5000,578.9296875,100876
leak1,20260824T000440-4d7d85d4,20260824T002802-28ff1f83,84.93881789,5000,steady,5000,578.9296875,100876
leak1,20260824T000440-4d7d85d4,20260824T002802-28ff1f83,85.95432629,5000,steady,5000,578.9296875,100876
leak1,20260824T000440-4d7d85d4,20260824T002802-28ff1f83,86.96943404,5000,steady,5000,578.9296875,100876
leak1,20260824T000440-4d7d85d4,20260824T002802-28ff1f83,87.97054149,5000,steady,5000,578.9296875,100876
leak1,20260824T000440-4d7d85d4,20260824T002802-28ff1f83,88.98808811,5000,steady,5000,578.9296875,100876
leak1,20260824T000440-4d7d85d4,20260824T002802-28ff1f83,90.00415537,5000,steady,5000,578.9296875,100876
leak1,20260824T000440-4d7d85d4,20260824T002802-28ff1f83,91.01926836,5000,steady,5000,578.9296875,100876
leak1,20260824T000440-4d7d85d4,20260824T002802-28ff1f83,92.0377527,5000,steady,5000,578.9296875,100876
leak1,20260824T000440-4d7d85d4,20260824T002802-28ff1f83,93.0389936,5000,steady,5000,578.9296875,100876
leak1,20260824T000440-4d7d85d4,20260824T002802-28ff1f83,94.05243886,5000,steady,5000,578.9296875,100876
leak1,20260824T000440-4d7d85d4,20260824T002802-28ff1f83,95.05412303,5000,steady,5000,578.9296875,100876
leak1,20260824T000440-4d7d85d4,20260824T002802-28ff1f83,96.07192099,5000,steady,4999,578.9296875,100876
leak1,20260824T000440-4d7d85d4,20260824T002802-28ff1f83,97.08611799,5000,steady,4999,578.9296875,100876
leak1,20260824T000440-4d7d85d4,20260824T002802-28ff1f83,98.10179506,5000,steady,5000,578.9296875,100876
leak1,20260824T000440-4d7d85d4,20260824T002802-28ff1f83,99.10184764,5000,steady,4999,572.4375,100876
leak1,20260824T000440-4d7d85d4,20260824T002802-28ff1f83,100.1035052,5000,steady,5000,572.5703125,100876
leak1,20260824T000440-4d7d85d4,20260824T002802-28ff1f83,101.1187221,5000,steady,4999,572.5703125,100876
leak1,20260824T000440-4d7d85d4,20260824T002802-28ff1f83,102.1209688,5000,steady,5000,572.5703125,100876
leak1,20260824T000440-4d7d85d4,20260824T002802-28ff1f83,103.1362305,5000,steady,5000,572.65625,100876
leak1,20260824T000440-4d7d85d4,20260824T002802-28ff1f83,104.152152,5000,steady,5000,572.65625,100876
leak1,20260824T000440-4d7d85d4,20260824T002802-28ff1f83,105.1698983,5000,steady,4999,572.65625,100876
leak1,20260824T000440-4d7d85d4,20260824T002802-28ff1f83,106.1854143,5000,steady,5000,572.65625,100876
leak1,20260824T000440-4d7d85d4,20260824T002802-28ff1f83,107.2020351,5000,steady,4999,572.65625,100876
leak1,20260824T000440-4d7d85d4,20260824T002802-28ff1f83,108.2022591,5000,steady,5000,572.65625,100876
leak1,20260824T000440-4d7d85d4,20260824T002802-28ff1f83,109.2176133,5000,steady,5000,572.65625,100876
leak1,20260824T000440-4d7d85d4,20260824T002802-28ff1f83,110.2182189,5000,steady,5000,572.65625,100876
leak1,20260824T000440-4d7d85d4,20260824T002802-28ff1f83,111.2184943,5000,steady,5000,572.65625,100876
leak1,20260824T000440-4d7d85d4,20260824T002802-28ff1f83,112.2193616,5000,steady,5000,572.65625,100876
leak1,20260824T000440-4d7d85d4,20260824T002802-28ff1f83,113.2351638,5000,steady,5000,572.9140625,100876
leak1,20260824T000440-4d7d85d4,20260824T002802-28ff1f83,114.2356187,5000,steady,5000,572.9140625,100876
leak1,20260824T000440-4d7d85d4,20260824T002802-28ff1f83,115.252961,5000,steady,5000,572.9140625,100876
leak1,20260824T000440-4d7d85d4,20260824T002802-28ff1f83,116.2681574,5000,steady,5000,572.9140625,100876
leak1,20260824T000440-4d7d85d4,20260824T002802-28ff1f83,117.269154,5000,steady,5000,572.9140625,100876
leak1,20260824T000440-4d7d85d4,20260824T002802-28ff1f83,118.2693448,5000,steady,5000,572.9140625,100876
leak1,20260824T000440-4d7d85d4,20260824T002802-28ff1f83,119.2853859,5000,steady,5000,572.9140625,100876
leak1,20260824T000440-4d7d85d4,20260824T002802-28ff1f83,120.3016446,5000,steady,5000,572.9140625,100876
leak1,20260824T000440-4d7d85d4,20260824T002802-28ff1f83,121.318426,5000,steady,5000,572.953125,100876
leak1,20260824T000440-4d7d85d4,20260824T002802-28ff1f83,122.3342372,5000,steady,4999,572.953125,100876
leak1,20260824T000440-4d7d85d4,20260824T002802-28ff1f83,123.3343544,5000,steady,5000,573.1367188,100876
leak1,20260824T000440-4d7d85d4,20260824T002802-28ff1f83,124.3346601,5000,steady,5000,573.1367188,100876
leak1,20260824T000440-4d7d85d4,20260824T002802-28ff1f83,125.3510821,5000,steady,5000,573.1367188,100876
leak1,20260824T000440-4d7d85d4,20260824T002802-28ff1f83,126.351114,5000,steady,5000,573.1367188,100876
leak1,20260824T000440-4d7d85d4,20260824T002802-28ff1f83,127.3527573,5000,steady,5000,573.1367188,100876
leak1,20260824T000440-4d7d85d4,20260824T002802-28ff1f83,128.3686666,5000,steady,5000,573.1367188,100876
leak1,20260824T000440-4d7d85d4,20260824T002802-28ff1f83,129.3843449,5000,steady,5000,573.140625,100876
leak1,20260824T000440-4d7d85d4,20260824T002802-28ff1f83,130.3846992,5000,steady,4999,573.140625,100876
leak1,20260824T000440-4d7d85d4,20260824T002802-28ff1f83,131.4024326,5000,steady,5000,573.140625,100876
leak1,20260824T000440-4d7d85d4,20260824T002802-28ff1f83,132.417945,5000,steady,5000,573.140625,100876
leak1,20260824T000440-4d7d85d4,20260824T002802-28ff1f83,133.4352298,5000,steady,4999,573.140625,100876
leak1,20260824T000440-4d7d85d4,20260824T002802-28ff1f83,134.4524188,5000,steady,5000,573.140625,100876
leak1,20260824T000440-4d7d85d4,20260824T002802-28ff1f83,135.4682727,5000,steady,5000,573.140625,100876
leak1,20260824T000440-4d7d85d4,20260824T002802-28ff1f83,136.483821,5000,steady,4999,573.140625,100876
leak1,20260824T000440-4d7d85d4,20260824T002802-28ff1f83,137.4838521,5000,steady,5000,573.140625,100876
leak1,20260824T000440-4d7d85d4,20260824T002802-28ff1f83,138.4848834,5000,steady,5000,573.2773438,100876
leak1,20260824T000440-4d7d85d4,20260824T002802-28ff1f83,139.5004664,5000,steady,5000,573.2773438,100876
leak1,20260824T000440-4d7d85d4,20260824T002802-28ff1f83,140.500814,5000,steady,5000,578.9101563,100876
leak1,20260824T000440-4d7d85d4,20260824T002802-28ff1f83,141.5013252,5000,steady,5000,572.1601563,100876
leak1,20260824T000440-4d7d85d4,20260824T002802-28ff1f83,142.5177099,5000,steady,5000,572.0976563,100876
leak1,20260824T000440-4d7d85d4,20260824T002802-28ff1f83,143.5329449,5000,steady,5000,571.9023438,100876
leak1,20260824T000440-4d7d85d4,20260824T002802-28ff1f83,144.5499049,5000,steady,5000,571.9726563,100876
leak1,20260824T000440-4d7d85d4,20260824T002802-28ff1f83,145.5662347,5000,steady,5000,572.2304688,100876
leak1,20260824T000440-4d7d85d4,20260824T002802-28ff1f83,146.5673861,5000,steady,5000,572.3515625,100876
leak1,20260824T000440-4d7d85d4,20260824T002802-28ff1f83,147.5830697,5000,steady,5000,572.171875,100876
leak1,20260824T000440-4d7d85d4,20260824T002802-28ff1f83,148.5989411,5000,steady,5000,572.171875,100876
leak1,20260824T000440-4d7d85d4,20260824T002802-28ff1f83,149.6000912,5000,steady,5000,572.1757813,100876
leak1,20260824T000440-4d7d85d4,20260824T002802-28ff1f83,150.6028482,5000,steady,5000,572.4335938,100876
leak1,20260824T000440-4d7d85d4,20260824T002802-28ff1f83,151.6155622,5000,steady,4998,572.4335938,100876
leak1,20260824T000440-4d7d85d4,20260824T002802-28ff1f83,152.6179797,5000,steady,5000,572.4335938,100876
leak1,20260824T000440-4d7d85d4,20260824T002802-28ff1f83,153.6334277,5000,steady,5000,572.4335938,100876
leak1,20260824T000440-4d7d85d4,20260824T002802-28ff1f83,154.6503439,5000,steady,5000,572.4335938,100876
leak1,20260824T000440-4d7d85d4,20260824T002802-28ff1f83,155.6505516,5000,steady,4999,572.4375,100876
leak1,20260824T000440-4d7d85d4,20260824T002802-28ff1f83,156.6510155,5000,steady,5000,572.4375,100876
leak1,20260824T000440-4d7d85d4,20260824T002802-28ff1f83,157.6512781,5000,steady,4999,572.5117188,100876
leak1,20260824T000440-4d7d85d4,20260824T002802-28ff1f83,158.6516085,5000,steady,5000,572.5117188,100876
leak1,20260824T000440-4d7d85d4,20260824T002802-28ff1f83,159.6660179,5000,steady,5000,572.6679688,100876
leak1,20260824T000440-4d7d85d4,20260824T002802-28ff1f83,160.6829787,5000,steady,5000,572.6679688,100876
leak1,20260824T000440-4d7d85d4,20260824T002802-28ff1f83,161.6834155,5000,steady,5000,572.6679688,100876
leak1,20260824T000440-4d7d85d4,20260824T002802-28ff1f83,162.6984442,5000,steady,5000,572.6679688,100876
leak1,20260824T000440-4d7d85d4,20260824T002802-28ff1f83,163.6987923,5000,steady,5000,572.6679688,100876
leak1,20260824T000440-4d7d85d4,20260824T002802-28ff1f83,164.7007603,5000,steady,5000,572.6679688,100876
leak1,20260824T000440-4d7d85d4,20260824T002802-28ff1f83,165.7152638,5000,steady,5000,572.6679688,100876
leak1,20260824T000440-4d7d85d4,20260824T002802-28ff1f83,166.7174572,5000,steady,5000,572.6679688,100876
leak1,20260824T000440-4d7d85d4,20260824T002802-28ff1f83,167.7339491,5000,steady,5000,572.6679688,100876
leak1,20260824T000440-4d7d85d4,20260824T002802-28ff1f83,168.7493597,5000,steady,5000,572.6679688,100876
leak1,20260824T000440-4d7d85d4,20260824T002802-28ff1f83,169.7493698,5000,steady,5000,572.671875,100876
leak1,20260824T000440-4d7d85d4,20260824T002802-28ff1f83,170.7507953,5000,steady,4999,572.6757813,100876
leak1,20260824T000440-4d7d85d4,20260824T002802-28ff1f83,171.7671537,5000,steady,5000,572.6757813,100876
leak1,20260824T000440-4d7d85d4,20260824T002802-28ff1f83,172.7843718,5000,steady,5000,572.6757813,100876
leak1,20260824T000440-4d7d85d4,20260824T002802-28ff1f83,173.79878,5000,steady,5000,572.6757813,100876
leak1,20260824T000440-4d7d85d4,20260824T002802-28ff1f83,174.798805,5000,steady,5000,572.6914063,100876
leak1,20260824T000440-4d7d85d4,20260824T002802-28ff1f83,175.8008043,5000,steady,5000,572.6914063,100876
leak1,20260824T000440-4d7d85d4,20260824T002802-28ff1f83,176.8154873,5000,steady,5000,572.6914063,100876
leak1,20260824T000440-4d7d85d4,20260824T002802-28ff1f83,177.8172803,5000,steady,5000,572.6953125,100876
leak1,20260824T000440-4d7d85d4,20260824T002802-28ff1f83,178.8322205,5000,steady,5000,572.6953125,100876
leak1,20260824T000440-4d7d85d4,20260824T002802-28ff1f83,179.8327648,5000,steady,5000,572.6953125,100876
leak1,20260824T000440-4d7d85d4,20260824T002802-28ff1f83,180.8349553,5000,steady,5000,572.6953125,100876
leak1,20260824T000440-4d7d85d4,20260824T002802-28ff1f83,181.8503018,5000,steady,5000,572.6953125,100876
leak1,20260824T000440-4d7d85d4,20260824T002802-28ff1f83,182.8532806,5000,steady,5000,572.6953125,100876
leak1,20260824T000440-4d7d85d4,20260824T002802-28ff1f83,183.8651789,5000,steady,4999,572.6953125,100876
leak1,20260824T000440-4d7d85d4,20260824T002802-28ff1f83,184.8666601,5000,steady,5000,572.6953125,100876
leak1,20260824T000440-4d7d85d4,20260824T002802-28ff1f83,185.8809606,5000,steady,5000,572.6953125,100876
leak1,20260824T000440-4d7d85d4,20260824T002802-28ff1f83,186.8814704,5000,steady,5000,572.6953125,100876
leak1,20260824T000440-4d7d85d4,20260824T002802-28ff1f83,187.8822248,5000,steady,4999,572.6992188,100876
leak1,20260824T000440-4d7d85d4,20260824T002802-28ff1f83,188.9003693,5000,steady,4999,572.6992188,100876
leak1,20260824T000440-4d7d85d4,20260824T002802-28ff1f83,189.9148485,5000,steady,5000,572.703125,100876
leak1,20260824T000440-4d7d85d4,20260824T002802-28ff1f83,190.9164253,5000,steady,5000,572.703125,100876
leak1,20260824T000440-4d7d85d4,20260824T002802-28ff1f83,191.9316206,5000,steady,5000,572.7070313,100876
leak1,20260824T000440-4d7d85d4,20260824T002802-28ff1f83,192.9478991,5000,steady,4999,572.7070313,100876
leak1,20260824T000440-4d7d85d4,20260824T002802-28ff1f83,193.9490828,5000,steady,5000,572.7070313,100876
leak1,20260824T000440-4d7d85d4,20260824T002802-28ff1f83,194.9662437,5000,steady,5000,572.7070313,100876
leak1,20260824T000440-4d7d85d4,20260824T002802-28ff1f83,195.9666203,5000,steady,5000,572.7070313,100876
leak1,20260824T000440-4d7d85d4,20260824T002802-28ff1f83,196.982451,5000,steady,5000,572.7070313,100876
leak1,20260824T000440-4d7d85d4,20260824T002802-28ff1f83,197.9990195,5000,steady,5000,572.7070313,100876
leak1,20260824T000440-4d7d85d4,20260824T002802-28ff1f83,199.0145978,5000,steady,5000,572.7070313,100876
leak1,20260824T000440-4d7d85d4,20260824T002802-28ff1f83,200.0150055,5000,steady,5000,572.7070313,100876
leak1,20260824T000440-4d7d85d4,20260824T002802-28ff1f83,201.0184194,5000,steady,4999,572.7109375,100876
leak1,20260824T000440-4d7d85d4,20260824T002802-28ff1f83,202.0314545,5000,steady,5000,572.7109375,100876
leak1,20260824T000440-4d7d85d4,20260824T002802-28ff1f83,203.0486824,5000,steady,5000,572.7109375,100876
leak1,20260824T000440-4d7d85d4,20260824T002802-28ff1f83,204.0488228,5000,steady,4999,572.7109375,100876
leak1,20260824T000440-4d7d85d4,20260824T002802-28ff1f83,205.0497513,5000,steady,5000,572.7109375,100876
leak1,20260824T000440-4d7d85d4,20260824T002802-28ff1f83,206.0497758,5000,steady,5000,572.7109375,100876
leak1,20260824T000440-4d7d85d4,20260824T002802-28ff1f83,207.0648641,5000,steady,5000,572.7109375,100876
leak1,20260824T000440-4d7d85d4,20260824T002802-28ff1f83,208.0653988,5000,steady,4999,572.7109375,100876
leak1,20260824T000440-4d7d85d4,20260824T002802-28ff1f83,209.0812586,5000,steady,5000,572.7109375,100876
leak1,20260824T000440-4d7d85d4,20260824T002802-28ff1f83,210.0835571,5000,steady,5000,572.7148438,100876
leak1,20260824T000440-4d7d85d4,20260824T002802-28ff1f83,211.0837912,5000,steady,5000,572.7148438,100876
leak1,20260824T000440-4d7d85d4,20260824T002802-28ff1f83,212.0975527,5000,steady,5000,571.8671875,100876
leak1,20260824T000440-4d7d85d4,20260824T002802-28ff1f83,213.0986758,5000,steady,4999,571.4414063,100876
leak1,20260824T000440-4d7d85d4,20260824T002802-28ff1f83,214.1159675,5000,steady,5000,571.3007813,100876
leak1,20260824T000440-4d7d85d4,20260824T002802-28ff1f83,215.1314547,5000,steady,5000,571.3007813,100876
leak1,20260824T000440-4d7d85d4,20260824T002802-28ff1f83,216.1478903,5000,steady,5000,571.3007813,100876
leak1,20260824T000440-4d7d85d4,20260824T002802-28ff1f83,217.1646483,5000,steady,5000,571.671875,100876
leak1,20260824T000440-4d7d85d4,20260824T002802-28ff1f83,218.16475,5000,steady,5000,571.8867188,100876
leak1,20260824T000440-4d7d85d4,20260824T002802-28ff1f83,219.165244,5000,steady,5000,571.9414063,100876
leak1,20260824T000440-4d7d85d4,20260824T002802-28ff1f83,220.184558,5000,steady,5000,571.2460938,100876
leak1,20260824T000440-4d7d85d4,20260824T002802-28ff1f83,221.1964951,5000,steady,5000,571.2460938,100876
leak1,20260824T000440-4d7d85d4,20260824T002802-28ff1f83,222.1974774,5000,steady,4999,571.6171875,100876
leak1,20260824T000440-4d7d85d4,20260824T002802-28ff1f83,223.2144443,5000,steady,5000,570.1835938,100876
leak1,20260824T000440-4d7d85d4,20260824T002802-28ff1f83,224.2152686,5000,steady,5000,570.1835938,100876
leak1,20260824T000440-4d7d85d4,20260824T002802-28ff1f83,225.2310261,5000,steady,5000,570.1835938,100876
leak1,20260824T000440-4d7d85d4,20260824T002802-28ff1f83,226.2470553,5000,steady,5000,570.1835938,100876
leak1,20260824T000440-4d7d85d4,20260824T002802-28ff1f83,227.24715,5000,steady,5000,570.2265625,100876
leak1,20260824T000440-4d7d85d4,20260824T002802-28ff1f83,228.2644904,5000,steady,5000,570.328125,100876
leak1,20260824T000440-4d7d85d4,20260824T002802-28ff1f83,229.2804506,5000,steady,5000,570.328125,100876
leak1,20260824T000440-4d7d85d4,20260824T002802-28ff1f83,230.2808796,5000,steady,5000,570.328125,100876
leak1,20260824T000440-4d7d85d4,20260824T002802-28ff1f83,231.2812229,5000,steady,5000,570.7265625,100876
leak1,20260824T000440-4d7d85d4,20260824T002802-28ff1f83,232.2959111,5000,steady,4999,570.765625,100876
leak1,20260824T000440-4d7d85d4,20260824T002802-28ff1f83,233.2960736,5000,steady,5000,570.765625,100876
leak1,20260824T000440-4d7d85d4,20260824T002802-28ff1f83,234.313553,5000,steady,5000,570.765625,100876
leak1,20260824T000440-4d7d85d4,20260824T002802-28ff1f83,235.3140471,5000,steady,5000,570.765625,100876
leak1,20260824T000440-4d7d85d4,20260824T002802-28ff1f83,236.3306949,5000,steady,5000,570.765625,100876
leak1,20260824T000440-4d7d85d4,20260824T002802-28ff1f83,237.3468963,5000,steady,5000,570.765625,100876
leak1,20260824T000440-4d7d85d4,20260824T002802-28ff1f83,238.3474523,5000,steady,5000,570.765625,100876
leak1,20260824T000440-4d7d85d4,20260824T002802-28ff1f83,239.3636637,5000,steady,5000,570.8085938,100876
leak1,20260824T000440-4d7d85d4,20260824T002802-28ff1f83,240.3810487,5000,steady,5000,570.8085938,100876
leak1,20260824T000440-4d7d85d4,20260824T002802-28ff1f83,241.3965371,5000,steady,5000,570.8125,100876
leak1,20260824T000440-4d7d85d4,20260824T002802-28ff1f83,242.4133103,5000,steady,5000,570.9960938,100876
leak1,20260824T000440-4d7d85d4,20260824T002802-28ff1f83,243.4300048,5000,steady,5000,570.9960938,100876
leak1,20260824T000440-4d7d85d4,20260824T002802-28ff1f83,244.4466683,5000,steady,4999,570.9960938,100876
leak1,20260824T000440-4d7d85d4,20260824T002802-28ff1f83,245.4630191,5000,steady,5000,571.1992188,100876
leak1,20260824T000440-4d7d85d4,20260824T002802-28ff1f83,246.4633813,5000,steady,5000,571.1992188,100876
leak1,20260824T000440-4d7d85d4,20260824T002802-28ff1f83,247.4642126,5000,steady,5000,571.1992188,100876
leak1,20260824T000440-4d7d85d4,20260824T002802-28ff1f83,248.4806507,5000,steady,4999,571.1992188,100876
leak1,20260824T000440-4d7d85d4,20260824T002802-28ff1f83,249.481191,5000,steady,5000,571.2148438,100876
leak1,20260824T000440-4d7d85d4,20260824T002802-28ff1f83,250.4967844,5000,steady,5000,571.2148438,100876
leak1,20260824T000440-4d7d85d4,20260824T002802-28ff1f83,251.4973,5000,steady,5000,571.2148438,100876
leak1,20260824T000440-4d7d85d4,20260824T002802-28ff1f83,252.5136089,5000,steady,4999,571.2148438,100876
leak1,20260824T000440-4d7d85d4,20260824T002802-28ff1f83,253.5298382,5000,steady,4999,571.2148438,100876
leak1,20260824T000440-4d7d85d4,20260824T002802-28ff1f83,254.5298411,5000,steady,4999,571.40625,100876
leak1,20260824T000440-4d7d85d4,20260824T002802-28ff1f83,255.5302035,5000,steady,4999,571.40625,100876
leak1,20260824T000440-4d7d85d4,20260824T002802-28ff1f83,256.5462196,5000,steady,4999,571.40625,100876
leak1,20260824T000440-4d7d85d4,20260824T002802-28ff1f83,257.5636657,5000,steady,4999,571.40625,100876
leak1,20260824T000440-4d7d85d4,20260824T002802-28ff1f83,258.5817748,5000,steady,4999,571.40625,100876
leak1,20260824T000440-4d7d85d4,20260824T002802-28ff1f83,259.596459,5000,steady,4999,571.40625,100876
leak1,20260824T000440-4d7d85d4,20260824T002802-28ff1f83,260.6120744,5000,steady,4999,577.3515625,100876
leak1,20260824T000440-4d7d85d4,20260824T002802-28ff1f83,261.6296169,5000,steady,4999,577.3515625,100876
leak1,20260824T000440-4d7d85d4,20260824T002802-28ff1f83,262.6449897,5000,steady,4999,577.359375,100876
leak1,20260824T000440-4d7d85d4,20260824T002802-28ff1f83,263.6454471,5000,steady,4999,577.359375,100876
leak1,20260824T000440-4d7d85d4,20260824T002802-28ff1f83,264.6474053,5000,steady,5000,577.359375,100876
leak1,20260824T000440-4d7d85d4,20260824T002802-28ff1f83,265.6635281,5000,steady,5000,577.359375,100876
leak1,20260824T000440-4d7d85d4,20260824T002802-28ff1f83,266.6808859,5000,steady,5000,577.359375,100876
leak1,20260824T000440-4d7d85d4,20260824T002802-28ff1f83,267.6972194,5000,steady,5000,577.359375,100876
leak1,20260824T000440-4d7d85d4,20260824T002802-28ff1f83,268.7115991,5000,steady,4998,577.359375,100876
leak1,20260824T000440-4d7d85d4,20260824T002802-28ff1f83,269.7133647,5000,steady,5000,577.359375,100876
leak1,20260824T000440-4d7d85d4,20260824T002802-28ff1f83,270.7297422,5000,steady,5000,577.359375,100876
leak1,20260824T000440-4d7d85d4,20260824T002802-28ff1f83,271.7476606,5000,steady,5000,577.359375,100876
leak1,20260824T000440-4d7d85d4,20260824T002802-28ff1f83,272.7650057,5000,steady,5000,577.359375,100876
leak1,20260824T000440-4d7d85d4,20260824T002802-28ff1f83,273.7802457,5000,steady,5000,577.359375,100876
leak1,20260824T000440-4d7d85d4,20260824T002802-28ff1f83,274.7968209,5000,steady,5000,577.359375,100876
leak1,20260824T000440-4d7d85d4,20260824T002802-28ff1f83,275.8132471,5000,steady,5000,577.359375,100876
leak1,20260824T000440-4d7d85d4,20260824T002802-28ff1f83,276.830384,5000,steady,5000,577.359375,100876
leak1,20260824T000440-4d7d85d4,20260824T002802-28ff1f83,277.8493696,5000,steady,5000,577.3632813,100876
leak1,20260824T000440-4d7d85d4,20260824T002802-28ff1f83,278.8628052,5000,steady,5000,577.3632813,100876
leak1,20260824T000440-4d7d85d4,20260824T002802-28ff1f83,279.879591,5000,steady,5000,577.3789063,100876
leak1,20260824T000440-4d7d85d4,20260824T002802-28ff1f83,280.8976292,5000,steady,4999,577.3789063,100876
leak1,20260824T000440-4d7d85d4,20260824T002802-28ff1f83,281.912483,5000,steady,5000,577.3789063,100876
leak1,20260824T000440-4d7d85d4,20260824T002802-28ff1f83,282.9127254,5000,steady,5000,577.3789063,100876
leak1,20260824T000440-4d7d85d4,20260824T002802-28ff1f83,283.9279302,5000,steady,5000,577.3789063,100876
leak1,20260824T000440-4d7d85d4,20260824T002802-28ff1f83,284.9299213,5000,steady,5000,577.3789063,100876
leak1,20260824T000440-4d7d85d4,20260824T002802-28ff1f83,285.9438979,5000,steady,5000,577.3789063,100876
leak1,20260824T000440-4d7d85d4,20260824T002802-28ff1f83,286.9443558,5000,steady,5000,577.3789063,100876
leak1,20260824T000440-4d7d85d4,20260824T002802-28ff1f83,287.9447667,5000,steady,5000,577.3789063,100876
leak1,20260824T000440-4d7d85d4,20260824T002802-28ff1f83,288.9612482,5000,steady,5000,577.546875,100876
leak1,20260824T000440-4d7d85d4,20260824T002802-28ff1f83,289.961806,5000,steady,5000,577.546875,100876
leak1,20260824T000440-4d7d85d4,20260824T002802-28ff1f83,290.9626265,5000,steady,5000,577.5546875,100876
leak1,20260824T000440-4d7d85d4,20260824T002802-28ff1f83,291.9783814,5000,steady,5000,577.5546875,100876
leak1,20260824T000440-4d7d85d4,20260824T002802-28ff1f83,292.9951072,5000,steady,5000,577.5585938,100876
leak1,20260824T000440-4d7d85d4,20260824T002802-28ff1f83,294.0135274,5000,steady,5000,577.5585938,100876
leak1,20260824T000440-4d7d85d4,20260824T002802-28ff1f83,295.027986,5000,steady,5000,577.5585938,100876
leak1,20260824T000440-4d7d85d4,20260824T002802-28ff1f83,296.0280221,5000,steady,5000,577.5585938,100876
leak1,20260824T000440-4d7d85d4,20260824T002802-28ff1f83,297.0439491,5000,steady,4999,577.5585938,100876
leak1,20260824T000440-4d7d85d4,20260824T002802-28ff1f83,298.043959,5000,steady,5000,577.5585938,100876
leak1,20260824T000440-4d7d85d4,20260824T002802-28ff1f83,299.0442969,5000,steady,5000,577.5585938,100876
leak1,20260824T000440-4d7d85d4,20260824T002802-28ff1f83,300.0467226,5000,steady,5000,577.5585938,100876
leak1,20260824T000440-4d7d85d4,20260824T002802-28ff1f83,301.0621834,5000,steady,5000,577.5585938,100876
leak1,20260824T000440-4d7d85d4,20260824T002802-28ff1f83,302.0635376,5000,steady,5000,577.5585938,100876
leak1,20260824T000440-4d7d85d4,20260824T002802-28ff1f83,303.0777273,5000,steady,5000,577.5585938,100876
leak1,20260824T000440-4d7d85d4,20260824T002802-28ff1f83,304.0782482,5000,steady,5000,577.5585938,100876
leak1,20260824T000440-4d7d85d4,20260824T002802-28ff1f83,305.0936256,5000,steady,4999,577.5585938,100876
leak1,20260824T000440-4d7d85d4,20260824T002802-28ff1f83,306.09526,5000,steady,4999,577.5585938,100876
leak1,20260824T000440-4d7d85d4,20260824T002802-28ff1f83,307.1099994,5000,steady,5000,577.5585938,100876
leak1,20260824T000440-4d7d85d4,20260824T002802-28ff1f83,308.1109066,5000,steady,5000,577.5585938,100876
leak1,20260824T000440-4d7d85d4,20260824T002802-28ff1f83,309.1110411,5000,steady,5000,577.5625,100876
leak1,20260824T000440-4d7d85d4,20260824T002802-28ff1f83,310.1276889,5000,steady,5000,577.5625,100876
leak1,20260824T000440-4d7d85d4,20260824T002802-28ff1f83,311.1450004,5000,steady,5000,577.5703125,100876
leak1,20260824T000440-4d7d85d4,20260824T002802-28ff1f83,312.1612417,5000,steady,5000,577.5703125,100876
leak1,20260824T000440-4d7d85d4,20260824T002802-28ff1f83,313.1770935,5000,steady,5000,577.578125,100876
leak1,20260824T000440-4d7d85d4,20260824T002802-28ff1f83,314.1775426,5000,steady,5000,577.578125,100876
leak1,20260824T000440-4d7d85d4,20260824T002802-28ff1f83,315.1776729,5000,steady,5000,577.578125,100876
leak1,20260824T000440-4d7d85d4,20260824T002802-28ff1f83,316.1949711,5000,steady,5000,577.578125,100876
leak1,20260824T000440-4d7d85d4,20260824T002802-28ff1f83,317.2107812,5000,steady,5000,577.578125,100876
leak1,20260824T000440-4d7d85d4,20260824T002802-28ff1f83,318.2114239,5000,steady,5000,577.578125,100876
leak1,20260824T000440-4d7d85d4,20260824T002802-28ff1f83,319.225578,5000,steady,4999,577.578125,100876
leak1,20260824T000440-4d7d85d4,20260824T002802-28ff1f83,320.2260202,5000,steady,5000,577.578125,100876
leak1,20260824T000440-4d7d85d4,20260824T002802-28ff1f83,321.2275689,5000,steady,4999,577.578125,100876
leak1,20260824T000440-4d7d85d4,20260824T002802-28ff1f83,322.243469,5000,steady,5000,577.578125,100876
leak1,20260824T000440-4d7d85d4,20260824T002802-28ff1f83,323.244203,5000,steady,5000,577.578125,100876
leak1,20260824T000440-4d7d85d4,20260824T002802-28ff1f83,324.2595426,5000,steady,5000,577.578125,100876
leak1,20260824T000440-4d7d85d4,20260824T002802-28ff1f83,325.2609052,5000,steady,5000,577.578125,100876
leak1,20260824T000440-4d7d85d4,20260824T002802-28ff1f83,326.2761879,5000,steady,5000,577.578125,100876
leak1,20260824T000440-4d7d85d4,20260824T002802-28ff1f83,327.2764627,5000,steady,5000,577.578125,100876
leak1,20260824T000440-4d7d85d4,20260824T002802-28ff1f83,328.2768839,5000,steady,5000,577.5820313,100876
leak1,20260824T000440-4d7d85d4,20260824T002802-28ff1f83,329.2776649,5000,steady,5000,577.5820313,100876
leak1,20260824T000440-4d7d85d4,20260824T002802-28ff1f83,330.2941959,5000,steady,5000,577.5820313,100876
leak1,20260824T000440-4d7d85d4,20260824T002802-28ff1f83,331.2942612,5000,steady,5000,577.5820313,100876
leak1,20260824T000440-4d7d85d4,20260824T002802-28ff1f83,332.3090904,5000,steady,5000,577.5820313,100876
leak1,20260824T000440-4d7d85d4,20260824T002802-28ff1f83,333.3097071,5000,steady,5000,577.5820313,100876
leak1,20260824T000440-4d7d85d4,20260824T002802-28ff1f83,334.3097107,5000,steady,4999,577.5859375,100876
leak1,20260824T000440-4d7d85d4,20260824T002802-28ff1f83,335.3267117,5000,steady,5000,577.5859375,100876
leak1,20260824T000440-4d7d85d4,20260824T002802-28ff1f83,336.3275363,5000,steady,5000,577.5859375,100876
leak1,20260824T000440-4d7d85d4,20260824T002802-28ff1f83,337.3432039,5000,steady,5000,577.5859375,100876
leak1,20260824T000440-4d7d85d4,20260824T002802-28ff1f83,338.3439347,5000,steady,5000,577.5898438,100876
leak1,20260824T000440-4d7d85d4,20260824T002802-28ff1f83,339.344061,5000,steady,5000,577.65625,100876
leak1,20260824T000440-4d7d85d4,20260824T002802-28ff1f83,340.3588313,5000,steady,5000,577.65625,100876
leak1,20260824T000440-4d7d85d4,20260824T002802-28ff1f83,341.3591838,5000,steady,5000,577.65625,100876
leak1,20260824T000440-4d7d85d4,20260824T002802-28ff1f83,342.3596815,5000,steady,5000,577.65625,100876
leak1,20260824T000440-4d7d85d4,20260824T002802-28ff1f83,343.3613993,5000,steady,5000,577.65625,100876
leak1,20260824T000440-4d7d85d4,20260824T002802-28ff1f83,344.3770503,5000,steady,5000,577.7226563,100876
leak1,20260824T000440-4d7d85d4,20260824T002802-28ff1f83,345.3775544,5000,steady,5000,577.7617188,100876
leak1,20260824T000440-4d7d85d4,20260824T002802-28ff1f83,346.3918526,5000,steady,5000,577.7617188,100876
leak1,20260824T000440-4d7d85d4,20260824T002802-28ff1f83,347.3925586,5000,steady,5000,577.7617188,100876
leak1,20260824T000440-4d7d85d4,20260824T002802-28ff1f83,348.409148,5000,steady,5000,577.7617188,100876
leak1,20260824T000440-4d7d85d4,20260824T002802-28ff1f83,349.4255587,5000,steady,5000,577.7617188,100876
leak1,20260824T000440-4d7d85d4,20260824T002802-28ff1f83,350.4261233,5000,steady,5000,577.8242188,100876
leak1,20260824T000440-4d7d85d4,20260824T002802-28ff1f83,351.4281603,5000,steady,5000,577.8359375,100876
leak1,20260824T000440-4d7d85d4,20260824T002802-28ff1f83,352.441891,5000,steady,4999,577.8359375,100876
leak1,20260824T000440-4d7d85d4,20260824T002802-28ff1f83,353.4431996,5000,steady,5000,577.8359375,100876
leak1,20260824T000440-4d7d85d4,20260824T002802-28ff1f83,354.4587221,5000,steady,5000,577.8359375,100876
leak1,20260824T000440-4d7d85d4,20260824T002802-28ff1f83,355.4601006,5000,steady,5000,577.8359375,100876
leak1,20260824T000440-4d7d85d4,20260824T002802-28ff1f83,356.4764511,5000,steady,5000,577.8359375,100876
leak1,20260824T000440-4d7d85d4,20260824T002802-28ff1f83,357.4918544,5000,steady,4999,577.8398438,100876
leak1,20260824T000440-4d7d85d4,20260824T002802-28ff1f83,358.4921004,5000,steady,5000,577.8398438,100876
leak1,20260824T000440-4d7d85d4,20260824T002802-28ff1f83,359.509211,5000,steady,4999,577.8398438,100876
leak1,20260824T000440-4d7d85d4,20260824T002802-28ff1f83,360.5244022,5000,steady,5000,577.8398438,100876
leak1,20260824T000440-4d7d85d4,20260824T002802-28ff1f83,361.5252132,5000,steady,4999,577.84375,100876
leak1,20260824T000440-4d7d85d4,20260824T002802-28ff1f83,362.5257323,5000,steady,5000,577.84375,100876
leak1,20260824T000440-4d7d85d4,20260824T002802-28ff1f83,363.5261548,5000,steady,5000,577.84375,100876
leak1,20260824T000440-4d7d85d4,20260824T002802-28ff1f83,364.5412954,5000,steady,5000,577.84375,100876
leak1,20260824T000440-4d7d85d4,20260824T002802-28ff1f83,365.5415679,5000,steady,5000,577.84375,100876
leak1,20260824T000440-4d7d85d4,20260824T002802-28ff1f83,366.5419081,5000,steady,5000,577.84375,100876
leak1,20260824T000440-4d7d85d4,20260824T002802-28ff1f83,367.5447222,5000,steady,4999,577.84375,100876
leak1,20260824T000440-4d7d85d4,20260824T002802-28ff1f83,368.5577251,5000,steady,5000,577.84375,100876
leak1,20260824T000440-4d7d85d4,20260824T002802-28ff1f83,369.5587493,5000,steady,5000,577.8476563,100876
leak1,20260824T000440-4d7d85d4,20260824T002802-28ff1f83,370.559151,5000,steady,5000,577.8476563,100876
leak1,20260824T000440-4d7d85d4,20260824T002802-28ff1f83,371.5740247,5000,steady,5000,577.8476563,100876
leak1,20260824T000440-4d7d85d4,20260824T002802-28ff1f83,372.5746669,5000,steady,5000,577.8476563,100876
leak1,20260824T000440-4d7d85d4,20260824T002802-28ff1f83,373.5757418,5000,steady,5000,577.8476563,100876
leak1,20260824T000440-4d7d85d4,20260824T002802-28ff1f83,374.5913871,5000,steady,5000,577.8476563,100876
leak1,20260824T000440-4d7d85d4,20260824T002802-28ff1f83,375.5927351,5000,steady,5000,577.8476563,100876
leak1,20260824T000440-4d7d85d4,20260824T002802-28ff1f83,376.6084475,5000,steady,5000,577.8476563,100876
leak1,20260824T000440-4d7d85d4,20260824T002802-28ff1f83,377.6084652,5000,steady,5000,577.8476563,100876
leak1,20260824T000440-4d7d85d4,20260824T002802-28ff1f83,378.6246492,5000,steady,5000,577.8867188,100876
leak1,20260824T000440-4d7d85d4,20260824T002802-28ff1f83,379.6251081,5000,steady,5000,577.8867188,100876
leak1,20260824T000440-4d7d85d4,20260824T002802-28ff1f83,380.6418981,5000,steady,5000,578.1992188,100876
leak1,20260824T000440-4d7d85d4,20260824T002802-28ff1f83,381.6576041,5000,steady,5000,578.1992188,100876
leak1,20260824T000440-4d7d85d4,20260824T002802-28ff1f83,382.674148,5000,steady,5000,578.1992188,100876
leak1,20260824T000440-4d7d85d4,20260824T002802-28ff1f83,383.6917023,5000,steady,5000,578.1992188,100876
leak1,20260824T000440-4d7d85d4,20260824T002802-28ff1f83,384.7073134,5000,steady,5000,578.1992188,100876
leak1,20260824T000440-4d7d85d4,20260824T002802-28ff1f83,385.7082046,5000,steady,5000,578.1992188,100876
leak1,20260824T000440-4d7d85d4,20260824T002802-28ff1f83,386.724006,5000,steady,5000,578.1992188,100876
leak1,20260824T000440-4d7d85d4,20260824T002802-28ff1f83,387.7243239,5000,steady,5000,578.1992188,100876
leak1,20260824T000440-4d7d85d4,20260824T002802-28ff1f83,388.724429,5000,steady,5000,578.1992188,100876
leak1,20260824T000440-4d7d85d4,20260824T002802-28ff1f83,389.741074,5000,steady,4999,578.1992188,100876
leak1,20260824T000440-4d7d85d4,20260824T002802-28ff1f83,390.757714,5000,steady,5000,578.1992188,100876
leak1,20260824T000440-4d7d85d4,20260824T002802-28ff1f83,391.7579502,5000,steady,5000,578.1992188,100876
leak1,20260824T000440-4d7d85d4,20260824T002802-28ff1f83,392.7580503,5000,steady,5000,578.1992188,100876
leak1,20260824T000440-4d7d85d4,20260824T002802-28ff1f83,393.7746949,5000,steady,5000,578.1992188,100876
leak1,20260824T000440-4d7d85d4,20260824T002802-28ff1f83,394.7893111,5000,steady,5000,578.1992188,100876
leak1,20260824T000440-4d7d85d4,20260824T002802-28ff1f83,395.7894857,5000,steady,5000,578.1992188,100876
leak1,20260824T000440-4d7d85d4,20260824T002802-28ff1f83,396.7898661,5000,steady,5000,578.1992188,100876
leak1,20260824T000440-4d7d85d4,20260824T002802-28ff1f83,397.8062888,5000,steady,5000,578.1992188,100876
leak1,20260824T000440-4d7d85d4,20260824T002802-28ff1f83,398.8067104,5000,steady,5000,578.3125,100876
leak1,20260824T000440-4d7d85d4,20260824T002802-28ff1f83,399.8071232,5000,steady,5000,571.984375,100876
leak1,20260824T000440-4d7d85d4,20260824T002802-28ff1f83,400.8240725,5000,steady,5000,571.984375,100876
leak1,20260824T000440-4d7d85d4,20260824T002802-28ff1f83,401.8412321,5000,steady,5000,572.2421875,100876
leak1,20260824T000440-4d7d85d4,20260824T002802-28ff1f83,402.857764,5000,steady,5000,572.2734375,100876
leak1,20260824T000440-4d7d85d4,20260824T002802-28ff1f83,403.8730594,5000,steady,5000,572.2734375,100876
leak1,20260824T000440-4d7d85d4,20260824T002802-28ff1f83,404.8737169,5000,steady,5000,572.2734375,100876
leak1,20260824T000440-4d7d85d4,20260824T002802-28ff1f83,405.8904388,5000,steady,5000,572.328125,100876
leak1,20260824T000440-4d7d85d4,20260824T002802-28ff1f83,406.9078444,5000,steady,5000,572.359375,100876
leak1,20260824T000440-4d7d85d4,20260824T002802-28ff1f83,407.9229889,5000,steady,4999,572.359375,100876
leak1,20260824T000440-4d7d85d4,20260824T002802-28ff1f83,408.9232824,5000,steady,5000,572.359375,100876
leak1,20260824T000440-4d7d85d4,20260824T002802-28ff1f83,409.9403666,5000,steady,5000,572.359375,100876
leak1,20260824T000440-4d7d85d4,20260824T002802-28ff1f83,410.9571344,5000,steady,5000,572.390625,100876
leak1,20260824T000440-4d7d85d4,20260824T002802-28ff1f83,411.9725503,5000,steady,5000,572.390625,100876
leak1,20260824T000440-4d7d85d4,20260824T002802-28ff1f83,412.9725506,5000,steady,5000,572.390625,100876
leak1,20260824T000440-4d7d85d4,20260824T002802-28ff1f83,413.9727003,5000,steady,5000,572.390625,100876
leak1,20260824T000440-4d7d85d4,20260824T002802-28ff1f83,414.9731879,5000,steady,5000,572.40625,100876
leak1,20260824T000440-4d7d85d4,20260824T002802-28ff1f83,415.9905278,5000,steady,5000,572.40625,100876
leak1,20260824T000440-4d7d85d4,20260824T002802-28ff1f83,416.9917073,5000,steady,5000,572.40625,100876
leak1,20260824T000440-4d7d85d4,20260824T002802-28ff1f83,418.0058851,5000,steady,5000,572.40625,100876
leak1,20260824T000440-4d7d85d4,20260824T002802-28ff1f83,419.0066348,5000,steady,4999,572.40625,100876
leak1,20260824T000440-4d7d85d4,20260824T002802-28ff1f83,420.0232632,5000,steady,5000,572.40625,100876
leak1,20260824T000440-4d7d85d4,20260824T002802-28ff1f83,421.0383096,5000,steady,4999,572.40625,100876
leak1,20260824T000440-4d7d85d4,20260824T002802-28ff1f83,422.0387458,5000,steady,4999,572.40625,100876
leak1,20260824T000440-4d7d85d4,20260824T002802-28ff1f83,423.0410492,5000,steady,5000,572.40625,100876
leak1,20260824T000440-4d7d85d4,20260824T002802-28ff1f83,424.0578538,5000,steady,5000,572.40625,100876
leak1,20260824T000440-4d7d85d4,20260824T002802-28ff1f83,425.074441,5000,steady,5000,572.40625,100876
leak1,20260824T000440-4d7d85d4,20260824T002802-28ff1f83,426.0883144,5000,steady,4999,572.40625,100876
leak1,20260824T000440-4d7d85d4,20260824T002802-28ff1f83,427.0908717,5000,steady,5000,572.40625,100876
leak1,20260824T000440-4d7d85d4,20260824T002802-28ff1f83,428.1084197,5000,steady,5000,572.40625,100876
leak1,20260824T000440-4d7d85d4,20260824T002802-28ff1f83,429.1086083,5000,steady,5000,572.40625,100876
leak1,20260824T000440-4d7d85d4,20260824T002802-28ff1f83,430.124447,5000,steady,5000,572.40625,100876
leak1,20260824T000440-4d7d85d4,20260824T002802-28ff1f83,431.1405001,5000,steady,5000,572.40625,100876
leak1,20260824T000440-4d7d85d4,20260824T002802-28ff1f83,432.1588675,5000,steady,5000,572.5,100876
leak1,20260824T000440-4d7d85d4,20260824T002802-28ff1f83,433.1737008,5000,steady,5000,572.5,100876
leak1,20260824T000440-4d7d85d4,20260824T002802-28ff1f83,434.1904447,5000,steady,5000,572.5,100876
leak1,20260824T000440-4d7d85d4,20260824T002802-28ff1f83,435.2074686,5000,steady,5000,572.5,100876
leak1,20260824T000440-4d7d85d4,20260824T002802-28ff1f83,436.2230678,5000,steady,5000,572.5,100876
leak1,20260824T000440-4d7d85d4,20260824T002802-28ff1f83,437.2246355,5000,steady,5000,572.5,100876
leak1,20260824T000440-4d7d85d4,20260824T002802-28ff1f83,438.2418564,5000,steady,5000,572.5,100876
leak1,20260824T000440-4d7d85d4,20260824T002802-28ff1f83,439.256543,5000,steady,5000,572.5,100876
leak1,20260824T000440-4d7d85d4,20260824T002802-28ff1f83,440.274494,5000,steady,5000,572.5,100876
leak1,20260824T000440-4d7d85d4,20260824T002802-28ff1f83,441.2887963,5000,steady,5000,570.2109375,100876
leak1,20260824T000440-4d7d85d4,20260824T002802-28ff1f83,442.2891016,5000,steady,5000,570.34375,100876
leak1,20260824T000440-4d7d85d4,20260824T002802-28ff1f83,443.3046105,5000,steady,5000,570.6015625,100876
leak1,20260824T000440-4d7d85d4,20260824T002802-28ff1f83,444.3046879,5000,steady,5000,570.6015625,100876
leak1,20260824T000440-4d7d85d4,20260824T002802-28ff1f83,445.3221449,5000,steady,5000,570.6015625,100876
leak1,20260824T000440-4d7d85d4,20260824T002802-28ff1f83,446.3391712,5000,steady,5000,570.6015625,100876
leak1,20260824T000440-4d7d85d4,20260824T002802-28ff1f83,447.3402274,5000,steady,5000,570.640625,100876
leak1,20260824T000440-4d7d85d4,20260824T002802-28ff1f83,448.3548066,5000,steady,5000,570.2695313,100876
leak1,20260824T000440-4d7d85d4,20260824T002802-28ff1f83,449.3551688,5000,steady,5000,570.2695313,100876
leak1,20260824T000440-4d7d85d4,20260824T002802-28ff1f83,450.3709375,5000,steady,5000,570.2695313,100876
leak1,20260824T000440-4d7d85d4,20260824T002802-28ff1f83,451.3715241,5000,steady,5000,570.4882813,100876
leak1,20260824T000440-4d7d85d4,20260824T002802-28ff1f83,452.3729394,5000,steady,5000,570.484375,100876
leak1,20260824T000440-4d7d85d4,20260824T002802-28ff1f83,453.3889211,5000,steady,5000,570.4101563,100876
leak1,20260824T000440-4d7d85d4,20260824T002802-28ff1f83,454.404211,5000,steady,5000,570.2695313,100876
leak1,20260824T000440-4d7d85d4,20260824T002802-28ff1f83,455.4043703,5000,steady,5000,570.2695313,100876
leak1,20260824T000440-4d7d85d4,20260824T002802-28ff1f83,456.4049946,5000,steady,5000,570.375,100876
leak1,20260824T000440-4d7d85d4,20260824T002802-28ff1f83,457.4203057,5000,steady,5000,570.3359375,100876
leak1,20260824T000440-4d7d85d4,20260824T002802-28ff1f83,458.423362,5000,steady,5000,570.3398438,100876
leak1,20260824T000440-4d7d85d4,20260824T002802-28ff1f83,459.4386091,5000,steady,5000,570.71875,100876
leak1,20260824T000440-4d7d85d4,20260824T002802-28ff1f83,460.4386105,5000,steady,5000,570.3398438,100876
leak1,20260824T000440-4d7d85d4,20260824T002802-28ff1f83,461.4554826,5000,steady,5000,570.3398438,100876
leak1,20260824T000440-4d7d85d4,20260824T002802-28ff1f83,462.4718382,5000,steady,5000,570.5976563,100876
leak1,20260824T000440-4d7d85d4,20260824T002802-28ff1f83,463.4879226,5000,steady,5000,570.3398438,100876
leak1,20260824T000440-4d7d85d4,20260824T002802-28ff1f83,464.5044987,5000,steady,5000,570.265625,100876
leak1,20260824T000440-4d7d85d4,20260824T002802-28ff1f83,465.504604,5000,steady,5000,570.2539063,100876
leak1,20260824T000440-4d7d85d4,20260824T002802-28ff1f83,466.5058817,5000,steady,5000,570.5117188,100876
leak1,20260824T000440-4d7d85d4,20260824T002802-28ff1f83,467.5063014,5000,steady,5000,570.5117188,100876
leak1,20260824T000440-4d7d85d4,20260824T002802-28ff1f83,468.5212052,5000,steady,5000,570.4960938,100876
leak1,20260824T000440-4d7d85d4,20260824T002802-28ff1f83,469.5228865,5000,steady,4999,570.4921875,100876
leak1,20260824T000440-4d7d85d4,20260824T002802-28ff1f83,470.5378875,5000,steady,5000,570.4921875,100876
leak1,20260824T000440-4d7d85d4,20260824T002802-28ff1f83,471.5553756,5000,steady,5000,570.9140625,100876
leak1,20260824T000440-4d7d85d4,20260824T002802-28ff1f83,472.5705295,5000,steady,5000,570.4453125,100876
leak1,20260824T000440-4d7d85d4,20260824T002802-28ff1f83,473.5705925,5000,steady,5000,570.2539063,100876
leak1,20260824T000440-4d7d85d4,20260824T002802-28ff1f83,474.5719471,5000,steady,5000,570.2929688,100876
leak1,20260824T000440-4d7d85d4,20260824T002802-28ff1f83,475.5726828,5000,steady,5000,570.1914063,100876
leak1,20260824T000440-4d7d85d4,20260824T002802-28ff1f83,476.5882686,5000,steady,5000,570.078125,100876
leak1,20260824T000440-4d7d85d4,20260824T002802-28ff1f83,477.6090145,5000,steady,5000,570.078125,100876
leak1,20260824T000440-4d7d85d4,20260824T002802-28ff1f83,478.6204812,5000,steady,5000,570.3046875,100876
leak1,20260824T000440-4d7d85d4,20260824T002802-28ff1f83,479.6209838,5000,steady,5000,570.390625,100876
leak1,20260824T000440-4d7d85d4,20260824T002802-28ff1f83,480.6371014,0,idle,4368,569.9726563,100876
leak1,20260824T000440-4d7d85d4,20260824T002802-28ff1f83,481.6508141,0,idle,3446,570.0429688,100876
leak1,20260824T000440-4d7d85d4,20260824T002802-28ff1f83,482.6664622,0,idle,2437,569.8984375,100876
leak1,20260824T000440-4d7d85d4,20260824T002802-28ff1f83,483.6826804,0,idle,1427,569.8984375,100876
leak1,20260824T000440-4d7d85d4,20260824T002802-28ff1f83,484.6980917,0,idle,415,569.8984375,100876
leak1,20260824T000440-4d7d85d4,20260824T002802-28ff1f83,485.713741,0,idle,0,569.8984375,100876
leak1,20260824T000440-4d7d85d4,20260824T002802-28ff1f83,486.7137543,0,idle,0,568.6796875,100876
leak1,20260824T000440-4d7d85d4,20260824T002802-28ff1f83,487.7303763,0,idle,0,568.75,100876
leak1,20260824T000440-4d7d85d4,20260824T002802-28ff1f83,488.7470864,0,idle,0,568.8046875,100876
leak1,20260824T000440-4d7d85d4,20260824T002802-28ff1f83,489.7636665,0,idle,0,569.1914063,100876
leak1,20260824T000440-4d7d85d4,20260824T002802-28ff1f83,490.7800685,0,idle,0,569.1914063,100876
leak1,20260824T000440-4d7d85d4,20260824T002802-28ff1f83,491.7801156,0,idle,0,569.1914063,100876
leak1,20260824T000440-4d7d85d4,20260824T002802-28ff1f83,492.7801516,0,idle,0,569.1914063,100876
leak1,20260824T000440-4d7d85d4,20260824T002802-28ff1f83,493.7966749,0,idle,0,569.1914063,100876
leak1,20260824T000440-4d7d85d4,20260824T002802-28ff1f83,494.8133341,0,idle,0,569.3710938,100876
leak1,20260824T000440-4d7d85d4,20260824T002802-28ff1f83,495.8299763,0,idle,0,569.3710938,100876
leak1,20260824T000440-4d7d85d4,20260824T002802-28ff1f83,496.8465913,0,idle,0,569.3710938,100876
leak1,20260824T000440-4d7d85d4,20260824T002802-28ff1f83,497.8466105,0,idle,0,569.3828125,100876
leak1,20260824T000440-4d7d85d4,20260824T002802-28ff1f83,498.86323,0,idle,0,569.3828125,100876
leak1,20260824T000440-4d7d85d4,20260824T002802-28ff1f83,499.880136,0,idle,0,569.3828125,100876
leak1,20260824T000440-4d7d85d4,20260824T002802-28ff1f83,500.8963744,0,idle,0,574.6640625,100876
leak1,20260824T000440-4d7d85d4,20260824T002802-28ff1f83,501.896504,0,idle,0,574.6640625,100876
leak1,20260824T000440-4d7d85d4,20260824T002802-28ff1f83,502.9130249,0,idle,0,574.6640625,100876
leak1,20260824T000440-4d7d85d4,20260824T002802-28ff1f83,503.9296359,0,idle,0,574.7382813,100876
leak1,20260824T000440-4d7d85d4,20260824T002802-28ff1f83,504.9296505,0,idle,0,574.7382813,100876
leak1,20260824T000440-4d7d85d4,20260824T002802-28ff1f83,505.9462727,0,idle,0,574.7382813,100876
leak1,20260824T000440-4d7d85d4,20260824T002802-28ff1f83,506.9628525,0,idle,0,574.7382813,100876
leak1,20260824T000440-4d7d85d4,20260824T002802-28ff1f83,507.9794683,0,idle,0,574.7382813,100876
leak1,20260824T000440-4d7d85d4,20260824T002802-28ff1f83,508.9795011,0,idle,0,574.7382813,100876
leak1,20260824T000440-4d7d85d4,20260824T002802-28ff1f83,509.9960606,0,idle,0,574.7382813,100876
leak1,20260824T000440-4d7d85d4,20260824T002802-28ff1f83,510.9961321,0,idle,0,574.7382813,100876
leak1,20260824T000440-4d7d85d4,20260824T002802-28ff1f83,512.0126662,0,idle,0,574.7382813,100876
leak1,20260824T000440-4d7d85d4,20260824T002802-28ff1f83,513.0293102,0,idle,0,574.7773438,100876
leak1,20260824T000440-4d7d85d4,20260824T002802-28ff1f83,514.0459165,0,idle,0,574.78125,100876
leak1,20260824T000440-4d7d85d4,20260824T002802-28ff1f83,515.0625067,0,idle,0,574.78125,100876
leak1,20260824T000440-4d7d85d4,20260824T002802-28ff1f83,516.0790879,0,idle,0,574.78125,100876
leak1,20260824T000440-4d7d85d4,20260824T002802-28ff1f83,517.0791331,0,idle,0,574.78125,100876
leak1,20260824T000440-4d7d85d4,20260824T002802-28ff1f83,518.0792795,0,idle,0,574.78125,100876
leak1,20260824T000440-4d7d85d4,20260824T002802-28ff1f83,519.095682,0,idle,0,574.7929688,100876
leak1,20260824T000440-4d7d85d4,20260824T002802-28ff1f83,520.1123079,0,idle,0,574.8671875,100876
leak1,20260824T000440-4d7d85d4,20260824T002802-28ff1f83,521.1289391,0,idle,0,574.8671875,100876
leak1,20260824T000440-4d7d85d4,20260824T002802-28ff1f83,522.1456699,0,idle,0,574.9101563,100876
leak1,20260824T000440-4d7d85d4,20260824T002802-28ff1f83,523.1622582,0,idle,0,574.9257813,100876
leak1,20260824T000440-4d7d85d4,20260824T002802-28ff1f83,524.178859,0,idle,0,574.9257813,100876
leak1,20260824T000440-4d7d85d4,20260824T002802-28ff1f83,525.195425,0,idle,0,574.9257813,100876
leak1,20260824T000440-4d7d85d4,20260824T002802-28ff1f83,526.1954273,0,idle,0,574.9257813,100876
leak1,20260824T000440-4d7d85d4,20260824T002802-28ff1f83,527.1954297,0,idle,0,574.9335938,100876
leak1,20260824T000440-4d7d85d4,20260824T002802-28ff1f83,528.2120025,0,idle,0,574.9414063,100876
leak1,20260824T000440-4d7d85d4,20260824T002802-28ff1f83,529.2286446,0,idle,0,574.9414063,100876
leak1,20260824T000440-4d7d85d4,20260824T002802-28ff1f83,530.2287247,0,idle,0,574.9414063,100876
leak1,20260824T000440-4d7d85d4,20260824T002802-28ff1f83,531.2453079,0,idle,0,575.0039063,100876
leak1,20260824T000440-4d7d85d4,20260824T002802-28ff1f83,532.2618577,0,idle,0,575.0039063,100876
leak1,20260824T000440-4d7d85d4,20260824T002802-28ff1f83,533.261867,0,idle,0,575.0039063,100876
leak1,20260824T000440-4d7d85d4,20260824T002802-28ff1f83,534.2784848,0,idle,0,575.0039063,100876
leak1,20260824T000440-4d7d85d4,20260824T002802-28ff1f83,535.2951491,0,idle,0,575.0039063,100876
leak1,20260824T000440-4d7d85d4,20260824T002802-28ff1f83,536.3117726,0,idle,0,575.0039063,100876
leak1,20260824T000440-4d7d85d4,20260824T002802-28ff1f83,537.328292,0,idle,0,575.0039063,100876
leak1,20260824T000440-4d7d85d4,20260824T002802-28ff1f83,538.3283089,0,idle,0,575.0039063,100876
leak1,20260824T000440-4d7d85d4,20260824T002802-28ff1f83,539.3449184,0,idle,0,575.0039063,100876
leak1,20260824T000440-4d7d85d4,20260824T002802-28ff1f83,540.3616181,0,idle,0,575.0585938,100876
leak1,20260824T000440-4d7d85d4,20260824T002802-28ff1f83,541.3782693,0,idle,0,575.0585938,100876
leak1,20260824T000440-4d7d85d4,20260824T002802-28ff1f83,542.3948058,0,idle,0,575.0585938,100876
leak1,20260824T000440-4d7d85d4,20260824T002802-28ff1f83,543.4114237,0,idle,0,575.0585938,100876
leak1,20260824T000440-4d7d85d4,20260824T002802-28ff1f83,544.4114317,0,idle,0,575.0585938,100876
leak1,20260824T000440-4d7d85d4,20260824T002802-28ff1f83,545.4280536,0,idle,0,575.0585938,100876
leak1,20260824T000440-4d7d85d4,20260824T002802-28ff1f83,546.444629,0,idle,0,575.0585938,100876
leak1,20260824T000440-4d7d85d4,20260824T002802-28ff1f83,547.4613205,0,idle,0,575.0585938,100876
leak1,20260824T000440-4d7d85d4,20260824T002802-28ff1f83,548.47787,0,idle,0,575.0585938,100876
leak1,20260824T000440-4d7d85d4,20260824T002802-28ff1f83,549.4944929,0,idle,0,575.0585938,100876
leak1,20260824T000440-4d7d85d4,20260824T002802-28ff1f83,550.4945139,0,idle,0,575.0625,100876
leak1,20260824T000440-4d7d85d4,20260824T002802-28ff1f83,551.5111039,0,idle,0,575.0703125,100876
leak1,20260824T000440-4d7d85d4,20260824T002802-28ff1f83,552.5112261,0,idle,0,575.0703125,100876
leak1,20260824T000440-4d7d85d4,20260824T002802-28ff1f83,553.5276917,0,idle,0,575.0703125,100876
leak1,20260824T000440-4d7d85d4,20260824T002802-28ff1f83,554.5443834,0,idle,0,575.0703125,100876
leak1,20260824T000440-4d7d85d4,20260824T002802-28ff1f83,555.5609441,0,idle,0,575.0703125,100876
leak1,20260824T000440-4d7d85d4,20260824T002802-28ff1f83,556.5775798,0,idle,0,575.0703125,100876
leak1,20260824T000440-4d7d85d4,20260824T002802-28ff1f83,557.5942348,0,idle,0,575.0703125,100876
leak1,20260824T000440-4d7d85d4,20260824T002802-28ff1f83,558.6108667,0,idle,0,575.0703125,100876
leak1,20260824T000440-4d7d85d4,20260824T002802-28ff1f83,559.6274208,0,idle,0,575.0703125,100876
leak1,20260824T000440-4d7d85d4,20260824T002802-28ff1f83,560.6441061,0,idle,0,575.0703125,100876
leak1,20260824T000440-4d7d85d4,20260824T002802-28ff1f83,561.6606897,0,idle,0,575.1328125,100876
leak1,20260824T000440-4d7d85d4,20260824T002802-28ff1f83,562.6773427,0,idle,0,575.1328125,100876
leak1,20260824T000440-4d7d85d4,20260824T002802-28ff1f83,563.6773609,0,idle,0,575.1328125,100876
leak1,20260824T000440-4d7d85d4,20260824T002802-28ff1f83,564.6938903,0,idle,0,575.1328125,100876
leak1,20260824T000440-4d7d85d4,20260824T002802-28ff1f83,565.7105279,0,idle,0,575.1328125,100876
leak1,20260824T000440-4d7d85d4,20260824T002802-28ff1f83,566.7277083,0,idle,0,575.1328125,100876
leak1,20260824T000440-4d7d85d4,20260824T002802-28ff1f83,567.7437531,0,idle,0,575.1328125,100876
leak1,20260824T000440-4d7d85d4,20260824T002802-28ff1f83,568.7604331,0,idle,0,575.1328125,100876
leak1,20260824T000440-4d7d85d4,20260824T002802-28ff1f83,569.7770896,0,idle,0,575.1328125,100876
leak1,20260824T000440-4d7d85d4,20260824T002802-28ff1f83,570.7936657,0,idle,0,575.1328125,100876
leak1,20260824T000440-4d7d85d4,20260824T002802-28ff1f83,571.8102839,0,idle,0,575.1328125,100876
leak1,20260824T000440-4d7d85d4,20260824T002802-28ff1f83,572.8269056,0,idle,0,575.1328125,100876
leak1,20260824T000440-4d7d85d4,20260824T002802-28ff1f83,573.8435277,0,idle,0,575.1328125,100876
leak1,20260824T000440-4d7d85d4,20260824T002802-28ff1f83,574.8436525,0,idle,0,575.171875,100876
leak1,20260824T000440-4d7d85d4,20260824T002802-28ff1f83,575.8601278,0,idle,0,575.1835938,100876
leak1,20260824T000440-4d7d85d4,20260824T002802-28ff1f83,576.876751,0,idle,0,575.1835938,100876
leak1,20260824T000440-4d7d85d4,20260824T002802-28ff1f83,577.8769079,0,idle,0,575.1835938,100876
leak1,20260824T000440-4d7d85d4,20260824T002802-28ff1f83,578.8933843,0,idle,0,575.1835938,100876
leak1,20260824T000440-4d7d85d4,20260824T002802-28ff1f83,579.9099302,0,idle,0,575.2695313,100876
leak1,20260824T000440-4d7d85d4,20260824T002802-28ff1f83,580.9099491,0,idle,0,575.2695313,100876
leak1,20260824T000440-4d7d85d4,20260824T002802-28ff1f83,581.9265078,0,idle,0,575.2695313,100876
leak1,20260824T000440-4d7d85d4,20260824T002802-28ff1f83,582.9431837,0,idle,0,575.2851563,100876
leak1,20260824T000440-4d7d85d4,20260824T002802-28ff1f83,583.9597362,0,idle,0,575.2851563,100876
leak1,20260824T000440-4d7d85d4,20260824T002802-28ff1f83,584.976379,0,idle,0,575.2890625,100876
leak1,20260824T000440-4d7d85d4,20260824T002802-28ff1f83,585.9930493,0,idle,0,575.2890625,100876
leak1,20260824T000440-4d7d85d4,20260824T002802-28ff1f83,587.0096632,0,idle,0,575.3046875,100876
leak1,20260824T000440-4d7d85d4,20260824T002802-28ff1f83,588.0263366,0,idle,0,575.3046875,100876
leak1,20260824T000440-4d7d85d4,20260824T002802-28ff1f83,589.0429404,0,idle,0,575.3046875,100876
leak1,20260824T000440-4d7d85d4,20260824T002802-28ff1f83,590.0595737,0,idle,0,575.3046875,100876
leak1,20260824T000440-4d7d85d4,20260824T002802-28ff1f83,591.0761457,0,idle,0,575.3203125,100876
leak1,20260824T000440-4d7d85d4,20260824T002802-28ff1f83,592.0927466,0,idle,0,575.3203125,100876
leak1,20260824T000440-4d7d85d4,20260824T002802-28ff1f83,593.10933,0,idle,0,575.3945313,100876
leak1,20260824T000440-4d7d85d4,20260824T002802-28ff1f83,594.1093418,0,idle,0,575.3945313,100876
leak1,20260824T000440-4d7d85d4,20260824T002802-28ff1f83,595.1093632,0,idle,0,575.3984375,100876
leak1,20260824T000440-4d7d85d4,20260824T002802-28ff1f83,596.1259271,0,idle,0,575.3984375,100876
leak1,20260824T000440-4d7d85d4,20260824T002802-28ff1f83,597.1425727,0,idle,0,575.4023438,100876
leak1,20260824T000440-4d7d85d4,20260824T002802-28ff1f83,598.1592352,0,idle,0,575.4023438,100876
leak1,20260824T000440-4d7d85d4,20260824T002802-28ff1f83,599.1592619,0,idle,0,575.4023438,100876
frame2_base,20260824T013954-3c2c12e4,20260824T014126-351a7933,0.01644661702,0,idle,0,487.4921875,100898
frame2_base,20260824T013954-3c2c12e4,20260824T014126-351a7933,1.033073807,0,idle,0,487.5117188,100898
frame2_base,20260824T013954-3c2c12e4,20260824T014126-351a7933,2.049725032,0,idle,0,487.5234375,100898
frame2_base,20260824T013954-3c2c12e4,20260824T014126-351a7933,3.066328297,0,idle,0,487.53125,100898
frame2_base,20260824T013954-3c2c12e4,20260824T014126-351a7933,4.082925079,0,idle,0,487.3125,100898
frame2_base,20260824T013954-3c2c12e4,20260824T014126-351a7933,5.083017917,0,idle,0,487.3125,100898
frame2_base,20260824T013954-3c2c12e4,20260824T014126-351a7933,6.099705441,0,idle,0,487.515625,100898
frame2_base,20260824T013954-3c2c12e4,20260824T014126-351a7933,7.099882147,0,idle,0,487.6289063,100898
frame2_base,20260824T013954-3c2c12e4,20260824T014126-351a7933,8.116101685,0,idle,0,487.6367188,100898
frame2_base,20260824T013954-3c2c12e4,20260824T014126-351a7933,9.116126292,0,idle,0,487.5742188,100898
frame2_base,20260824T013954-3c2c12e4,20260824T014126-351a7933,10.11615459,0,idle,0,487.6054688,100898
frame2_base,20260824T013954-3c2c12e4,20260824T014126-351a7933,11.13272905,0,idle,0,487.6132813,100898
frame2_base,20260824T013954-3c2c12e4,20260824T014126-351a7933,12.14935376,0,idle,0,487.6328125,100898
frame2_base,20260824T013954-3c2c12e4,20260824T014126-351a7933,13.16591318,0,idle,0,487.6640625,100898
frame2_base,20260824T013954-3c2c12e4,20260824T014126-351a7933,14.16603209,0,idle,0,488.0234375,100898
frame2_base,20260824T013954-3c2c12e4,20260824T014126-351a7933,15.1825068,0,idle,0,488.0507813,100898
frame2_base,20260824T013954-3c2c12e4,20260824T014126-351a7933,16.18250723,0,idle,0,488.0976563,100898
frame2_base,20260824T013954-3c2c12e4,20260824T014126-351a7933,17.19915757,0,idle,0,488.15625,100898
frame2_base,20260824T013954-3c2c12e4,20260824T014126-351a7933,18.19918354,0,idle,0,488.171875,100898
frame2_base,20260824T013954-3c2c12e4,20260824T014126-351a7933,19.21572589,0,idle,0,488.2304688,100898
frame2_base,20260824T013954-3c2c12e4,20260824T014126-351a7933,20.23238731,0,idle,0,488.2304688,100898
frame2_base,20260824T013954-3c2c12e4,20260824T014126-351a7933,21.24900024,0,idle,0,488.2304688,100898
frame2_base,20260824T013954-3c2c12e4,20260824T014126-351a7933,22.26554472,0,idle,0,488.2460938,100898
frame2_base,20260824T013954-3c2c12e4,20260824T014126-351a7933,23.28229285,0,idle,0,488.3359375,100898
frame2_base,20260824T013954-3c2c12e4,20260824T014126-351a7933,24.29891978,0,idle,0,488.3359375,100898
frame2_base,20260824T013954-3c2c12e4,20260824T014126-351a7933,25.3154729,0,idle,0,488.6484375,100898
frame2_base,20260824T013954-3c2c12e4,20260824T014126-351a7933,26.33204916,0,idle,0,488.8984375,100898
frame2_base,20260824T013954-3c2c12e4,20260824T014126-351a7933,27.3320741,0,idle,0,488.953125,100898
frame2_base,20260824T013954-3c2c12e4,20260824T014126-351a7933,28.33212431,0,idle,0,489.0664063,100898
frame2_base,20260824T013954-3c2c12e4,20260824T014126-351a7933,29.34870178,0,idle,0,489.3789063,100898
frame2_base,20260824T013954-3c2c12e4,20260824T014126-351a7933,30.34870736,0,idle,0,489.3945313,100898
frame2_base,20260824T013954-3c2c12e4,20260824T014126-351a7933,31.3652958,0,idle,0,489.4023438,100898
frame2_base,20260824T013954-3c2c12e4,20260824T014126-351a7933,32.38190809,0,idle,0,489.4375,100898
frame2_base,20260824T013954-3c2c12e4,20260824T014126-351a7933,33.39843691,0,idle,0,489.4648438,100898
frame2_base,20260824T013954-3c2c12e4,20260824T014126-351a7933,34.39846554,0,idle,0,489.4726563,100898
frame2_base,20260824T013954-3c2c12e4,20260824T014126-351a7933,35.41508464,0,idle,0,489.4804688,100898
frame2_base,20260824T013954-3c2c12e4,20260824T014126-351a7933,36.43172819,0,idle,0,489.5078125,100898
frame2_base,20260824T013954-3c2c12e4,20260824T014126-351a7933,37.44836381,0,idle,0,489.5625,100898
frame2_base,20260824T013954-3c2c12e4,20260824T014126-351a7933,38.44838404,0,idle,0,489.5625,100898
frame2_base,20260824T013954-3c2c12e4,20260824T014126-351a7933,39.46493533,0,idle,0,489.5703125,100898
frame2_base,20260824T013954-3c2c12e4,20260824T014126-351a7933,40.48152849,0,idle,0,489.578125,100898
frame2_base,20260824T013954-3c2c12e4,20260824T014126-351a7933,41.48154816,0,idle,0,489.6171875,100898
frame2_base,20260824T013954-3c2c12e4,20260824T014126-351a7933,42.49829316,0,idle,0,489.6484375,100898
frame2_base,20260824T013954-3c2c12e4,20260824T014126-351a7933,43.51480715,0,idle,0,489.6484375,100898
frame2_base,20260824T013954-3c2c12e4,20260824T014126-351a7933,44.53134548,0,idle,0,489.6484375,100898
frame2_base,20260824T013954-3c2c12e4,20260824T014126-351a7933,45.53135267,0,idle,0,489.6484375,100898
frame2_base,20260824T013954-3c2c12e4,20260824T014126-351a7933,46.54798533,0,idle,0,489.6640625,100898
frame2_base,20260824T013954-3c2c12e4,20260824T014126-351a7933,47.56463102,0,idle,0,489.671875,100898
frame2_base,20260824T013954-3c2c12e4,20260824T014126-351a7933,48.58124328,0,idle,0,489.6796875,100898
frame2_base,20260824T013954-3c2c12e4,20260824T014126-351a7933,49.59784691,0,idle,0,489.6953125,100898
frame2_base,20260824T013954-3c2c12e4,20260824T014126-351a7933,50.61444504,0,idle,0,489.703125,100898
frame2_base,20260824T013954-3c2c12e4,20260824T014126-351a7933,51.61453574,0,idle,0,489.734375,100898
frame2_base,20260824T013954-3c2c12e4,20260824T014126-351a7933,52.6311388,0,idle,0,489.7460938,100898
frame2_base,20260824T013954-3c2c12e4,20260824T014126-351a7933,53.647752,0,idle,0,489.7578125,100898
frame2_base,20260824T013954-3c2c12e4,20260824T014126-351a7933,54.64778456,0,idle,0,489.8359375,100898
frame2_base,20260824T013954-3c2c12e4,20260824T014126-351a7933,55.6642541,0,idle,0,489.8359375,100898
frame2_base,20260824T013954-3c2c12e4,20260824T014126-351a7933,56.68099298,0,idle,0,489.8398438,100898
frame2_base,20260824T013954-3c2c12e4,20260824T014126-351a7933,57.69757253,0,idle,0,489.84375,100898
frame2_base,20260824T013954-3c2c12e4,20260824T014126-351a7933,58.71415159,0,idle,0,489.9804688,100898
frame2_base,20260824T013954-3c2c12e4,20260824T014126-351a7933,59.73078032,0,idle,0,489.9804688,100898
frame2,20260824T013954-3c2c12e4,20260824T014341-a12ef899,0.02074205899,2000,steady,2000,497.4375,100898
frame2,20260824T013954-3c2c12e4,20260824T014341-a12ef899,1.037408413,2000,steady,2000,497.4375,100898
frame2,20260824T013954-3c2c12e4,20260824T014341-a12ef899,2.053900698,2000,steady,2000,497.4375,100898
frame2,20260824T013954-3c2c12e4,20260824T014341-a12ef899,3.055611462,2000,steady,2000,497.4375,100898
frame2,20260824T013954-3c2c12e4,20260824T014341-a12ef899,4.070700787,2000,steady,2000,497.4414063,100898
frame2,20260824T013954-3c2c12e4,20260824T014341-a12ef899,5.086278988,2000,steady,1999,497.4414063,100898
frame2,20260824T013954-3c2c12e4,20260824T014341-a12ef899,6.086425708,2000,steady,2000,497.4414063,100898
frame2,20260824T013954-3c2c12e4,20260824T014341-a12ef899,7.086465575,2000,steady,2000,497.4414063,100898
frame2,20260824T013954-3c2c12e4,20260824T014341-a12ef899,8.086842711,2000,steady,2000,497.4414063,100898
frame2,20260824T013954-3c2c12e4,20260824T014341-a12ef899,9.103967464,2000,steady,2000,497.515625,100898
frame2,20260824T013954-3c2c12e4,20260824T014341-a12ef899,10.11958694,2000,steady,2000,497.515625,100898
frame2,20260824T013954-3c2c12e4,20260824T014341-a12ef899,11.12017596,2000,steady,2000,497.5195313,100898
frame2,20260824T013954-3c2c12e4,20260824T014341-a12ef899,12.13673062,2000,steady,2000,497.5273438,100898
frame2,20260824T013954-3c2c12e4,20260824T014341-a12ef899,13.13821962,2000,steady,2000,497.6171875,100898
frame2,20260824T013954-3c2c12e4,20260824T014341-a12ef899,14.15386695,2000,steady,2000,497.6171875,100898
frame2,20260824T013954-3c2c12e4,20260824T014341-a12ef899,15.16981739,2000,steady,2000,497.6171875,100898
frame2,20260824T013954-3c2c12e4,20260824T014341-a12ef899,16.17015566,2000,steady,2000,497.6171875,100898
frame2,20260824T013954-3c2c12e4,20260824T014341-a12ef899,17.18577971,2000,steady,2000,497.6328125,100898
frame2,20260824T013954-3c2c12e4,20260824T014341-a12ef899,18.18658426,2000,steady,1999,497.6328125,100898
frame2,20260824T013954-3c2c12e4,20260824T014341-a12ef899,19.18760985,2000,steady,2000,497.6328125,100898
frame2,20260824T013954-3c2c12e4,20260824T014341-a12ef899,20.20379603,2000,steady,2000,497.6367188,100898
frame2,20260824T013954-3c2c12e4,20260824T014341-a12ef899,21.21904174,2000,steady,2000,497.6523438,100898
frame2,20260824T013954-3c2c12e4,20260824T014341-a12ef899,22.21970712,2000,steady,2000,497.6523438,100898
frame2,20260824T013954-3c2c12e4,20260824T014341-a12ef899,23.21997635,2000,steady,2000,497.6875,100898
frame2,20260824T013954-3c2c12e4,20260824T014341-a12ef899,24.23606877,2000,steady,2000,497.6875,100898
frame2,20260824T013954-3c2c12e4,20260824T014341-a12ef899,25.23661894,2000,steady,2000,497.703125,100898
frame2,20260824T013954-3c2c12e4,20260824T014341-a12ef899,26.23809101,2000,steady,2000,497.703125,100898
frame2,20260824T013954-3c2c12e4,20260824T014341-a12ef899,27.23818234,2000,steady,2000,497.703125,100898
frame2,20260824T013954-3c2c12e4,20260824T014341-a12ef899,28.25517626,2000,steady,2000,497.703125,100898
frame2,20260824T013954-3c2c12e4,20260824T014341-a12ef899,29.27046578,2000,steady,2000,497.703125,100898
frame2,20260824T013954-3c2c12e4,20260824T014341-a12ef899,30.28641323,2000,steady,2000,497.703125,100898
frame2,20260824T013954-3c2c12e4,20260824T014341-a12ef899,31.28739623,2000,steady,2000,497.703125,100898
frame2,20260824T013954-3c2c12e4,20260824T014341-a12ef899,32.30422036,2000,steady,2000,497.703125,100898
frame2,20260824T013954-3c2c12e4,20260824T014341-a12ef899,33.32063377,2000,steady,2000,497.703125,100898
frame2,20260824T013954-3c2c12e4,20260824T014341-a12ef899,34.33778163,2000,steady,2000,497.703125,100898
frame2,20260824T013954-3c2c12e4,20260824T014341-a12ef899,35.3534888,2000,steady,2000,497.703125,100898
frame2,20260824T013954-3c2c12e4,20260824T014341-a12ef899,36.35394607,2000,steady,2000,497.703125,100898
frame2,20260824T013954-3c2c12e4,20260824T014341-a12ef899,37.37199753,2000,steady,2000,497.703125,100898
frame2,20260824T013954-3c2c12e4,20260824T014341-a12ef899,38.38765385,2000,steady,2000,497.7304688,100898
frame2,20260824T013954-3c2c12e4,20260824T014341-a12ef899,39.40555121,2000,steady,2000,497.7304688,100898
frame2,20260824T013954-3c2c12e4,20260824T014341-a12ef899,40.42001527,2000,steady,2000,497.7304688,100898
frame2,20260824T013954-3c2c12e4,20260824T014341-a12ef899,41.43757476,2000,steady,2000,497.7304688,100898
frame2,20260824T013954-3c2c12e4,20260824T014341-a12ef899,42.45411686,2000,steady,2000,497.7304688,100898
frame2,20260824T013954-3c2c12e4,20260824T014341-a12ef899,43.4701654,2000,steady,2000,497.7304688,100898
frame2,20260824T013954-3c2c12e4,20260824T014341-a12ef899,44.47095002,2000,steady,2000,497.7304688,100898
frame2,20260824T013954-3c2c12e4,20260824T014341-a12ef899,45.48706665,2000,steady,2000,497.7304688,100898
frame2,20260824T013954-3c2c12e4,20260824T014341-a12ef899,46.50439162,2000,steady,2000,497.7304688,100898
frame2,20260824T013954-3c2c12e4,20260824T014341-a12ef899,47.52025523,2000,steady,2000,497.7304688,100898
frame2,20260824T013954-3c2c12e4,20260824T014341-a12ef899,48.53653753,2000,steady,2000,497.7304688,100898
frame2,20260824T013954-3c2c12e4,20260824T014341-a12ef899,49.55319745,2000,steady,2000,497.7304688,100898
frame2,20260824T013954-3c2c12e4,20260824T014341-a12ef899,50.57011213,2000,steady,2000,497.7304688,100898
frame2,20260824T013954-3c2c12e4,20260824T014341-a12ef899,51.57117736,2000,steady,2000,497.7304688,100898
frame2,20260824T013954-3c2c12e4,20260824T014341-a12ef899,52.58546055,2000,steady,1999,497.7304688,100898
frame2,20260824T013954-3c2c12e4,20260824T014341-a12ef899,53.58607341,2000,steady,2000,497.7304688,100898
frame2,20260824T013954-3c2c12e4,20260824T014341-a12ef899,54.60144402,2000,steady,2000,497.7382813,100898
frame2,20260824T013954-3c2c12e4,20260824T014341-a12ef899,55.61821069,2000,steady,2000,497.796875,100898
frame2,20260824T013954-3c2c12e4,20260824T014341-a12ef899,56.63430113,2000,steady,2000,497.796875,100898
frame2,20260824T013954-3c2c12e4,20260824T014341-a12ef899,57.63441652,2000,steady,2000,497.8046875,100898
frame2,20260824T013954-3c2c12e4,20260824T014341-a12ef899,58.6358866,2000,steady,2000,497.8046875,100898
frame2,20260824T013954-3c2c12e4,20260824T014341-a12ef899,59.6508209,2000,steady,2000,497.8046875,100898
frame2,20260824T013954-3c2c12e4,20260824T014531-a30202cf,0.023547697,4000,steady,3998,496.8203125,100898
frame2,20260824T013954-3c2c12e4,20260824T014531-a30202cf,1.025755564,4000,steady,4000,496.8203125,100898
frame2,20260824T013954-3c2c12e4,20260824T014531-a30202cf,2.042203734,4000,steady,4000,496.8203125,100898
frame2,20260824T013954-3c2c12e4,20260824T014531-a30202cf,3.059309602,4000,steady,4000,496.8203125,100898
frame2,20260824T013954-3c2c12e4,20260824T014531-a30202cf,4.076441709,4000,steady,4000,496.8203125,100898
frame2,20260824T013954-3c2c12e4,20260824T014531-a30202cf,5.093146155,4000,steady,3999,496.953125,100898
frame2,20260824T013954-3c2c12e4,20260824T014531-a30202cf,6.108427164,4000,steady,4000,496.953125,100898
frame2,20260824T013954-3c2c12e4,20260824T014531-a30202cf,7.127724616,4000,steady,4000,496.953125,100898
frame2,20260824T013954-3c2c12e4,20260824T014531-a30202cf,8.141101785,4000,steady,4000,496.953125,100898
frame2,20260824T013954-3c2c12e4,20260824T014531-a30202cf,9.158602671,4000,steady,4000,496.953125,100898
frame2,20260824T013954-3c2c12e4,20260824T014531-a30202cf,10.17611856,4000,steady,4000,496.953125,100898
frame2,20260824T013954-3c2c12e4,20260824T014531-a30202cf,11.19087087,4000,steady,4000,497.1992188,100898
frame2,20260824T013954-3c2c12e4,20260824T014531-a30202cf,12.20897866,4000,steady,4000,497.1992188,100898
frame2,20260824T013954-3c2c12e4,20260824T014531-a30202cf,13.22493714,4000,steady,4000,497.1992188,100898
frame2,20260824T013954-3c2c12e4,20260824T014531-a30202cf,14.24177635,4000,steady,4000,497.1992188,100898
frame2,20260824T013954-3c2c12e4,20260824T014531-a30202cf,15.25830871,4000,steady,4000,497.1992188,100898
frame2,20260824T013954-3c2c12e4,20260824T014531-a30202cf,16.27512652,4000,steady,4000,497.1992188,100898
frame2,20260824T013954-3c2c12e4,20260824T014531-a30202cf,17.29033759,4000,steady,4000,497.1992188,100898
frame2,20260824T013954-3c2c12e4,20260824T014531-a30202cf,18.30787732,4000,steady,4000,497.1992188,100898
frame2,20260824T013954-3c2c12e4,20260824T014531-a30202cf,19.32483965,4000,steady,4000,497.1992188,100898
frame2,20260824T013954-3c2c12e4,20260824T014531-a30202cf,20.34138414,4000,steady,4000,497.203125,100898
frame2,20260824T013954-3c2c12e4,20260824T014531-a30202cf,21.35769433,4000,steady,3999,497.203125,100898
frame2,20260824T013954-3c2c12e4,20260824T014531-a30202cf,22.35832505,4000,steady,4000,497.203125,100898
frame2,20260824T013954-3c2c12e4,20260824T014531-a30202cf,23.37466622,4000,steady,4000,497.2070313,100898
frame2,20260824T013954-3c2c12e4,20260824T014531-a30202cf,24.39168223,4000,steady,4000,497.2460938,100898
frame2,20260824T013954-3c2c12e4,20260824T014531-a30202cf,25.39174859,4000,steady,3999,497.25,100898
frame2,20260824T013954-3c2c12e4,20260824T014531-a30202cf,26.40725554,4000,steady,3999,497.25,100898
frame2,20260824T013954-3c2c12e4,20260824T014531-a30202cf,27.42530697,4000,steady,4000,497.25,100898
frame2,20260824T013954-3c2c12e4,20260824T014531-a30202cf,28.44198649,4000,steady,4000,497.25,100898
frame2,20260824T013954-3c2c12e4,20260824T014531-a30202cf,29.45801274,4000,steady,4000,497.25,100898
frame2,20260824T013954-3c2c12e4,20260824T014531-a30202cf,30.47544094,4000,steady,4000,497.2578125,100898
frame2,20260824T013954-3c2c12e4,20260824T014531-a30202cf,31.49137953,4000,steady,4000,497.2578125,100898
frame2,20260824T013954-3c2c12e4,20260824T014531-a30202cf,32.50768718,4000,steady,4000,497.3203125,100898
frame2,20260824T013954-3c2c12e4,20260824T014531-a30202cf,33.52483535,4000,steady,4000,497.3203125,100898
frame2,20260824T013954-3c2c12e4,20260824T014531-a30202cf,34.54055665,4000,steady,4000,497.3828125,100898
frame2,20260824T013954-3c2c12e4,20260824T014531-a30202cf,35.55708544,4000,steady,4000,497.390625,100898
frame2,20260824T013954-3c2c12e4,20260824T014531-a30202cf,36.57471845,4000,steady,4000,497.390625,100898
frame2,20260824T013954-3c2c12e4,20260824T014531-a30202cf,37.59023883,4000,steady,4000,497.390625,100898
frame2,20260824T013954-3c2c12e4,20260824T014531-a30202cf,38.60660536,4000,steady,4000,497.390625,100898
frame2,20260824T013954-3c2c12e4,20260824T014531-a30202cf,39.62464985,4000,steady,4000,497.390625,100898
frame2,20260824T013954-3c2c12e4,20260824T014531-a30202cf,40.64199042,4000,steady,4000,497.390625,100898
frame2,20260824T013954-3c2c12e4,20260824T014531-a30202cf,41.65647105,4000,steady,4000,497.390625,100898
frame2,20260824T013954-3c2c12e4,20260824T014531-a30202cf,42.67294566,4000,steady,3987,497.390625,100898
frame2,20260824T013954-3c2c12e4,20260824T014531-a30202cf,43.6738607,4000,steady,4000,497.390625,100898
frame2,20260824T013954-3c2c12e4,20260824T014531-a30202cf,44.67609471,4000,steady,4000,497.390625,100898
frame2,20260824T013954-3c2c12e4,20260824T014531-a30202cf,45.68899538,4000,steady,4000,497.390625,100898
frame2,20260824T013954-3c2c12e4,20260824T014531-a30202cf,46.68933632,4000,steady,4000,497.390625,100898
frame2,20260824T013954-3c2c12e4,20260824T014531-a30202cf,47.70516308,4000,steady,4000,497.4726563,100898
frame2,20260824T013954-3c2c12e4,20260824T014531-a30202cf,48.72264412,4000,steady,3999,497.4726563,100898
frame2,20260824T013954-3c2c12e4,20260824T014531-a30202cf,49.73973378,4000,steady,3999,497.4726563,100898
frame2,20260824T013954-3c2c12e4,20260824T014531-a30202cf,50.75573992,4000,steady,3999,497.4726563,100898
frame2,20260824T013954-3c2c12e4,20260824T014531-a30202cf,51.77105713,4000,steady,4000,497.4726563,100898
frame2,20260824T013954-3c2c12e4,20260824T014531-a30202cf,52.77159716,4000,steady,3999,497.4726563,100898
frame2,20260824T013954-3c2c12e4,20260824T014531-a30202cf,53.7879079,4000,steady,3999,497.5859375,100898
frame2,20260824T013954-3c2c12e4,20260824T014531-a30202cf,54.78980051,4000,steady,4000,497.5859375,100898
frame2,20260824T013954-3c2c12e4,20260824T014531-a30202cf,55.80510724,4000,steady,4000,497.5859375,100898
frame2,20260824T013954-3c2c12e4,20260824T014531-a30202cf,56.8054111,4000,steady,3999,497.5859375,100898
frame2,20260824T013954-3c2c12e4,20260824T014531-a30202cf,57.82149192,4000,steady,4000,497.5859375,100898
frame2,20260824T013954-3c2c12e4,20260824T014531-a30202cf,58.8376876,4000,steady,3999,497.5859375,100898
frame2,20260824T013954-3c2c12e4,20260824T014531-a30202cf,59.85389391,4000,steady,3999,497.5859375,100898
frame2,20260824T013954-3c2c12e4,20260824T014755-0a3a04ba,0.02682948898,6000,steady,5999,503.140625,100898
frame2,20260824T013954-3c2c12e4,20260824T014755-0a3a04ba,1.027047143,6000,steady,5999,503.140625,100898
frame2,20260824T013954-3c2c12e4,20260824T014755-0a3a04ba,2.027220993,6000,steady,6000,503.140625,100898
frame2,20260824T013954-3c2c12e4,20260824T014755-0a3a04ba,3.044072909,6000,steady,5999,503.1523438,100898
frame2,20260824T013954-3c2c12e4,20260824T014755-0a3a04ba,4.060840125,6000,steady,6000,503.1523438,100898
frame2,20260824T013954-3c2c12e4,20260824T014755-0a3a04ba,5.076908105,6000,steady,5999,503.1523438,100898
frame2,20260824T013954-3c2c12e4,20260824T014755-0a3a04ba,6.092970474,6000,steady,6000,503.4335938,100898
frame2,20260824T013954-3c2c12e4,20260824T014755-0a3a04ba,7.093318766,6000,steady,6000,503.4453125,100898
frame2,20260824T013954-3c2c12e4,20260824T014755-0a3a04ba,8.111447763,6000,steady,5996,503.5,100898
frame2,20260824T013954-3c2c12e4,20260824T014755-0a3a04ba,9.114298147,6000,steady,5998,503.5,100898
frame2,20260824T013954-3c2c12e4,20260824T014755-0a3a04ba,10.12688334,6000,steady,6000,503.5,100898
frame2,20260824T013954-3c2c12e4,20260824T014755-0a3a04ba,11.14836235,6000,steady,6000,503.515625,100898
frame2,20260824T013954-3c2c12e4,20260824T014755-0a3a04ba,12.1618739,6000,steady,6000,503.515625,100898
frame2,20260824T013954-3c2c12e4,20260824T014755-0a3a04ba,13.17749229,6000,steady,5998,503.5195313,100898
frame2,20260824T013954-3c2c12e4,20260824T014755-0a3a04ba,14.19318335,6000,steady,5998,503.5195313,100898
frame2,20260824T013954-3c2c12e4,20260824T014755-0a3a04ba,15.19452667,6000,steady,6000,503.53125,100898
frame2,20260824T013954-3c2c12e4,20260824T014755-0a3a04ba,16.20996178,6000,steady,6000,503.53125,100898
frame2,20260824T013954-3c2c12e4,20260824T014755-0a3a04ba,17.21288614,6000,steady,6000,503.53125,100898
frame2,20260824T013954-3c2c12e4,20260824T014755-0a3a04ba,18.22791109,6000,steady,6000,503.53125,100898
frame2,20260824T013954-3c2c12e4,20260824T014755-0a3a04ba,19.24385456,6000,steady,5999,503.53125,100898
frame2,20260824T013954-3c2c12e4,20260824T014755-0a3a04ba,20.24652945,6000,steady,6000,503.53125,100898
frame2,20260824T013954-3c2c12e4,20260824T014755-0a3a04ba,21.26184383,6000,steady,6000,503.53125,100898
frame2,20260824T013954-3c2c12e4,20260824T014755-0a3a04ba,22.26282105,6000,steady,6000,503.53125,100898
frame2,20260824T013954-3c2c12e4,20260824T014755-0a3a04ba,23.27682949,6000,steady,6000,503.53125,100898
frame2,20260824T013954-3c2c12e4,20260824T014755-0a3a04ba,24.27850124,6000,steady,5998,503.53125,100898
frame2,20260824T013954-3c2c12e4,20260824T014755-0a3a04ba,25.29556974,6000,steady,6000,503.53125,100898
frame2,20260824T013954-3c2c12e4,20260824T014755-0a3a04ba,26.3077628,6000,steady,6000,503.53125,100898
frame2,20260824T013954-3c2c12e4,20260824T014755-0a3a04ba,27.30926199,6000,steady,6000,503.53125,100898
frame2,20260824T013954-3c2c12e4,20260824T014755-0a3a04ba,28.31345545,6000,steady,6000,503.53125,100898
frame2,20260824T013954-3c2c12e4,20260824T014755-0a3a04ba,29.32402528,6000,steady,6000,503.5703125,100898
frame2,20260824T013954-3c2c12e4,20260824T014755-0a3a04ba,30.32645505,6000,steady,6000,503.5703125,100898
frame2,20260824T013954-3c2c12e4,20260824T014755-0a3a04ba,31.32980874,6000,steady,6000,503.5703125,100898
frame2,20260824T013954-3c2c12e4,20260824T014755-0a3a04ba,32.34417836,6000,steady,6000,503.5703125,100898
frame2,20260824T013954-3c2c12e4,20260824T014755-0a3a04ba,33.36259627,6000,steady,6000,503.5703125,100898
frame2,20260824T013954-3c2c12e4,20260824T014755-0a3a04ba,34.37602295,6000,steady,6000,503.5703125,100898
frame2,20260824T013954-3c2c12e4,20260824T014755-0a3a04ba,35.37737329,6000,steady,5987,503.5703125,100898
frame2,20260824T013954-3c2c12e4,20260824T014755-0a3a04ba,36.39402608,6000,steady,5997,503.5703125,100898
frame2,20260824T013954-3c2c12e4,20260824T014755-0a3a04ba,37.39472328,6000,steady,5997,503.5703125,100898
frame2,20260824T013954-3c2c12e4,20260824T014755-0a3a04ba,38.4093774,6000,steady,5999,503.5703125,100898
frame2,20260824T013954-3c2c12e4,20260824T014755-0a3a04ba,39.42643244,6000,steady,5999,503.5703125,100898
frame2,20260824T013954-3c2c12e4,20260824T014755-0a3a04ba,40.44323385,6000,steady,6000,503.5703125,100898
frame2,20260824T013954-3c2c12e4,20260824T014755-0a3a04ba,41.44463098,6000,steady,6000,503.5703125,100898
frame2,20260824T013954-3c2c12e4,20260824T014755-0a3a04ba,42.45960127,6000,steady,6000,503.5703125,100898
frame2,20260824T013954-3c2c12e4,20260824T014755-0a3a04ba,43.47625215,6000,steady,6000,503.6054688,100898
frame2,20260824T013954-3c2c12e4,20260824T014755-0a3a04ba,44.49186123,6000,steady,6000,503.6054688,100898
frame2,20260824T013954-3c2c12e4,20260824T014755-0a3a04ba,45.49191349,6000,steady,6000,503.6054688,100898
frame2,20260824T013954-3c2c12e4,20260824T014755-0a3a04ba,46.49236225,6000,steady,5999,503.6054688,100898
frame2,20260824T013954-3c2c12e4,20260824T014755-0a3a04ba,47.51032671,6000,steady,6000,503.6054688,100898
frame2,20260824T013954-3c2c12e4,20260824T014755-0a3a04ba,48.5278245,6000,steady,6000,503.6054688,100898
frame2,20260824T013954-3c2c12e4,20260824T014755-0a3a04ba,49.5416553,6000,steady,6000,503.6054688,100898
frame2,20260824T013954-3c2c12e4,20260824T014755-0a3a04ba,50.54258368,6000,steady,6000,503.6054688,100898
frame2,20260824T013954-3c2c12e4,20260824T014755-0a3a04ba,51.55843162,6000,steady,5999,503.6054688,100898
frame2,20260824T013954-3c2c12e4,20260824T014755-0a3a04ba,52.57674538,6000,steady,6000,503.6054688,100898
frame2,20260824T013954-3c2c12e4,20260824T014755-0a3a04ba,53.57802446,6000,steady,6000,503.6054688,100898
frame2,20260824T013954-3c2c12e4,20260824T014755-0a3a04ba,54.59370332,6000,steady,6000,503.6054688,100898
frame2,20260824T013954-3c2c12e4,20260824T014755-0a3a04ba,55.60728654,6000,steady,6000,507.0039063,100898
frame2,20260824T013954-3c2c12e4,20260824T014755-0a3a04ba,56.60917191,6000,steady,6000,507.0039063,100898
frame2,20260824T013954-3c2c12e4,20260824T014755-0a3a04ba,57.61111521,6000,steady,6000,507.0039063,100898
frame2,20260824T013954-3c2c12e4,20260824T014755-0a3a04ba,58.61223613,6000,steady,6000,507.0039063,100898
frame2,20260824T013954-3c2c12e4,20260824T014755-0a3a04ba,59.62464171,6000,steady,6000,507.0039063,100898
frame2,20260824T013954-3c2c12e4,20260824T015015-30735f6f,0.03261308098,8000,steady,7999,503.9648438,100898
frame2,20260824T013954-3c2c12e4,20260824T015015-30735f6f,1.046572041,8000,steady,7999,503.9648438,100898
frame2,20260824T013954-3c2c12e4,20260824T015015-30735f6f,2.06306809,8000,steady,8000,503.9648438,100898
frame2,20260824T013954-3c2c12e4,20260824T015015-30735f6f,3.063444274,8000,steady,7999,503.9648438,100898
frame2,20260824T013954-3c2c12e4,20260824T015015-30735f6f,4.080560819,8000,steady,7987,503.9648438,100898
frame2,20260824T013954-3c2c12e4,20260824T015015-30735f6f,5.093985277,8000,steady,7996,504.2460938,100898
frame2,20260824T013954-3c2c12e4,20260824T015015-30735f6f,6.097077338,8000,steady,8000,504.2460938,100898
frame2,20260824T013954-3c2c12e4,20260824T015015-30735f6f,7.100351845,8000,steady,8000,504.2460938,100898
frame2,20260824T013954-3c2c12e4,20260824T015015-30735f6f,8.113578797,8000,steady,7996,504.2460938,100898
frame2,20260824T013954-3c2c12e4,20260824T015015-30735f6f,9.114051574,8000,steady,7999,504.2539063,100898
frame2,20260824T013954-3c2c12e4,20260824T015015-30735f6f,10.12584562,8000,steady,7990,504.2617188,100898
frame2,20260824T013954-3c2c12e4,20260824T015015-30735f6f,11.13136404,8000,steady,8000,504.265625,100898
frame2,20260824T013954-3c2c12e4,20260824T015015-30735f6f,12.14758376,8000,steady,7999,504.6601563,100898
frame2,20260824T013954-3c2c12e4,20260824T015015-30735f6f,13.16120788,8000,steady,8000,504.8125,100898
frame2,20260824T013954-3c2c12e4,20260824T015015-30735f6f,14.16294234,8000,steady,7999,504.8125,100898
frame2,20260824T013954-3c2c12e4,20260824T015015-30735f6f,15.1797435,8000,steady,7925,504.8125,100898
frame2,20260824T013954-3c2c12e4,20260824T015015-30735f6f,16.19596068,8000,steady,8000,504.8164063,100898
frame2,20260824T013954-3c2c12e4,20260824T015015-30735f6f,17.1962605,8000,steady,8000,504.8164063,100898
frame2,20260824T013954-3c2c12e4,20260824T015015-30735f6f,18.19738091,8000,steady,8000,504.8164063,100898
frame2,20260824T013954-3c2c12e4,20260824T015015-30735f6f,19.21235116,8000,steady,8000,504.8164063,100898
frame2,20260824T013954-3c2c12e4,20260824T015015-30735f6f,20.22795434,8000,steady,8000,504.8164063,100898
frame2,20260824T013954-3c2c12e4,20260824T015015-30735f6f,21.22891198,8000,steady,8000,504.8164063,100898
frame2,20260824T013954-3c2c12e4,20260824T015015-30735f6f,22.24301061,8000,steady,7999,504.8203125,100898
frame2,20260824T013954-3c2c12e4,20260824T015015-30735f6f,23.26275618,8000,steady,7997,504.8203125,100898
frame2,20260824T013954-3c2c12e4,20260824T015015-30735f6f,24.27766832,8000,steady,8000,504.8203125,100898
frame2,20260824T013954-3c2c12e4,20260824T015015-30735f6f,25.28650821,8000,steady,7980,504.8203125,100898
frame2,20260824T013954-3c2c12e4,20260824T015015-30735f6f,26.29369139,8000,steady,8000,504.8203125,100898
frame2,20260824T013954-3c2c12e4,20260824T015015-30735f6f,27.31884035,8000,steady,8000,504.8203125,100898
frame2,20260824T013954-3c2c12e4,20260824T015015-30735f6f,28.3335106,8000,steady,8000,504.8203125,100898
frame2,20260824T013954-3c2c12e4,20260824T015015-30735f6f,29.34639242,8000,steady,8000,504.8203125,100898
frame2,20260824T013954-3c2c12e4,20260824T015015-30735f6f,30.35880687,8000,steady,7997,504.8203125,100898
frame2,20260824T013954-3c2c12e4,20260824T015015-30735f6f,31.35917922,8000,steady,8000,504.8203125,100898
frame2,20260824T013954-3c2c12e4,20260824T015015-30735f6f,32.36272235,8000,steady,7997,504.8203125,100898
frame2,20260824T013954-3c2c12e4,20260824T015015-30735f6f,33.37708394,8000,steady,8000,504.8203125,100898
frame2,20260824T013954-3c2c12e4,20260824T015015-30735f6f,34.37718949,8000,steady,7997,504.8203125,100898
frame2,20260824T013954-3c2c12e4,20260824T015015-30735f6f,35.38427157,8000,steady,7984,509.9179688,100898
frame2,20260824T013954-3c2c12e4,20260824T015015-30735f6f,36.39913139,8000,steady,8000,509.9179688,100898
frame2,20260824T013954-3c2c12e4,20260824T015015-30735f6f,37.414106,8000,steady,7985,509.9179688,100898
frame2,20260824T013954-3c2c12e4,20260824T015015-30735f6f,38.42621901,8000,steady,8000,509.921875,100898
frame2,20260824T013954-3c2c12e4,20260824T015015-30735f6f,39.42927472,8000,steady,8000,509.9414063,100898
frame2,20260824T013954-3c2c12e4,20260824T015015-30735f6f,40.44269469,8000,steady,7975,509.984375,100898
frame2,20260824T013954-3c2c12e4,20260824T015015-30735f6f,41.4436653,8000,steady,7997,509.984375,100898
frame2,20260824T013954-3c2c12e4,20260824T015015-30735f6f,42.44489611,8000,steady,8000,509.984375,100898
frame2,20260824T013954-3c2c12e4,20260824T015015-30735f6f,43.46092593,8000,steady,8000,509.984375,100898
frame2,20260824T013954-3c2c12e4,20260824T015015-30735f6f,44.47595925,8000,steady,7997,509.984375,100898
frame2,20260824T013954-3c2c12e4,20260824T015015-30735f6f,45.47945771,8000,steady,7931,509.984375,100898
frame2,20260824T013954-3c2c12e4,20260824T015015-30735f6f,46.4929154,8000,steady,8000,509.984375,100898
frame2,20260824T013954-3c2c12e4,20260824T015015-30735f6f,47.49365393,8000,steady,8000,509.984375,100898
frame2,20260824T013954-3c2c12e4,20260824T015015-30735f6f,48.4964398,8000,steady,7999,509.984375,100898
frame2,20260824T013954-3c2c12e4,20260824T015015-30735f6f,49.5125546,8000,steady,8000,509.984375,100898
frame2,20260824T013954-3c2c12e4,20260824T015015-30735f6f,50.52683119,8000,steady,7996,509.984375,100898
frame2,20260824T013954-3c2c12e4,20260824T015015-30735f6f,51.5464098,8000,steady,7996,509.984375,100898
frame2,20260824T013954-3c2c12e4,20260824T015015-30735f6f,52.56187314,8000,steady,8000,509.984375,100898
frame2,20260824T013954-3c2c12e4,20260824T015015-30735f6f,53.57862264,8000,steady,8000,509.984375,100898
frame2,20260824T013954-3c2c12e4,20260824T015015-30735f6f,54.5934976,8000,steady,8000,509.984375,100898
frame2,20260824T013954-3c2c12e4,20260824T015015-30735f6f,55.61254256,8000,steady,7998,509.984375,100898
frame2,20260824T013954-3c2c12e4,20260824T015015-30735f6f,56.62271305,8000,steady,7978,509.984375,100898
frame2,20260824T013954-3c2c12e4,20260824T015015-30735f6f,57.6272566,8000,steady,8000,509.9960938,100898
frame2,20260824T013954-3c2c12e4,20260824T015015-30735f6f,58.63041748,8000,steady,8000,509.9960938,100898
frame2,20260824T013954-3c2c12e4,20260824T015015-30735f6f,59.64361179,8000,steady,8000,509.9960938,100898
frame2,20260824T013954-3c2c12e4,20260824T015201-e40c66fa,0.04607474798,10000,steady,9985,506.8046875,100898
frame2,20260824T013954-3c2c12e4,20260824T015201-e40c66fa,1.064614541,10000,steady,9970,506.9414063,100898
frame2,20260824T013954-3c2c12e4,20260824T015201-e40c66fa,2.077665921,10000,steady,9981,506.828125,100898
frame2,20260824T013954-3c2c12e4,20260824T015201-e40c66fa,3.083813625,10000,steady,9999,506.8046875,100898
frame2,20260824T013954-3c2c12e4,20260824T015201-e40c66fa,4.103326834,10000,steady,9986,507.0273438,100898
frame2,20260824T013954-3c2c12e4,20260824T015201-e40c66fa,5.112480956,10000,steady,10000,506.9570313,100898
frame2,20260824T013954-3c2c12e4,20260824T015201-e40c66fa,6.127756682,10000,steady,9982,506.9570313,100898
frame2,20260824T013954-3c2c12e4,20260824T015201-e40c66fa,7.130891164,10000,steady,9990,506.9257813,100898
frame2,20260824T013954-3c2c12e4,20260824T015201-e40c66fa,8.134513441,10000,steady,9997,506.3242188,100898
frame2,20260824T013954-3c2c12e4,20260824T015201-e40c66fa,9.14155586,10000,steady,9999,506.8046875,100898
frame2,20260824T013954-3c2c12e4,20260824T015201-e40c66fa,10.1444765,10000,steady,9979,506.8085938,100898
frame2,20260824T013954-3c2c12e4,20260824T015201-e40c66fa,11.15671031,10000,steady,9988,506.8125,100898
frame2,20260824T013954-3c2c12e4,20260824T015201-e40c66fa,12.16566799,10000,steady,9958,507.484375,100898
frame2,20260824T013954-3c2c12e4,20260824T015201-e40c66fa,13.17183387,10000,steady,9979,506.9179688,100898
frame2,20260824T013954-3c2c12e4,20260824T015201-e40c66fa,14.1793084,10000,steady,10000,506.921875,100898
frame2,20260824T013954-3c2c12e4,20260824T015201-e40c66fa,15.18080625,10000,steady,9983,506.921875,100898
frame2,20260824T013954-3c2c12e4,20260824T015201-e40c66fa,16.18568525,10000,steady,9972,506.8867188,100898
frame2,20260824T013954-3c2c12e4,20260824T015201-e40c66fa,17.19811479,10000,steady,9952,507.4453125,100898
frame2,20260824T013954-3c2c12e4,20260824T015201-e40c66fa,18.21802014,10000,steady,9951,506.8476563,100898
frame2,20260824T013954-3c2c12e4,20260824T015201-e40c66fa,19.22893632,10000,steady,9974,506.8476563,100898
frame2,20260824T013954-3c2c12e4,20260824T015201-e40c66fa,20.23782621,10000,steady,9994,506.8671875,100898
frame2,20260824T013954-3c2c12e4,20260824T015201-e40c66fa,21.25879174,10000,steady,9979,507.09375,100898
frame2,20260824T013954-3c2c12e4,20260824T015201-e40c66fa,22.26676783,10000,steady,9990,507.671875,100898
frame2,20260824T013954-3c2c12e4,20260824T015201-e40c66fa,23.28385755,10000,steady,9960,507.234375,100898
frame2,20260824T013954-3c2c12e4,20260824T015201-e40c66fa,24.2948921,10000,steady,9967,507.21875,100898
frame2,20260824T013954-3c2c12e4,20260824T015201-e40c66fa,25.30773566,10000,steady,9976,506.6835938,100898
frame2,20260824T013954-3c2c12e4,20260824T015201-e40c66fa,26.31667199,10000,steady,9966,506.6484375,100898
frame2,20260824T013954-3c2c12e4,20260824T015201-e40c66fa,27.3212594,10000,steady,9981,507.15625,100898
frame2,20260824T013954-3c2c12e4,20260824T015201-e40c66fa,28.32930123,10000,steady,9962,506.96875,100898
frame2,20260824T013954-3c2c12e4,20260824T015201-e40c66fa,29.3455199,10000,steady,9991,506.5507813,100898
frame2,20260824T013954-3c2c12e4,20260824T015201-e40c66fa,30.345939,10000,steady,9976,506.5507813,100898
frame2,20260824T013954-3c2c12e4,20260824T015201-e40c66fa,31.35763569,10000,steady,9980,506.5742188,100898
frame2,20260824T013954-3c2c12e4,20260824T015201-e40c66fa,32.36201544,10000,steady,9989,507.0820313,100898
frame2,20260824T013954-3c2c12e4,20260824T015201-e40c66fa,33.37547827,10000,steady,9984,506.8164063,100898
frame2,20260824T013954-3c2c12e4,20260824T015201-e40c66fa,34.39292363,10000,steady,10000,506.8554688,100898
frame2,20260824T013954-3c2c12e4,20260824T015201-e40c66fa,35.40723174,10000,steady,9973,506.7421875,100898
frame2,20260824T013954-3c2c12e4,20260824T015201-e40c66fa,36.41795263,10000,steady,9978,507.078125,100898
frame2,20260824T013954-3c2c12e4,20260824T015201-e40c66fa,37.41864884,10000,steady,9976,506.6601563,100898
frame2,20260824T013954-3c2c12e4,20260824T015201-e40c66fa,38.43294613,10000,steady,9971,506.515625,100898
frame2,20260824T013954-3c2c12e4,20260824T015201-e40c66fa,39.44102813,10000,steady,10000,506.4609375,100898
frame2,20260824T013954-3c2c12e4,20260824T015201-e40c66fa,40.45864264,10000,steady,9978,506.3476563,100898
frame2,20260824T013954-3c2c12e4,20260824T015201-e40c66fa,41.46325843,10000,steady,9986,506.8554688,100898
frame2,20260824T013954-3c2c12e4,20260824T015201-e40c66fa,42.48012737,10000,steady,9991,506.5703125,100898
frame2,20260824T013954-3c2c12e4,20260824T015201-e40c66fa,43.4893749,10000,steady,9982,506.5585938,100898
frame2,20260824T013954-3c2c12e4,20260824T015201-e40c66fa,44.49645313,10000,steady,10000,506.5625,100898
frame2,20260824T013954-3c2c12e4,20260824T015201-e40c66fa,45.50305407,10000,steady,9968,506.3945313,100898
frame2,20260824T013954-3c2c12e4,20260824T015201-e40c66fa,46.50837261,10000,steady,9999,506.9375,100898
frame2,20260824T013954-3c2c12e4,20260824T015201-e40c66fa,47.52406595,10000,steady,9963,506.3515625,100898
frame2,20260824T013954-3c2c12e4,20260824T015201-e40c66fa,48.53054755,10000,steady,9991,506.3515625,100898
frame2,20260824T013954-3c2c12e4,20260824T015201-e40c66fa,49.54149147,10000,steady,10000,512.9882813,100898
frame2,20260824T013954-3c2c12e4,20260824T015201-e40c66fa,50.55540335,10000,steady,9994,506.859375,100898
frame2,20260824T013954-3c2c12e4,20260824T015201-e40c66fa,51.56408271,10000,steady,9992,506.5976563,100898
frame2,20260824T013954-3c2c12e4,20260824T015201-e40c66fa,52.57961943,10000,steady,9987,506.8828125,100898
frame2,20260824T013954-3c2c12e4,20260824T015201-e40c66fa,53.58970284,10000,steady,9992,507.2109375,100898
frame2,20260824T013954-3c2c12e4,20260824T015201-e40c66fa,54.5933686,10000,steady,9957,506.921875,100898
frame2,20260824T013954-3c2c12e4,20260824T015201-e40c66fa,55.60333339,10000,steady,9992,507.3046875,100898
frame2,20260824T013954-3c2c12e4,20260824T015201-e40c66fa,56.60471149,10000,steady,9974,507.2773438,100898
frame2,20260824T013954-3c2c12e4,20260824T015201-e40c66fa,57.61837604,10000,steady,9992,506.9960938,100898
frame2,20260824T013954-3c2c12e4,20260824T015201-e40c66fa,58.63375639,10000,steady,9997,507.046875,100898
frame2,20260824T013954-3c2c12e4,20260824T015201-e40c66fa,59.64155376,10000,steady,9963,507.0703125,100898
frame2,20260824T013954-3c2c12e4,20260824T015339-fc89b2b1,0.04830511502,12000,steady,11944,511.3359375,100898
frame2,20260824T013954-3c2c12e4,20260824T015339-fc89b2b1,1.067695762,12000,steady,11954,511.3359375,100898
frame2,20260824T013954-3c2c12e4,20260824T015339-fc89b2b1,2.068836545,12000,steady,11974,511.3359375,100898
frame2,20260824T013954-3c2c12e4,20260824T015339-fc89b2b1,3.075445923,12000,steady,12000,511.3398438,100898
frame2,20260824T013954-3c2c12e4,20260824T015339-fc89b2b1,4.095176304,12000,steady,11981,511.3398438,100898
frame2,20260824T013954-3c2c12e4,20260824T015339-fc89b2b1,5.117339506,12000,steady,11979,511.3398438,100898
frame2,20260824T013954-3c2c12e4,20260824T015339-fc89b2b1,6.138175823,12000,steady,12000,511.3398438,100898
frame2,20260824T013954-3c2c12e4,20260824T015339-fc89b2b1,7.139842081,12000,steady,11976,511.3398438,100898
frame2,20260824T013954-3c2c12e4,20260824T015339-fc89b2b1,8.149634694,12000,steady,11997,511.3398438,100898
frame2,20260824T013954-3c2c12e4,20260824T015339-fc89b2b1,9.162024319,12000,steady,11952,511.3398438,100898
frame2,20260824T013954-3c2c12e4,20260824T015339-fc89b2b1,10.17886718,12000,steady,11965,511.3398438,100898
frame2,20260824T013954-3c2c12e4,20260824T015339-fc89b2b1,11.19487642,12000,steady,11982,511.3398438,100898
frame2,20260824T013954-3c2c12e4,20260824T015339-fc89b2b1,12.21110628,12000,steady,11971,511.3515625,100898
frame2,20260824T013954-3c2c12e4,20260824T015339-fc89b2b1,13.22925264,12000,steady,12000,511.3515625,100898
frame2,20260824T013954-3c2c12e4,20260824T015339-fc89b2b1,14.23348152,12000,steady,11979,511.4296875,100898
frame2,20260824T013954-3c2c12e4,20260824T015339-fc89b2b1,15.25393268,12000,steady,11969,511.5351563,100898
frame2,20260824T013954-3c2c12e4,20260824T015339-fc89b2b1,16.27802662,12000,steady,12000,511.8125,100898
frame2,20260824T013954-3c2c12e4,20260824T015339-fc89b2b1,17.28355261,12000,steady,11965,511.8125,100898
frame2,20260824T013954-3c2c12e4,20260824T015339-fc89b2b1,18.30555653,12000,steady,12000,511.8125,100898
frame2,20260824T013954-3c2c12e4,20260824T015339-fc89b2b1,19.31524723,12000,steady,11955,511.8125,100898
frame2,20260824T013954-3c2c12e4,20260824T015339-fc89b2b1,20.32330253,12000,steady,11981,511.8203125,100898
frame2,20260824T013954-3c2c12e4,20260824T015339-fc89b2b1,21.33329792,12000,steady,11948,511.8203125,100898
frame2,20260824T013954-3c2c12e4,20260824T015339-fc89b2b1,22.33629482,12000,steady,11998,511.8554688,100898
frame2,20260824T013954-3c2c12e4,20260824T015339-fc89b2b1,23.34666379,12000,steady,12000,511.859375,100898
frame2,20260824T013954-3c2c12e4,20260824T015339-fc89b2b1,24.37110715,12000,steady,11991,511.859375,100898
frame2,20260824T013954-3c2c12e4,20260824T015339-fc89b2b1,25.38293762,12000,steady,11993,511.859375,100898
frame2,20260824T013954-3c2c12e4,20260824T015339-fc89b2b1,26.40122462,12000,steady,11989,511.859375,100898
frame2,20260824T013954-3c2c12e4,20260824T015339-fc89b2b1,27.40795482,12000,steady,11985,511.859375,100898
frame2,20260824T013954-3c2c12e4,20260824T015339-fc89b2b1,28.41626363,12000,steady,11988,511.859375,100898
frame2,20260824T013954-3c2c12e4,20260824T015339-fc89b2b1,29.43323878,12000,steady,11961,511.859375,100898
frame2,20260824T013954-3c2c12e4,20260824T015339-fc89b2b1,30.45615131,12000,steady,12000,511.8710938,100898
frame2,20260824T013954-3c2c12e4,20260824T015339-fc89b2b1,31.47799962,12000,steady,11985,511.8710938,100898
frame2,20260824T013954-3c2c12e4,20260824T015339-fc89b2b1,32.4902253,12000,steady,11964,511.8710938,100898
frame2,20260824T013954-3c2c12e4,20260824T015339-fc89b2b1,33.49941349,12000,steady,12000,511.8710938,100898
frame2,20260824T013954-3c2c12e4,20260824T015339-fc89b2b1,34.50529605,12000,steady,11990,511.8710938,100898
frame2,20260824T013954-3c2c12e4,20260824T015339-fc89b2b1,35.52749947,12000,steady,11974,511.890625,100898
frame2,20260824T013954-3c2c12e4,20260824T015339-fc89b2b1,36.54841068,12000,steady,11961,511.890625,100898
frame2,20260824T013954-3c2c12e4,20260824T015339-fc89b2b1,37.5628037,12000,steady,12000,511.890625,100898
frame2,20260824T013954-3c2c12e4,20260824T015339-fc89b2b1,38.5869574,12000,steady,12000,511.890625,100898
frame2,20260824T013954-3c2c12e4,20260824T015339-fc89b2b1,39.58861336,12000,steady,11976,511.890625,100898
frame2,20260824T013954-3c2c12e4,20260824T015339-fc89b2b1,40.59434786,12000,steady,12000,511.8945313,100898
frame2,20260824T013954-3c2c12e4,20260824T015339-fc89b2b1,41.60610295,12000,steady,11969,511.8945313,100898
frame2,20260824T013954-3c2c12e4,20260824T015339-fc89b2b1,42.62438026,12000,steady,11970,511.8984375,100898
frame2,20260824T013954-3c2c12e4,20260824T015339-fc89b2b1,43.64241711,12000,steady,11966,511.8984375,100898
frame2,20260824T013954-3c2c12e4,20260824T015339-fc89b2b1,44.6498091,12000,steady,11982,511.8984375,100898
frame2,20260824T013954-3c2c12e4,20260824T015339-fc89b2b1,45.66527973,12000,steady,11969,511.9023438,100898
frame2,20260824T013954-3c2c12e4,20260824T015339-fc89b2b1,46.68291193,12000,steady,11982,511.9023438,100898
frame2,20260824T013954-3c2c12e4,20260824T015339-fc89b2b1,47.69677981,12000,steady,11985,511.9140625,100898
frame2,20260824T013954-3c2c12e4,20260824T015339-fc89b2b1,48.69791438,12000,steady,11986,511.9140625,100898
frame2,20260824T013954-3c2c12e4,20260824T015339-fc89b2b1,49.71837566,12000,steady,11974,511.9140625,100898
frame2,20260824T013954-3c2c12e4,20260824T015339-fc89b2b1,50.73643905,12000,steady,11960,511.9140625,100898
frame2,20260824T013954-3c2c12e4,20260824T015339-fc89b2b1,51.74075255,12000,steady,11960,511.9179688,100898
frame2,20260824T013954-3c2c12e4,20260824T015339-fc89b2b1,52.74777666,12000,steady,11995,511.9179688,100898
frame2,20260824T013954-3c2c12e4,20260824T015339-fc89b2b1,53.75006956,12000,steady,11975,511.9179688,100898
frame2,20260824T013954-3c2c12e4,20260824T015339-fc89b2b1,54.77819535,12000,steady,11953,511.9179688,100898
frame2,20260824T013954-3c2c12e4,20260824T015339-fc89b2b1,55.79424144,12000,steady,11975,511.9179688,100898
frame2,20260824T013954-3c2c12e4,20260824T015339-fc89b2b1,56.80822722,12000,steady,11964,511.9179688,100898
frame2,20260824T013954-3c2c12e4,20260824T015339-fc89b2b1,57.80866405,12000,steady,11996,511.9179688,100898
frame2,20260824T013954-3c2c12e4,20260824T015339-fc89b2b1,58.81530979,12000,steady,12000,511.9179688,100898
frame2,20260824T013954-3c2c12e4,20260824T015339-fc89b2b1,59.83456581,12000,steady,12000,511.9179688,100898
frame2,20260824T013954-3c2c12e4,20260824T015520-1e861c7c,0.05156402302,14000,steady,14000,513.2460938,100898
frame2,20260824T013954-3c2c12e4,20260824T015520-1e861c7c,1.063997612,14000,steady,13967,513.25,100898
frame2,20260824T013954-3c2c12e4,20260824T015520-1e861c7c,2.067319249,14000,steady,13979,513.25,100898
frame2,20260824T013954-3c2c12e4,20260824T015520-1e861c7c,3.083644995,14000,steady,13949,513.25,100898
frame2,20260824T013954-3c2c12e4,20260824T015520-1e861c7c,4.115038865,14000,steady,14000,513.25,100898
frame2,20260824T013954-3c2c12e4,20260824T015520-1e861c7c,5.125255782,14000,steady,13995,513.3554688,100898
frame2,20260824T013954-3c2c12e4,20260824T015520-1e861c7c,6.128866797,14000,steady,13936,513.3554688,100898
frame2,20260824T013954-3c2c12e4,20260824T015520-1e861c7c,7.138498775,14000,steady,13998,513.3554688,100898
frame2,20260824T013954-3c2c12e4,20260824T015520-1e861c7c,8.149215219,14000,steady,13947,513.3554688,100898
frame2,20260824T013954-3c2c12e4,20260824T015520-1e861c7c,9.161597441,14000,steady,13960,513.3554688,100898
frame2,20260824T013954-3c2c12e4,20260824T015520-1e861c7c,10.16599015,14000,steady,13997,513.3554688,100898
frame2,20260824T013954-3c2c12e4,20260824T015520-1e861c7c,11.16948862,14000,steady,13955,513.3554688,100898
frame2,20260824T013954-3c2c12e4,20260824T015520-1e861c7c,12.19262192,14000,steady,13937,513.3671875,100898
frame2,20260824T013954-3c2c12e4,20260824T015520-1e861c7c,13.19571005,14000,steady,13990,513.3671875,100898
frame2,20260824T013954-3c2c12e4,20260824T015520-1e861c7c,14.2164252,14000,steady,14000,513.390625,100898
frame2,20260824T013954-3c2c12e4,20260824T015520-1e861c7c,15.23837895,14000,steady,13977,513.390625,100898
frame2,20260824T013954-3c2c12e4,20260824T015520-1e861c7c,16.24163807,14000,steady,13968,513.3945313,100898
frame2,20260824T013954-3c2c12e4,20260824T015520-1e861c7c,17.24492783,14000,steady,13998,513.3945313,100898
frame2,20260824T013954-3c2c12e4,20260824T015520-1e861c7c,18.26545895,14000,steady,13962,513.3945313,100898
frame2,20260824T013954-3c2c12e4,20260824T015520-1e861c7c,19.28077825,14000,steady,13998,513.3945313,100898
frame2,20260824T013954-3c2c12e4,20260824T015520-1e861c7c,20.2810227,14000,steady,14000,513.4453125,100898
frame2,20260824T013954-3c2c12e4,20260824T015520-1e861c7c,21.29495763,14000,steady,13933,513.4453125,100898
frame2,20260824T013954-3c2c12e4,20260824T015520-1e861c7c,22.31715684,14000,steady,13943,513.484375,100898
frame2,20260824T013954-3c2c12e4,20260824T015520-1e861c7c,23.32157579,14000,steady,13975,513.484375,100898
frame2,20260824T013954-3c2c12e4,20260824T015520-1e861c7c,24.33419809,14000,steady,13959,513.484375,100898
frame2,20260824T013954-3c2c12e4,20260824T015520-1e861c7c,25.35570461,14000,steady,13998,513.484375,100898
frame2,20260824T013954-3c2c12e4,20260824T015520-1e861c7c,26.35887094,14000,steady,13976,513.484375,100898
frame2,20260824T013954-3c2c12e4,20260824T015520-1e861c7c,27.35962138,14000,steady,13981,513.484375,100898
frame2,20260824T013954-3c2c12e4,20260824T015520-1e861c7c,28.36322841,14000,steady,13974,513.4882813,100898
frame2,20260824T013954-3c2c12e4,20260824T015520-1e861c7c,29.36427344,14000,steady,13939,513.4882813,100898
frame2,20260824T013954-3c2c12e4,20260824T015520-1e861c7c,30.37340202,14000,steady,14000,513.4882813,100898
frame2,20260824T013954-3c2c12e4,20260824T015520-1e861c7c,31.39338611,14000,steady,13969,513.703125,100898
frame2,20260824T013954-3c2c12e4,20260824T015520-1e861c7c,32.39597246,14000,steady,13957,513.703125,100898
frame2,20260824T013954-3c2c12e4,20260824T015520-1e861c7c,33.42100801,14000,steady,13961,513.7070313,100898
frame2,20260824T013954-3c2c12e4,20260824T015520-1e861c7c,34.43885717,14000,steady,14000,513.7148438,100898
frame2,20260824T013954-3c2c12e4,20260824T015520-1e861c7c,35.44249753,14000,steady,13987,513.7148438,100898
frame2,20260824T013954-3c2c12e4,20260824T015520-1e861c7c,36.46821382,14000,steady,13929,513.7148438,100898
frame2,20260824T013954-3c2c12e4,20260824T015520-1e861c7c,37.47297557,14000,steady,13961,513.7148438,100898
frame2,20260824T013954-3c2c12e4,20260824T015520-1e861c7c,38.48417636,14000,steady,13961,513.7148438,100898
frame2,20260824T013954-3c2c12e4,20260824T015520-1e861c7c,39.48671652,14000,steady,13988,513.7148438,100898
frame2,20260824T013954-3c2c12e4,20260824T015520-1e861c7c,40.49014882,14000,steady,13997,513.7421875,100898
frame2,20260824T013954-3c2c12e4,20260824T015520-1e861c7c,41.50844778,14000,steady,14000,513.7421875,100898
frame2,20260824T013954-3c2c12e4,20260824T015520-1e861c7c,42.52286715,14000,steady,14000,513.7421875,100898
frame2,20260824T013954-3c2c12e4,20260824T015520-1e861c7c,43.54110251,14000,steady,13952,513.7421875,100898
frame2,20260824T013954-3c2c12e4,20260824T015520-1e861c7c,44.5536649,14000,steady,13960,513.9296875,100898
frame2,20260824T013954-3c2c12e4,20260824T015520-1e861c7c,45.56782988,14000,steady,14000,513.9296875,100898
frame2,20260824T013954-3c2c12e4,20260824T015520-1e861c7c,46.57794924,14000,steady,13978,513.9296875,100898
frame2,20260824T013954-3c2c12e4,20260824T015520-1e861c7c,47.58889057,14000,steady,13969,513.9492188,100898
frame2,20260824T013954-3c2c12e4,20260824T015520-1e861c7c,48.5942156,14000,steady,13963,513.9492188,100898
frame2,20260824T013954-3c2c12e4,20260824T015520-1e861c7c,49.60848099,14000,steady,13936,513.953125,100898
frame2,20260824T013954-3c2c12e4,20260824T015520-1e861c7c,50.6376627,14000,steady,14000,513.953125,100898
frame2,20260824T013954-3c2c12e4,20260824T015520-1e861c7c,51.65860513,14000,steady,13974,513.953125,100898
frame2,20260824T013954-3c2c12e4,20260824T015520-1e861c7c,52.67302273,14000,steady,13950,513.953125,100898
frame2,20260824T013954-3c2c12e4,20260824T015520-1e861c7c,53.68177784,14000,steady,13946,513.953125,100898
frame2,20260824T013954-3c2c12e4,20260824T015520-1e861c7c,54.69965992,14000,steady,13964,513.9804688,100898
frame2,20260824T013954-3c2c12e4,20260824T015520-1e861c7c,55.71863591,14000,steady,13998,513.9804688,100898
frame2,20260824T013954-3c2c12e4,20260824T015520-1e861c7c,56.7416831,14000,steady,13984,513.9804688,100898
frame2,20260824T013954-3c2c12e4,20260824T015520-1e861c7c,57.74450555,14000,steady,13991,513.9804688,100898
frame2,20260824T013954-3c2c12e4,20260824T015520-1e861c7c,58.76199301,14000,steady,13951,513.9804688,100898
frame2,20260824T013954-3c2c12e4,20260824T015520-1e861c7c,59.76677858,14000,steady,13956,513.984375,100898
frame2,20260824T013954-3c2c12e4,20260824T015726-3741e12c,0.05956714303,16000,steady,15971,521.5625,100898
frame2,20260824T013954-3c2c12e4,20260824T015726-3741e12c,1.072145988,16000,steady,15994,521.5625,100898
frame2,20260824T013954-3c2c12e4,20260824T015726-3741e12c,2.084363787,16000,steady,15988,521.5625,100898
frame2,20260824T013954-3c2c12e4,20260824T015726-3741e12c,3.105242395,16000,steady,15966,521.5625,100898
frame2,20260824T013954-3c2c12e4,20260824T015726-3741e12c,4.122446446,16000,steady,15952,521.5625,100898
frame2,20260824T013954-3c2c12e4,20260824T015726-3741e12c,5.138038873,16000,steady,15936,521.5625,100898
frame2,20260824T013954-3c2c12e4,20260824T015726-3741e12c,6.14508528,16000,steady,16000,521.5625,100898
frame2,20260824T013954-3c2c12e4,20260824T015726-3741e12c,7.14752275,16000,steady,16000,521.5625,100898
frame2,20260824T013954-3c2c12e4,20260824T015726-3741e12c,8.159507789,16000,steady,15945,521.5625,100898
frame2,20260824T013954-3c2c12e4,20260824T015726-3741e12c,9.163599315,16000,steady,15980,521.5625,100898
frame2,20260824T013954-3c2c12e4,20260824T015726-3741e12c,10.16778752,16000,steady,15919,521.5625,100898
frame2,20260824T013954-3c2c12e4,20260824T015726-3741e12c,11.18052804,16000,steady,15992,521.5625,100898
frame2,20260824T013954-3c2c12e4,20260824T015726-3741e12c,12.19757131,16000,steady,15959,521.5625,100898
frame2,20260824T013954-3c2c12e4,20260824T015726-3741e12c,13.22611645,16000,steady,16000,521.5625,100898
frame2,20260824T013954-3c2c12e4,20260824T015726-3741e12c,14.23626813,16000,steady,15999,521.5625,100898
frame2,20260824T013954-3c2c12e4,20260824T015726-3741e12c,15.24356888,16000,steady,15931,521.5625,100898
frame2,20260824T013954-3c2c12e4,20260824T015726-3741e12c,16.25171177,16000,steady,16000,521.5625,100898
frame2,20260824T013954-3c2c12e4,20260824T015726-3741e12c,17.27083647,16000,steady,15908,521.5625,100898
frame2,20260824T013954-3c2c12e4,20260824T015726-3741e12c,18.28126825,16000,steady,15992,521.5625,100898
frame2,20260824T013954-3c2c12e4,20260824T015726-3741e12c,19.29436416,16000,steady,15976,521.5625,100898
frame2,20260824T013954-3c2c12e4,20260824T015726-3741e12c,20.31642375,16000,steady,15910,521.5625,100898
frame2,20260824T013954-3c2c12e4,20260824T015726-3741e12c,21.33105886,16000,steady,15928,521.5625,100898
frame2,20260824T013954-3c2c12e4,20260824T015726-3741e12c,22.33668157,16000,steady,15903,521.5625,100898
frame2,20260824T013954-3c2c12e4,20260824T015726-3741e12c,23.3513672,16000,steady,15899,521.5625,100898
frame2,20260824T013954-3c2c12e4,20260824T015726-3741e12c,24.36573989,16000,steady,15904,521.5625,100898
frame2,20260824T013954-3c2c12e4,20260824T015726-3741e12c,25.3727705,16000,steady,16000,521.5625,100898
frame2,20260824T013954-3c2c12e4,20260824T015726-3741e12c,26.38602308,16000,steady,16000,521.5625,100898
frame2,20260824T013954-3c2c12e4,20260824T015726-3741e12c,27.41544034,16000,steady,15960,521.5625,100898
frame2,20260824T013954-3c2c12e4,20260824T015726-3741e12c,28.43210447,16000,steady,15973,521.5625,100898
frame2,20260824T013954-3c2c12e4,20260824T015726-3741e12c,29.44867664,16000,steady,15988,521.5664063,100898
frame2,20260824T013954-3c2c12e4,20260824T015726-3741e12c,30.4738396,16000,steady,15995,521.5664063,100898
frame2,20260824T013954-3c2c12e4,20260824T015726-3741e12c,31.4971513,16000,steady,15947,521.5664063,100898
frame2,20260824T013954-3c2c12e4,20260824T015726-3741e12c,32.51894398,16000,steady,16000,521.5742188,100898
frame2,20260824T013954-3c2c12e4,20260824T015726-3741e12c,33.52470723,16000,steady,15988,521.5742188,100898
frame2,20260824T013954-3c2c12e4,20260824T015726-3741e12c,34.5420523,16000,steady,15976,521.5742188,100898
frame2,20260824T013954-3c2c12e4,20260824T015726-3741e12c,35.57147405,16000,steady,15989,521.5820313,100898
frame2,20260824T013954-3c2c12e4,20260824T015726-3741e12c,36.59143189,16000,steady,15991,521.5820313,100898
frame2,20260824T013954-3c2c12e4,20260824T015726-3741e12c,37.60655887,16000,steady,15984,521.5820313,100898
frame2,20260824T013954-3c2c12e4,20260824T015726-3741e12c,38.62485489,16000,steady,15997,521.5820313,100898
frame2,20260824T013954-3c2c12e4,20260824T015726-3741e12c,39.65111911,16000,steady,15900,521.5820313,100898
frame2,20260824T013954-3c2c12e4,20260824T015726-3741e12c,40.65727395,16000,steady,15971,521.5820313,100898
frame2,20260824T013954-3c2c12e4,20260824T015726-3741e12c,41.66253501,16000,steady,15906,521.5820313,100898
frame2,20260824T013954-3c2c12e4,20260824T015726-3741e12c,42.68562612,16000,steady,15992,521.5820313,100898
frame2,20260824T013954-3c2c12e4,20260824T015726-3741e12c,43.69934395,16000,steady,16000,521.5859375,100898
frame2,20260824T013954-3c2c12e4,20260824T015726-3741e12c,44.72839669,16000,steady,15958,521.5859375,100898
frame2,20260824T013954-3c2c12e4,20260824T015726-3741e12c,45.76019778,16000,steady,16000,521.5859375,100898
frame2,20260824T013954-3c2c12e4,20260824T015726-3741e12c,46.76211795,16000,steady,16000,521.5859375,100898
frame2,20260824T013954-3c2c12e4,20260824T015726-3741e12c,47.78534575,16000,steady,16000,521.5859375,100898
frame2,20260824T013954-3c2c12e4,20260824T015726-3741e12c,48.80441735,16000,steady,16000,521.5859375,100898
frame2,20260824T013954-3c2c12e4,20260824T015726-3741e12c,49.83188083,16000,steady,16000,521.5859375,100898
frame2,20260824T013954-3c2c12e4,20260824T015726-3741e12c,50.85615975,16000,steady,15987,521.5859375,100898
frame2,20260824T013954-3c2c12e4,20260824T015726-3741e12c,51.87994578,16000,steady,15987,521.5976563,100898
frame2,20260824T013954-3c2c12e4,20260824T015726-3741e12c,52.88225026,16000,steady,16000,521.5976563,100898
frame2,20260824T013954-3c2c12e4,20260824T015726-3741e12c,53.90354845,16000,steady,16000,521.5976563,100898
frame2,20260824T013954-3c2c12e4,20260824T015726-3741e12c,54.92065829,16000,steady,15957,521.5976563,100898
frame2,20260824T013954-3c2c12e4,20260824T015726-3741e12c,55.93962129,16000,steady,15949,521.5976563,100898
frame2,20260824T013954-3c2c12e4,20260824T015726-3741e12c,56.94119217,16000,steady,15985,521.6015625,100898
frame2,20260824T013954-3c2c12e4,20260824T015726-3741e12c,57.95420103,16000,steady,16000,521.6054688,100898
frame2,20260824T013954-3c2c12e4,20260824T015726-3741e12c,58.96603824,16000,steady,15988,521.6054688,100898
frame2,20260824T013954-3c2c12e4,20260824T015726-3741e12c,59.99818522,16000,steady,15973,521.609375,100898
frame2,20260824T013954-3c2c12e4,20260824T015947-3731cc5c,0.06701054302,18000,steady,18000,525.6601563,100898
frame2,20260824T013954-3c2c12e4,20260824T015947-3731cc5c,1.073237497,18000,steady,17968,525.6601563,100898
frame2,20260824T013954-3c2c12e4,20260824T015947-3731cc5c,2.095829802,18000,steady,17990,525.6601563,100898
frame2,20260824T013954-3c2c12e4,20260824T015947-3731cc5c,3.107960356,18000,steady,17956,525.6601563,100898
frame2,20260824T013954-3c2c12e4,20260824T015947-3731cc5c,4.10803588,18000,steady,17980,525.6601563,100898
frame2,20260824T013954-3c2c12e4,20260824T015947-3731cc5c,5.112122967,18000,steady,17936,525.6601563,100898
frame2,20260824T013954-3c2c12e4,20260824T015947-3731cc5c,6.126849873,18000,steady,17998,525.6601563,100898
frame2,20260824T013954-3c2c12e4,20260824T015947-3731cc5c,7.152451092,18000,steady,17943,525.6640625,100898
frame2,20260824T013954-3c2c12e4,20260824T015947-3731cc5c,8.185099199,18000,steady,17894,525.7265625,100898
frame2,20260824T013954-3c2c12e4,20260824T015947-3731cc5c,9.216407066,18000,steady,17915,517.8554688,100898
frame2,20260824T013954-3c2c12e4,20260824T015947-3731cc5c,10.21716642,18000,steady,17885,517.6796875,100898
frame2,20260824T013954-3c2c12e4,20260824T015947-3731cc5c,11.22236162,18000,steady,18000,517.7773438,100898
frame2,20260824T013954-3c2c12e4,20260824T015947-3731cc5c,12.24700866,18000,steady,17916,517.7070313,100898
frame2,20260824T013954-3c2c12e4,20260824T015947-3731cc5c,13.26123694,18000,steady,17868,518.8007813,100898
frame2,20260824T013954-3c2c12e4,20260824T015947-3731cc5c,14.28471449,18000,steady,17968,517.6484375,100898
frame2,20260824T013954-3c2c12e4,20260824T015947-3731cc5c,15.3036398,18000,steady,17976,517.7617188,100898
frame2,20260824T013954-3c2c12e4,20260824T015947-3731cc5c,16.32479257,18000,steady,17888,517.7421875,100898
frame2,20260824T013954-3c2c12e4,20260824T015947-3731cc5c,17.34885372,18000,steady,17987,517.5898438,100898
frame2,20260824T013954-3c2c12e4,20260824T015947-3731cc5c,18.35255107,18000,steady,17962,517.578125,100898
frame2,20260824T013954-3c2c12e4,20260824T015947-3731cc5c,19.38305688,18000,steady,18000,518.609375,100898
frame2,20260824T013954-3c2c12e4,20260824T015947-3731cc5c,20.39243119,18000,steady,17986,517.6796875,100898
frame2,20260824T013954-3c2c12e4,20260824T015947-3731cc5c,21.41963976,18000,steady,18000,517.5664063,100898
frame2,20260824T013954-3c2c12e4,20260824T015947-3731cc5c,22.43334752,18000,steady,17993,517.6601563,100898
frame2,20260824T013954-3c2c12e4,20260824T015947-3731cc5c,23.45968318,18000,steady,17882,517.6484375,100898
frame2,20260824T013954-3c2c12e4,20260824T015947-3731cc5c,24.4679265,18000,steady,17916,517.6484375,100898
frame2,20260824T013954-3c2c12e4,20260824T015947-3731cc5c,25.48505574,18000,steady,17991,518.4140625,100898
frame2,20260824T013954-3c2c12e4,20260824T015947-3731cc5c,26.50861519,18000,steady,17991,517.3242188,100898
frame2,20260824T013954-3c2c12e4,20260824T015947-3731cc5c,27.5267504,18000,steady,18000,517.4375,100898
frame2,20260824T013954-3c2c12e4,20260824T015947-3731cc5c,28.5339032,18000,steady,18000,517.3242188,100898
frame2,20260824T013954-3c2c12e4,20260824T015947-3731cc5c,29.56577025,18000,steady,17986,517.3242188,100898
frame2,20260824T013954-3c2c12e4,20260824T015947-3731cc5c,30.57449467,18000,steady,17943,517.4335938,100898
frame2,20260824T013954-3c2c12e4,20260824T015947-3731cc5c,31.60710061,18000,steady,18000,518.4140625,100898
frame2,20260824T013954-3c2c12e4,20260824T015947-3731cc5c,32.6389128,18000,steady,17974,517.40625,100898
frame2,20260824T013954-3c2c12e4,20260824T015947-3731cc5c,33.67076068,18000,steady,18000,517.7539063,100898
frame2,20260824T013954-3c2c12e4,20260824T015947-3731cc5c,34.69312836,18000,steady,17994,517.4414063,100898
frame2,20260824T013954-3c2c12e4,20260824T015947-3731cc5c,35.69616729,18000,steady,17969,517.40625,100898
frame2,20260824T013954-3c2c12e4,20260824T015947-3731cc5c,36.70570923,18000,steady,18000,517.3359375,100898
frame2,20260824T013954-3c2c12e4,20260824T015947-3731cc5c,37.74063926,18000,steady,18000,518.3320313,100898
frame2,20260824T013954-3c2c12e4,20260824T015947-3731cc5c,38.74385233,18000,steady,17901,517.3242188,100898
frame2,20260824T013954-3c2c12e4,20260824T015947-3731cc5c,39.74950181,18000,steady,17988,517.3476563,100898
frame2,20260824T013954-3c2c12e4,20260824T015947-3731cc5c,40.75049649,18000,steady,17992,517.75,100898
frame2,20260824T013954-3c2c12e4,20260824T015947-3731cc5c,41.76805152,18000,steady,18000,517.4648438,100898
frame2,20260824T013954-3c2c12e4,20260824T015947-3731cc5c,42.79195927,18000,steady,18000,517.3945313,100898
frame2,20260824T013954-3c2c12e4,20260824T015947-3731cc5c,43.79983864,18000,steady,18000,517.4375,100898
frame2,20260824T013954-3c2c12e4,20260824T015947-3731cc5c,44.81155867,18000,steady,18000,517.3007813,100898
frame2,20260824T013954-3c2c12e4,20260824T015947-3731cc5c,45.84188908,18000,steady,17966,517.3320313,100898
frame2,20260824T013954-3c2c12e4,20260824T015947-3731cc5c,46.8640693,18000,steady,18000,517.3125,100898
frame2,20260824T013954-3c2c12e4,20260824T015947-3731cc5c,47.88362083,18000,steady,17956,517.3125,100898
frame2,20260824T013954-3c2c12e4,20260824T015947-3731cc5c,48.88658379,18000,steady,17947,517.4140625,100898
frame2,20260824T013954-3c2c12e4,20260824T015947-3731cc5c,49.92065223,18000,steady,17895,518.3945313,100898
frame2,20260824T013954-3c2c12e4,20260824T015947-3731cc5c,50.96087848,18000,steady,17956,517.3867188,100898
frame2,20260824T013954-3c2c12e4,20260824T015947-3731cc5c,51.97091007,18000,steady,17943,517.3867188,100898
frame2,20260824T013954-3c2c12e4,20260824T015947-3731cc5c,52.99655134,18000,steady,17966,517.3867188,100898
frame2,20260824T013954-3c2c12e4,20260824T015947-3731cc5c,54.02243503,18000,steady,18000,517.3164063,100898
frame2,20260824T013954-3c2c12e4,20260824T015947-3731cc5c,55.02651913,18000,steady,17944,517.3515625,100898
frame2,20260824T013954-3c2c12e4,20260824T015947-3731cc5c,56.03080251,18000,steady,17897,518.359375,100898
frame2,20260824T013954-3c2c12e4,20260824T015947-3731cc5c,57.03539971,18000,steady,17996,517.328125,100898
frame2,20260824T013954-3c2c12e4,20260824T015947-3731cc5c,58.06007202,18000,steady,18000,517.3867188,100898
frame2,20260824T013954-3c2c12e4,20260824T015947-3731cc5c,59.08841344,18000,steady,17999,517.3867188,100898
frame2,20260824T013954-3c2c12e4,20260824T020203-adc397a0,0.08666775498,20000,steady,19959,522.2617188,100898
frame2,20260824T013954-3c2c12e4,20260824T020203-adc397a0,1.122399227,20000,steady,19904,522.2695313,100898
frame2,20260824T013954-3c2c12e4,20260824T020203-adc397a0,2.1596824,20000,steady,19956,522.2773438,100898
frame2,20260824T013954-3c2c12e4,20260824T020203-adc397a0,3.166037146,20000,steady,20000,522.2773438,100898
frame2,20260824T013954-3c2c12e4,20260824T020203-adc397a0,4.177526114,20000,steady,19991,522.2773438,100898
frame2,20260824T013954-3c2c12e4,20260824T020203-adc397a0,5.183296903,20000,steady,20000,522.2773438,100898
frame2,20260824T013954-3c2c12e4,20260824T020203-adc397a0,6.200992126,20000,steady,19905,522.2773438,100898
frame2,20260824T013954-3c2c12e4,20260824T020203-adc397a0,7.215753437,20000,steady,20000,522.2773438,100898
frame2,20260824T013954-3c2c12e4,20260824T020203-adc397a0,8.249508943,20000,steady,19956,522.2773438,100898
frame2,20260824T013954-3c2c12e4,20260824T020203-adc397a0,9.277518407,20000,steady,20000,522.2773438,100898
frame2,20260824T013954-3c2c12e4,20260824T020203-adc397a0,10.29455851,20000,steady,19978,522.2773438,100898
frame2,20260824T013954-3c2c12e4,20260824T020203-adc397a0,11.34315476,20000,steady,19984,522.28125,100898
frame2,20260824T013954-3c2c12e4,20260824T020203-adc397a0,12.3817843,20000,steady,19975,522.2851563,100898
frame2,20260824T013954-3c2c12e4,20260824T020203-adc397a0,13.42146594,20000,steady,19951,522.2851563,100898
frame2,20260824T013954-3c2c12e4,20260824T020203-adc397a0,14.44290523,20000,steady,20000,522.2851563,100898
frame2,20260824T013954-3c2c12e4,20260824T020203-adc397a0,15.47189534,20000,steady,19965,522.2851563,100898
frame2,20260824T013954-3c2c12e4,20260824T020203-adc397a0,16.50664,20000,steady,19976,522.2851563,100898
frame2,20260824T013954-3c2c12e4,20260824T020203-adc397a0,17.53028813,20000,steady,19859,522.2929688,100898
frame2,20260824T013954-3c2c12e4,20260824T020203-adc397a0,18.55558628,20000,steady,19980,522.4609375,100898
frame2,20260824T013954-3c2c12e4,20260824T020203-adc397a0,19.57512939,20000,steady,19990,522.4609375,100898
frame2,20260824T013954-3c2c12e4,20260824T020203-adc397a0,20.61206432,20000,steady,20000,522.4609375,100898
frame2,20260824T013954-3c2c12e4,20260824T020203-adc397a0,21.62340685,20000,steady,19977,522.4609375,100898
frame2,20260824T013954-3c2c12e4,20260824T020203-adc397a0,22.63171913,20000,steady,19919,522.46875,100898
frame2,20260824T013954-3c2c12e4,20260824T020203-adc397a0,23.63956957,20000,steady,19972,522.46875,100898
frame2,20260824T013954-3c2c12e4,20260824T020203-adc397a0,24.67057081,20000,steady,19903,522.46875,100898
frame2,20260824T013954-3c2c12e4,20260824T020203-adc397a0,25.6941051,20000,steady,19995,522.4726563,100898
frame2,20260824T013954-3c2c12e4,20260824T020203-adc397a0,26.70113158,20000,steady,19915,522.4726563,100898
frame2,20260824T013954-3c2c12e4,20260824T020203-adc397a0,27.7324027,20000,steady,19984,522.4726563,100898
frame2,20260824T013954-3c2c12e4,20260824T020203-adc397a0,28.73597882,20000,steady,19987,522.4726563,100898
frame2,20260824T013954-3c2c12e4,20260824T020203-adc397a0,29.75759042,20000,steady,20000,522.4726563,100898
frame2,20260824T013954-3c2c12e4,20260824T020203-adc397a0,30.77238213,20000,steady,19919,522.4726563,100898
frame2,20260824T013954-3c2c12e4,20260824T020203-adc397a0,31.79755177,20000,steady,19970,522.4726563,100898
frame2,20260824T013954-3c2c12e4,20260824T020203-adc397a0,32.81995574,20000,steady,20000,522.4726563,100898
frame2,20260824T013954-3c2c12e4,20260824T020203-adc397a0,33.84607842,20000,steady,19856,522.4726563,100898
frame2,20260824T013954-3c2c12e4,20260824T020203-adc397a0,34.86110905,20000,steady,19883,522.4726563,100898
frame2,20260824T013954-3c2c12e4,20260824T020203-adc397a0,35.88241734,20000,steady,20000,522.4765625,100898
frame2,20260824T013954-3c2c12e4,20260824T020203-adc397a0,36.91258808,20000,steady,19908,522.4765625,100898
frame2,20260824T013954-3c2c12e4,20260824T020203-adc397a0,37.94676557,20000,steady,20000,522.4765625,100898
frame2,20260824T013954-3c2c12e4,20260824T020203-adc397a0,38.95417333,20000,steady,19926,522.4765625,100898
frame2,20260824T013954-3c2c12e4,20260824T020203-adc397a0,39.98865685,20000,steady,19945,522.4765625,100898
frame2,20260824T013954-3c2c12e4,20260824T020203-adc397a0,41.00978509,20000,steady,19984,522.4765625,100898
frame2,20260824T013954-3c2c12e4,20260824T020203-adc397a0,42.01429126,20000,steady,19917,522.4765625,100898
frame2,20260824T013954-3c2c12e4,20260824T020203-adc397a0,43.03648751,20000,steady,19957,522.4765625,100898
frame2,20260824T013954-3c2c12e4,20260824T020203-adc397a0,44.06369958,20000,steady,19985,522.4765625,100898
frame2,20260824T013954-3c2c12e4,20260824T020203-adc397a0,45.07009879,20000,steady,19892,522.4765625,100898
frame2,20260824T013954-3c2c12e4,20260824T020203-adc397a0,46.10207694,20000,steady,20000,522.4765625,100898
frame2,20260824T013954-3c2c12e4,20260824T020203-adc397a0,47.11649723,20000,steady,19988,522.4765625,100898
frame2,20260824T013954-3c2c12e4,20260824T020203-adc397a0,48.14498769,20000,steady,19919,526.0390625,100898
frame2,20260824T013954-3c2c12e4,20260824T020203-adc397a0,49.15343907,20000,steady,19995,526.0390625,100898
frame2,20260824T013954-3c2c12e4,20260824T020203-adc397a0,50.18049038,20000,steady,19889,526.0390625,100898
frame2,20260824T013954-3c2c12e4,20260824T020203-adc397a0,51.19936316,20000,steady,19980,526.0390625,100898
frame2,20260824T013954-3c2c12e4,20260824T020203-adc397a0,52.21056385,20000,steady,20000,526.1210938,100898
frame2,20260824T013954-3c2c12e4,20260824T020203-adc397a0,53.23010797,20000,steady,19935,526.125,100898
frame2,20260824T013954-3c2c12e4,20260824T020203-adc397a0,54.25248277,20000,steady,20000,526.125,100898
frame2,20260824T013954-3c2c12e4,20260824T020203-adc397a0,55.25417417,20000,steady,19944,526.125,100898
frame2,20260824T013954-3c2c12e4,20260824T020203-adc397a0,56.28537068,20000,steady,19923,526.125,100898
frame2,20260824T013954-3c2c12e4,20260824T020203-adc397a0,57.32131686,20000,steady,19908,526.125,100898
frame2,20260824T013954-3c2c12e4,20260824T020203-adc397a0,58.34733406,20000,steady,19864,526.125,100898
frame2,20260824T013954-3c2c12e4,20260824T020203-adc397a0,59.35324893,20000,steady,19992,526.125,100898
frame2_recheck,20260824T013954-3c2c12e4,20260824T020419-5fb29828,0.02008849999,2000,steady,2000,523.3515625,100898
frame2_recheck,20260824T013954-3c2c12e4,20260824T020419-5fb29828,1.020280083,2000,steady,2000,523.3515625,100898
frame2_recheck,20260824T013954-3c2c12e4,20260824T020419-5fb29828,2.02201416,2000,steady,2000,523.3554688,100898
frame2_recheck,20260824T013954-3c2c12e4,20260824T020419-5fb29828,3.036763168,2000,steady,2000,523.359375,100898
frame2_recheck,20260824T013954-3c2c12e4,20260824T020419-5fb29828,4.053138719,2000,steady,2000,523.359375,100898
frame2_recheck,20260824T013954-3c2c12e4,20260824T020419-5fb29828,5.069781597,2000,steady,2000,523.359375,100898
frame2_recheck,20260824T013954-3c2c12e4,20260824T020419-5fb29828,6.070016372,2000,steady,2000,523.3632813,100898
frame2_recheck,20260824T013954-3c2c12e4,20260824T020419-5fb29828,7.070180343,2000,steady,2000,523.390625,100898
frame2_recheck,20260824T013954-3c2c12e4,20260824T020419-5fb29828,8.086715587,2000,steady,2000,523.3945313,100898
frame2_recheck,20260824T013954-3c2c12e4,20260824T020419-5fb29828,9.08734467,2000,steady,2000,523.5546875,100898
frame2_recheck,20260824T013954-3c2c12e4,20260824T020419-5fb29828,10.10315413,2000,steady,2000,523.5546875,100898
frame2_recheck,20260824T013954-3c2c12e4,20260824T020419-5fb29828,11.10329458,2000,steady,1999,523.5546875,100898
frame2_recheck,20260824T013954-3c2c12e4,20260824T020419-5fb29828,12.1195816,2000,steady,2000,523.5546875,100898
frame2_recheck,20260824T013954-3c2c12e4,20260824T020419-5fb29828,13.11958365,2000,steady,2000,523.5546875,100898
frame2_recheck,20260824T013954-3c2c12e4,20260824T020419-5fb29828,14.1363256,2000,steady,2000,523.5546875,100898
frame2_recheck,20260824T013954-3c2c12e4,20260824T020419-5fb29828,15.13672206,2000,steady,2000,523.5546875,100898
frame2_recheck,20260824T013954-3c2c12e4,20260824T020419-5fb29828,16.15298804,2000,steady,2000,523.5546875,100898
frame2_recheck,20260824T013954-3c2c12e4,20260824T020419-5fb29828,17.1531668,2000,steady,2000,523.5546875,100898
frame2_recheck,20260824T013954-3c2c12e4,20260824T020419-5fb29828,18.16955013,2000,steady,2000,523.5546875,100898
frame2_recheck,20260824T013954-3c2c12e4,20260824T020419-5fb29828,19.18601616,2000,steady,2000,523.5546875,100898
frame2_recheck,20260824T013954-3c2c12e4,20260824T020419-5fb29828,20.18614465,2000,steady,2000,523.5546875,100898
frame2_recheck,20260824T013954-3c2c12e4,20260824T020419-5fb29828,21.20236852,2000,steady,2000,523.6210938,100898
frame2_recheck,20260824T013954-3c2c12e4,20260824T020419-5fb29828,22.20273196,2000,steady,2000,523.6210938,100898
frame2_recheck,20260824T013954-3c2c12e4,20260824T020419-5fb29828,23.20420026,2000,steady,1999,523.734375,100898
frame2_recheck,20260824T013954-3c2c12e4,20260824T020419-5fb29828,24.21991241,2000,steady,2000,523.734375,100898
frame2_recheck,20260824T013954-3c2c12e4,20260824T020419-5fb29828,25.23582142,2000,steady,2000,523.734375,100898
frame2_recheck,20260824T013954-3c2c12e4,20260824T020419-5fb29828,26.25206712,2000,steady,2000,523.734375,100898
frame2_recheck,20260824T013954-3c2c12e4,20260824T020419-5fb29828,27.25258225,2000,steady,2000,523.734375,100898
frame2_recheck,20260824T013954-3c2c12e4,20260824T020419-5fb29828,28.26897889,2000,steady,1999,523.7382813,100898
frame2_recheck,20260824T013954-3c2c12e4,20260824T020419-5fb29828,29.28582943,2000,steady,2000,523.7382813,100898
frame2_recheck,20260824T013954-3c2c12e4,20260824T020419-5fb29828,30.30263208,2000,steady,2000,523.7421875,100898
frame2_recheck,20260824T013954-3c2c12e4,20260824T020419-5fb29828,31.31934576,2000,steady,2000,523.7421875,100898
frame2_recheck,20260824T013954-3c2c12e4,20260824T020419-5fb29828,32.33578367,2000,steady,1999,527.9609375,100898
frame2_recheck,20260824T013954-3c2c12e4,20260824T020419-5fb29828,33.33638627,2000,steady,2000,527.9609375,100898
frame2_recheck,20260824T013954-3c2c12e4,20260824T020419-5fb29828,34.35423561,2000,steady,2000,527.9609375,100898
frame2_recheck,20260824T013954-3c2c12e4,20260824T020419-5fb29828,35.36853774,2000,steady,2000,528.015625,100898
frame2_recheck,20260824T013954-3c2c12e4,20260824T020419-5fb29828,36.36919652,2000,steady,2000,528.0585938,100898
frame2_recheck,20260824T013954-3c2c12e4,20260824T020419-5fb29828,37.37059626,2000,steady,1995,520.2109375,100898
frame2_recheck,20260824T013954-3c2c12e4,20260824T020419-5fb29828,38.38525167,2000,steady,1995,519.8828125,100898
frame2_recheck,20260824T013954-3c2c12e4,20260824T020419-5fb29828,39.40165825,2000,steady,1996,519.8828125,100898
frame2_recheck,20260824T013954-3c2c12e4,20260824T020419-5fb29828,40.4025066,2000,steady,2000,519.859375,100898
frame2_recheck,20260824T013954-3c2c12e4,20260824T020419-5fb29828,41.40263169,2000,steady,2000,519.9804688,100898
frame2_recheck,20260824T013954-3c2c12e4,20260824T020419-5fb29828,42.4181203,2000,steady,2000,519.9414063,100898
frame2_recheck,20260824T013954-3c2c12e4,20260824T020419-5fb29828,43.43451314,2000,steady,1999,519.6640625,100898
frame2_recheck,20260824T013954-3c2c12e4,20260824T020419-5fb29828,44.43513161,2000,steady,2000,519.6875,100898
frame2_recheck,20260824T013954-3c2c12e4,20260824T020419-5fb29828,45.45214149,2000,steady,2000,519.6875,100898
frame2_recheck,20260824T013954-3c2c12e4,20260824T020419-5fb29828,46.46851453,2000,steady,2000,519.6875,100898
frame2_recheck,20260824T013954-3c2c12e4,20260824T020419-5fb29828,47.46856074,2000,steady,2000,519.6640625,100898
frame2_recheck,20260824T013954-3c2c12e4,20260824T020419-5fb29828,48.48520439,2000,steady,1999,520.0351563,100898
frame2_recheck,20260824T013954-3c2c12e4,20260824T020419-5fb29828,49.50132977,2000,steady,2000,519.9492188,100898
frame2_recheck,20260824T013954-3c2c12e4,20260824T020419-5fb29828,50.50220255,2000,steady,2000,520.0625,100898
frame2_recheck,20260824T013954-3c2c12e4,20260824T020419-5fb29828,51.51792111,2000,steady,2000,519.7382813,100898
frame2_recheck,20260824T013954-3c2c12e4,20260824T020419-5fb29828,52.5188888,2000,steady,2000,519.7382813,100898
frame2_recheck,20260824T013954-3c2c12e4,20260824T020419-5fb29828,53.53446083,2000,steady,2000,519.6132813,100898
frame2_recheck,20260824T013954-3c2c12e4,20260824T020419-5fb29828,54.55163145,2000,steady,2000,519.6132813,100898
frame2_recheck,20260824T013954-3c2c12e4,20260824T020419-5fb29828,55.55228565,2000,steady,2000,519.6132813,100898
frame2_recheck,20260824T013954-3c2c12e4,20260824T020419-5fb29828,56.56832979,2000,steady,2000,519.7070313,100898
frame2_recheck,20260824T013954-3c2c12e4,20260824T020419-5fb29828,57.56916186,2000,steady,2000,519.953125,100898
frame2_recheck,20260824T013954-3c2c12e4,20260824T020419-5fb29828,58.5693266,2000,steady,2000,519.8710938,100898
frame2_recheck,20260824T013954-3c2c12e4,20260824T020419-5fb29828,59.58532451,2000,steady,1999,519.984375,100898
leak2,20260824T013954-3c2c12e4,20260824T020548-1fe18b60,0.02459112398,5000,steady,5000,519.4492188,100898
leak2,20260824T013954-3c2c12e4,20260824T020548-1fe18b60,1.041581802,5000,steady,4999,519.4492188,100898
leak2,20260824T013954-3c2c12e4,20260824T020548-1fe18b60,2.058052734,5000,steady,4999,519.4492188,100898
leak2,20260824T013954-3c2c12e4,20260824T020548-1fe18b60,3.07474248,5000,steady,4999,519.6523438,100898
leak2,20260824T013954-3c2c12e4,20260824T020548-1fe18b60,4.090718023,5000,steady,4999,519.6523438,100898
leak2,20260824T013954-3c2c12e4,20260824T020548-1fe18b60,5.091972641,5000,steady,5000,519.6523438,100898
leak2,20260824T013954-3c2c12e4,20260824T020548-1fe18b60,6.10783511,5000,steady,4999,519.6601563,100898
leak2,20260824T013954-3c2c12e4,20260824T020548-1fe18b60,7.107878322,5000,steady,4999,519.7617188,100898
leak2,20260824T013954-3c2c12e4,20260824T020548-1fe18b60,8.124018006,5000,steady,4999,519.7617188,100898
leak2,20260824T013954-3c2c12e4,20260824T020548-1fe18b60,9.140999937,5000,steady,4998,520.0546875,100898
leak2,20260824T013954-3c2c12e4,20260824T020548-1fe18b60,10.1569401,5000,steady,5000,520.0546875,100898
leak2,20260824T013954-3c2c12e4,20260824T020548-1fe18b60,11.15850534,5000,steady,5000,520.0546875,100898
leak2,20260824T013954-3c2c12e4,20260824T020548-1fe18b60,12.15864947,5000,steady,4999,520.0546875,100898
leak2,20260824T013954-3c2c12e4,20260824T020548-1fe18b60,13.17449462,5000,steady,4999,520.0546875,100898
leak2,20260824T013954-3c2c12e4,20260824T020548-1fe18b60,14.17535204,5000,steady,4999,520.0546875,100898
leak2,20260824T013954-3c2c12e4,20260824T020548-1fe18b60,15.19216004,5000,steady,4999,520.1171875,100898
leak2,20260824T013954-3c2c12e4,20260824T020548-1fe18b60,16.20801324,5000,steady,5000,520.375,100898
leak2,20260824T013954-3c2c12e4,20260824T020548-1fe18b60,17.20976541,5000,steady,4999,520.375,100898
leak2,20260824T013954-3c2c12e4,20260824T020548-1fe18b60,18.22666238,5000,steady,4999,520.3789063,100898
leak2,20260824T013954-3c2c12e4,20260824T020548-1fe18b60,19.24427904,5000,steady,4999,520.3828125,100898
leak2,20260824T013954-3c2c12e4,20260824T020548-1fe18b60,20.25741657,5000,steady,4999,520.640625,100898
leak2,20260824T013954-3c2c12e4,20260824T020548-1fe18b60,21.25800179,5000,steady,5000,520.640625,100898
leak2,20260824T013954-3c2c12e4,20260824T020548-1fe18b60,22.27356998,5000,steady,4999,520.640625,100898
leak2,20260824T013954-3c2c12e4,20260824T020548-1fe18b60,23.27469514,5000,steady,4999,520.640625,100898
leak2,20260824T013954-3c2c12e4,20260824T020548-1fe18b60,24.29135762,5000,steady,5000,520.640625,100898
leak2,20260824T013954-3c2c12e4,20260824T020548-1fe18b60,25.3095683,5000,steady,4999,520.640625,100898
leak2,20260824T013954-3c2c12e4,20260824T020548-1fe18b60,26.31240975,5000,steady,5000,520.640625,100898
leak2,20260824T013954-3c2c12e4,20260824T020548-1fe18b60,27.323344,5000,steady,5000,520.640625,100898
leak2,20260824T013954-3c2c12e4,20260824T020548-1fe18b60,28.3241874,5000,steady,4997,520.640625,100898
leak2,20260824T013954-3c2c12e4,20260824T020548-1fe18b60,29.32433341,5000,steady,4997,520.65625,100898
leak2,20260824T013954-3c2c12e4,20260824T020548-1fe18b60,30.32519904,5000,steady,4998,520.859375,100898
leak2,20260824T013954-3c2c12e4,20260824T020548-1fe18b60,31.34050159,5000,steady,4999,520.875,100898
leak2,20260824T013954-3c2c12e4,20260824T020548-1fe18b60,32.34114749,5000,steady,5000,520.875,100898
leak2,20260824T013954-3c2c12e4,20260824T020548-1fe18b60,33.35600422,5000,steady,4999,520.875,100898
leak2,20260824T013954-3c2c12e4,20260824T020548-1fe18b60,34.35762821,5000,steady,4998,520.875,100898
leak2,20260824T013954-3c2c12e4,20260824T020548-1fe18b60,35.37482339,5000,steady,4998,520.921875,100898
leak2,20260824T013954-3c2c12e4,20260824T020548-1fe18b60,36.39096367,5000,steady,5000,520.9335938,100898
leak2,20260824T013954-3c2c12e4,20260824T020548-1fe18b60,37.40691511,5000,steady,5000,521.09375,100898
leak2,20260824T013954-3c2c12e4,20260824T020548-1fe18b60,38.40723981,5000,steady,4999,521.1445313,100898
leak2,20260824T013954-3c2c12e4,20260824T020548-1fe18b60,39.42326301,5000,steady,4999,521.1445313,100898
leak2,20260824T013954-3c2c12e4,20260824T020548-1fe18b60,40.42343496,5000,steady,4999,521.1445313,100898
leak2,20260824T013954-3c2c12e4,20260824T020548-1fe18b60,41.42677343,5000,steady,5000,521.1445313,100898
leak2,20260824T013954-3c2c12e4,20260824T020548-1fe18b60,42.43999396,5000,steady,5000,521.1445313,100898
leak2,20260824T013954-3c2c12e4,20260824T020548-1fe18b60,43.45616739,5000,steady,4999,521.1445313,100898
leak2,20260824T013954-3c2c12e4,20260824T020548-1fe18b60,44.45737092,5000,steady,5000,521.1445313,100898
leak2,20260824T013954-3c2c12e4,20260824T020548-1fe18b60,45.47274602,5000,steady,5000,521.1992188,100898
leak2,20260824T013954-3c2c12e4,20260824T020548-1fe18b60,46.47431837,5000,steady,5000,521.1992188,100898
leak2,20260824T013954-3c2c12e4,20260824T020548-1fe18b60,47.4899947,5000,steady,5000,521.1992188,100898
leak2,20260824T013954-3c2c12e4,20260824T020548-1fe18b60,48.49035808,5000,steady,5000,521.2148438,100898
leak2,20260824T013954-3c2c12e4,20260824T020548-1fe18b60,49.50602495,5000,steady,4999,521.2148438,100898
leak2,20260824T013954-3c2c12e4,20260824T020548-1fe18b60,50.50657859,5000,steady,4999,521.2148438,100898
leak2,20260824T013954-3c2c12e4,20260824T020548-1fe18b60,51.50678528,5000,steady,5000,521.2148438,100898
leak2,20260824T013954-3c2c12e4,20260824T020548-1fe18b60,52.50694357,5000,steady,4999,521.2148438,100898
leak2,20260824T013954-3c2c12e4,20260824T020548-1fe18b60,53.52216003,5000,steady,4999,521.2148438,100898
leak2,20260824T013954-3c2c12e4,20260824T020548-1fe18b60,54.52339213,5000,steady,5000,521.2148438,100898
leak2,20260824T013954-3c2c12e4,20260824T020548-1fe18b60,55.54265055,5000,steady,4999,521.2148438,100898
leak2,20260824T013954-3c2c12e4,20260824T020548-1fe18b60,56.55619855,5000,steady,5000,521.2148438,100898
leak2,20260824T013954-3c2c12e4,20260824T020548-1fe18b60,57.57337195,5000,steady,5000,521.2148438,100898
leak2,20260824T013954-3c2c12e4,20260824T020548-1fe18b60,58.58923067,5000,steady,4993,521.2148438,100898
leak2,20260824T013954-3c2c12e4,20260824T020548-1fe18b60,59.59004475,5000,steady,4996,521.2148438,100898
leak2,20260824T013954-3c2c12e4,20260824T020548-1fe18b60,60.60643996,5000,steady,4998,521.2148438,100898
leak2,20260824T013954-3c2c12e4,20260824T020548-1fe18b60,61.62188587,5000,steady,5000,521.2148438,100898
leak2,20260824T013954-3c2c12e4,20260824T020548-1fe18b60,62.62203442,5000,steady,4999,525.2773438,100898
leak2,20260824T013954-3c2c12e4,20260824T020548-1fe18b60,63.63951859,5000,steady,4999,525.2773438,100898
leak2,20260824T013954-3c2c12e4,20260824T020548-1fe18b60,64.65446929,5000,steady,4999,525.2773438,100898
leak2,20260824T013954-3c2c12e4,20260824T020548-1fe18b60,65.65576017,5000,steady,4998,525.2773438,100898
leak2,20260824T013954-3c2c12e4,20260824T020548-1fe18b60,66.67339535,5000,steady,5000,525.2773438,100898
leak2,20260824T013954-3c2c12e4,20260824T020548-1fe18b60,67.68816273,5000,steady,4998,525.3476563,100898
leak2,20260824T013954-3c2c12e4,20260824T020548-1fe18b60,68.7053027,5000,steady,4999,525.3476563,100898
leak2,20260824T013954-3c2c12e4,20260824T020548-1fe18b60,69.7059568,5000,steady,4999,525.3476563,100898
leak2,20260824T013954-3c2c12e4,20260824T020548-1fe18b60,70.72206947,5000,steady,5000,525.3476563,100898
leak2,20260824T013954-3c2c12e4,20260824T020548-1fe18b60,71.73894434,5000,steady,5000,525.3476563,100898
leak2,20260824T013954-3c2c12e4,20260824T020548-1fe18b60,72.75722435,5000,steady,5000,525.3476563,100898
leak2,20260824T013954-3c2c12e4,20260824T020548-1fe18b60,73.77132665,5000,steady,5000,525.3476563,100898
leak2,20260824T013954-3c2c12e4,20260824T020548-1fe18b60,74.77267466,5000,steady,4999,525.3476563,100898
leak2,20260824T013954-3c2c12e4,20260824T020548-1fe18b60,75.78850739,5000,steady,5000,525.3476563,100898
leak2,20260824T013954-3c2c12e4,20260824T020548-1fe18b60,76.78891453,5000,steady,5000,525.3476563,100898
leak2,20260824T013954-3c2c12e4,20260824T020548-1fe18b60,77.78927098,5000,steady,4999,525.3476563,100898
leak2,20260824T013954-3c2c12e4,20260824T020548-1fe18b60,78.79006294,5000,steady,5000,525.3476563,100898
leak2,20260824T013954-3c2c12e4,20260824T020548-1fe18b60,79.80564628,5000,steady,4998,525.3476563,100898
leak2,20260824T013954-3c2c12e4,20260824T020548-1fe18b60,80.80634663,5000,steady,4999,525.3476563,100898
leak2,20260824T013954-3c2c12e4,20260824T020548-1fe18b60,81.82212697,5000,steady,5000,525.390625,100898
leak2,20260824T013954-3c2c12e4,20260824T020548-1fe18b60,82.84020466,5000,steady,4998,525.390625,100898
leak2,20260824T013954-3c2c12e4,20260824T020548-1fe18b60,83.85420852,5000,steady,4999,525.390625,100898
leak2,20260824T013954-3c2c12e4,20260824T020548-1fe18b60,84.87298319,5000,steady,5000,525.390625,100898
leak2,20260824T013954-3c2c12e4,20260824T020548-1fe18b60,85.88695555,5000,steady,4998,525.390625,100898
leak2,20260824T013954-3c2c12e4,20260824T020548-1fe18b60,86.88914286,5000,steady,4999,525.4023438,100898
leak2,20260824T013954-3c2c12e4,20260824T020548-1fe18b60,87.90442326,5000,steady,4999,525.4023438,100898
leak2,20260824T013954-3c2c12e4,20260824T020548-1fe18b60,88.9046123,5000,steady,4999,525.4023438,100898
leak2,20260824T013954-3c2c12e4,20260824T020548-1fe18b60,89.90880126,5000,steady,5000,525.4023438,100898
leak2,20260824T013954-3c2c12e4,20260824T020548-1fe18b60,90.92246813,5000,steady,4999,525.4023438,100898
leak2,20260824T013954-3c2c12e4,20260824T020548-1fe18b60,91.93878188,5000,steady,5000,525.4023438,100898
leak2,20260824T013954-3c2c12e4,20260824T020548-1fe18b60,92.94025509,5000,steady,5000,525.4023438,100898
leak2,20260824T013954-3c2c12e4,20260824T020548-1fe18b60,93.95627717,5000,steady,5000,525.4023438,100898
leak2,20260824T013954-3c2c12e4,20260824T020548-1fe18b60,94.97232891,5000,steady,5000,525.4023438,100898
leak2,20260824T013954-3c2c12e4,20260824T020548-1fe18b60,95.98964584,5000,steady,5000,525.40625,100898
leak2,20260824T013954-3c2c12e4,20260824T020548-1fe18b60,97.00631264,5000,steady,5000,518.9804688,100898
leak2,20260824T013954-3c2c12e4,20260824T020548-1fe18b60,98.00779521,5000,steady,5000,519.328125,100898
leak2,20260824T013954-3c2c12e4,20260824T020548-1fe18b60,99.02259945,5000,steady,5000,518.6757813,100898
leak2,20260824T013954-3c2c12e4,20260824T020548-1fe18b60,100.0395382,5000,steady,5000,518.5625,100898
leak2,20260824T013954-3c2c12e4,20260824T020548-1fe18b60,101.039595,5000,steady,5000,518.578125,100898
leak2,20260824T013954-3c2c12e4,20260824T020548-1fe18b60,102.0544363,5000,steady,5000,518.0585938,100898
leak2,20260824T013954-3c2c12e4,20260824T020548-1fe18b60,103.070632,5000,steady,5000,518.3164063,100898
leak2,20260824T013954-3c2c12e4,20260824T020548-1fe18b60,104.086722,5000,steady,4999,518.0820313,100898
leak2,20260824T013954-3c2c12e4,20260824T020548-1fe18b60,105.087968,5000,steady,5000,518.1523438,100898
leak2,20260824T013954-3c2c12e4,20260824T020548-1fe18b60,106.0893856,5000,steady,5000,518.1953125,100898
leak2,20260824T013954-3c2c12e4,20260824T020548-1fe18b60,107.0956688,5000,steady,4999,518.2421875,100898
leak2,20260824T013954-3c2c12e4,20260824T020548-1fe18b60,108.1033708,5000,steady,5000,518.5,100898
leak2,20260824T013954-3c2c12e4,20260824T020548-1fe18b60,109.1054696,5000,steady,5000,518.5,100898
leak2,20260824T013954-3c2c12e4,20260824T020548-1fe18b60,110.1211275,5000,steady,4999,518.515625,100898
leak2,20260824T013954-3c2c12e4,20260824T020548-1fe18b60,111.1375383,5000,steady,4998,518.515625,100898
leak2,20260824T013954-3c2c12e4,20260824T020548-1fe18b60,112.1547925,5000,steady,4999,518.515625,100898
leak2,20260824T013954-3c2c12e4,20260824T020548-1fe18b60,113.1710469,5000,steady,5000,518.515625,100898
leak2,20260824T013954-3c2c12e4,20260824T020548-1fe18b60,114.1874546,5000,steady,5000,518.515625,100898
leak2,20260824T013954-3c2c12e4,20260824T020548-1fe18b60,115.2026078,5000,steady,5000,518.7773438,100898
leak2,20260824T013954-3c2c12e4,20260824T020548-1fe18b60,116.2031963,5000,steady,4999,518.7773438,100898
leak2,20260824T013954-3c2c12e4,20260824T020548-1fe18b60,117.2204718,5000,steady,4999,518.7773438,100898
leak2,20260824T013954-3c2c12e4,20260824T020548-1fe18b60,118.2209084,5000,steady,5000,518.7773438,100898
leak2,20260824T013954-3c2c12e4,20260824T020548-1fe18b60,119.2363812,5000,steady,5000,518.7773438,100898
leak2,20260824T013954-3c2c12e4,20260824T020548-1fe18b60,120.2374391,5000,steady,5000,518.7773438,100898
leak2,20260824T013954-3c2c12e4,20260824T020548-1fe18b60,121.2528688,5000,steady,5000,518.7773438,100898
leak2,20260824T013954-3c2c12e4,20260824T020548-1fe18b60,122.2552519,5000,steady,5000,518.7773438,100898
leak2,20260824T013954-3c2c12e4,20260824T020548-1fe18b60,123.2690398,5000,steady,5000,518.7773438,100898
leak2,20260824T013954-3c2c12e4,20260824T020548-1fe18b60,124.2714093,5000,steady,4999,518.7773438,100898
leak2,20260824T013954-3c2c12e4,20260824T020548-1fe18b60,125.2877851,5000,steady,5000,518.8632813,100898
leak2,20260824T013954-3c2c12e4,20260824T020548-1fe18b60,126.3035714,5000,steady,4999,518.8632813,100898
leak2,20260824T013954-3c2c12e4,20260824T020548-1fe18b60,127.3036054,5000,steady,4999,518.8632813,100898
leak2,20260824T013954-3c2c12e4,20260824T020548-1fe18b60,128.3037779,5000,steady,5000,518.8632813,100898
leak2,20260824T013954-3c2c12e4,20260824T020548-1fe18b60,129.3037913,5000,steady,5000,518.8632813,100898
leak2,20260824T013954-3c2c12e4,20260824T020548-1fe18b60,130.3190884,5000,steady,5000,518.8632813,100898
leak2,20260824T013954-3c2c12e4,20260824T020548-1fe18b60,131.3203037,5000,steady,5000,519.0664063,100898
leak2,20260824T013954-3c2c12e4,20260824T020548-1fe18b60,132.3360543,5000,steady,5000,519.0664063,100898
leak2,20260824T013954-3c2c12e4,20260824T020548-1fe18b60,133.3384073,5000,steady,5000,519.0664063,100898
leak2,20260824T013954-3c2c12e4,20260824T020548-1fe18b60,134.3535438,5000,steady,5000,519.0664063,100898
leak2,20260824T013954-3c2c12e4,20260824T020548-1fe18b60,135.3705604,5000,steady,4999,519.0664063,100898
leak2,20260824T013954-3c2c12e4,20260824T020548-1fe18b60,136.3857865,5000,steady,4999,519.171875,100898
leak2,20260824T013954-3c2c12e4,20260824T020548-1fe18b60,137.4028035,5000,steady,4999,519.171875,100898
leak2,20260824T013954-3c2c12e4,20260824T020548-1fe18b60,138.4030199,5000,steady,5000,519.171875,100898
leak2,20260824T013954-3c2c12e4,20260824T020548-1fe18b60,139.4195654,5000,steady,5000,519.171875,100898
leak2,20260824T013954-3c2c12e4,20260824T020548-1fe18b60,140.436195,5000,steady,5000,519.171875,100898
leak2,20260824T013954-3c2c12e4,20260824T020548-1fe18b60,141.4544611,5000,steady,5000,519.171875,100898
leak2,20260824T013954-3c2c12e4,20260824T020548-1fe18b60,142.4697454,5000,steady,5000,519.171875,100898
leak2,20260824T013954-3c2c12e4,20260824T020548-1fe18b60,143.4863002,5000,steady,5000,519.171875,100898
leak2,20260824T013954-3c2c12e4,20260824T020548-1fe18b60,144.5024839,5000,steady,5000,519.171875,100898
leak2,20260824T013954-3c2c12e4,20260824T020548-1fe18b60,145.502524,5000,steady,5000,519.171875,100898
leak2,20260824T013954-3c2c12e4,20260824T020548-1fe18b60,146.5192216,5000,steady,5000,519.171875,100898
leak2,20260824T013954-3c2c12e4,20260824T020548-1fe18b60,147.5367086,5000,steady,5000,519.1757813,100898
leak2,20260824T013954-3c2c12e4,20260824T020548-1fe18b60,148.5520033,5000,steady,5000,519.1757813,100898
leak2,20260824T013954-3c2c12e4,20260824T020548-1fe18b60,149.5690846,5000,steady,5000,519.1757813,100898
leak2,20260824T013954-3c2c12e4,20260824T020548-1fe18b60,150.5705213,5000,steady,5000,519.1757813,100898
leak2,20260824T013954-3c2c12e4,20260824T020548-1fe18b60,151.5875709,5000,steady,5000,519.1757813,100898
leak2,20260824T013954-3c2c12e4,20260824T020548-1fe18b60,152.603089,5000,steady,4999,519.1757813,100898
leak2,20260824T013954-3c2c12e4,20260824T020548-1fe18b60,153.617951,5000,steady,5000,519.3671875,100898
leak2,20260824T013954-3c2c12e4,20260824T020548-1fe18b60,154.619885,5000,steady,5000,519.3671875,100898
leak2,20260824T013954-3c2c12e4,20260824T020548-1fe18b60,155.6367621,5000,steady,5000,519.3671875,100898
leak2,20260824T013954-3c2c12e4,20260824T020548-1fe18b60,156.6515198,5000,steady,5000,519.3671875,100898
leak2,20260824T013954-3c2c12e4,20260824T020548-1fe18b60,157.6517859,5000,steady,5000,519.3671875,100898
leak2,20260824T013954-3c2c12e4,20260824T020548-1fe18b60,158.6522655,5000,steady,5000,519.3671875,100898
leak2,20260824T013954-3c2c12e4,20260824T020548-1fe18b60,159.6672585,5000,steady,5000,519.3671875,100898
leak2,20260824T013954-3c2c12e4,20260824T020548-1fe18b60,160.6847206,5000,steady,5000,519.3671875,100898
leak2,20260824T013954-3c2c12e4,20260824T020548-1fe18b60,161.6851798,5000,steady,5000,519.3710938,100898
leak2,20260824T013954-3c2c12e4,20260824T020548-1fe18b60,162.7019362,5000,steady,5000,519.3710938,100898
leak2,20260824T013954-3c2c12e4,20260824T020548-1fe18b60,163.7168377,5000,steady,5000,519.375,100898
leak2,20260824T013954-3c2c12e4,20260824T020548-1fe18b60,164.7182497,5000,steady,5000,519.375,100898
leak2,20260824T013954-3c2c12e4,20260824T020548-1fe18b60,165.7189425,5000,steady,5000,519.375,100898
leak2,20260824T013954-3c2c12e4,20260824T020548-1fe18b60,166.7331067,5000,steady,5000,519.375,100898
leak2,20260824T013954-3c2c12e4,20260824T020548-1fe18b60,167.7335414,5000,steady,5000,519.375,100898
leak2,20260824T013954-3c2c12e4,20260824T020548-1fe18b60,168.7350198,5000,steady,5000,519.375,100898
leak2,20260824T013954-3c2c12e4,20260824T020548-1fe18b60,169.7361168,5000,steady,5000,519.3828125,100898
leak2,20260824T013954-3c2c12e4,20260824T020548-1fe18b60,170.7526583,5000,steady,5000,519.3828125,100898
leak2,20260824T013954-3c2c12e4,20260824T020548-1fe18b60,171.7693882,5000,steady,4999,519.3828125,100898
leak2,20260824T013954-3c2c12e4,20260824T020548-1fe18b60,172.7927696,5000,steady,5000,519.3828125,100898
leak2,20260824T013954-3c2c12e4,20260824T020548-1fe18b60,173.801255,5000,steady,5000,519.3828125,100898
leak2,20260824T013954-3c2c12e4,20260824T020548-1fe18b60,174.8163687,5000,steady,5000,519.3828125,100898
leak2,20260824T013954-3c2c12e4,20260824T020548-1fe18b60,175.8175018,5000,steady,5000,519.3828125,100898
leak2,20260824T013954-3c2c12e4,20260824T020548-1fe18b60,176.8352881,5000,steady,5000,519.3828125,100898
leak2,20260824T013954-3c2c12e4,20260824T020548-1fe18b60,177.8505239,5000,steady,4999,519.3828125,100898
leak2,20260824T013954-3c2c12e4,20260824T020548-1fe18b60,178.850679,5000,steady,5000,519.3828125,100898
leak2,20260824T013954-3c2c12e4,20260824T020548-1fe18b60,179.8678841,5000,steady,5000,519.3828125,100898
leak2,20260824T013954-3c2c12e4,20260824T020548-1fe18b60,180.8829178,5000,steady,5000,519.3828125,100898
leak2,20260824T013954-3c2c12e4,20260824T020548-1fe18b60,181.9003449,5000,steady,5000,519.3828125,100898
leak2,20260824T013954-3c2c12e4,20260824T020548-1fe18b60,182.9181171,5000,steady,4999,524.6875,100898
leak2,20260824T013954-3c2c12e4,20260824T020548-1fe18b60,183.9343391,5000,steady,5000,524.6914063,100898
leak2,20260824T013954-3c2c12e4,20260824T020548-1fe18b60,184.934721,5000,steady,5000,524.6914063,100898
leak2,20260824T013954-3c2c12e4,20260824T020548-1fe18b60,185.949629,5000,steady,5000,524.6992188,100898
leak2,20260824T013954-3c2c12e4,20260824T020548-1fe18b60,186.9507805,5000,steady,5000,524.6992188,100898
leak2,20260824T013954-3c2c12e4,20260824T020548-1fe18b60,187.9532841,5000,steady,5000,524.7070313,100898
leak2,20260824T013954-3c2c12e4,20260824T020548-1fe18b60,188.9667942,5000,steady,5000,524.7070313,100898
leak2,20260824T013954-3c2c12e4,20260824T020548-1fe18b60,189.9840493,5000,steady,5000,524.7109375,100898
leak2,20260824T013954-3c2c12e4,20260824T020548-1fe18b60,190.9854965,5000,steady,5000,524.7109375,100898
leak2,20260824T013954-3c2c12e4,20260824T020548-1fe18b60,192.0001766,5000,steady,4999,524.7109375,100898
leak2,20260824T013954-3c2c12e4,20260824T020548-1fe18b60,193.0005887,5000,steady,5000,524.7109375,100898
leak2,20260824T013954-3c2c12e4,20260824T020548-1fe18b60,194.0014607,5000,steady,4999,524.7109375,100898
leak2,20260824T013954-3c2c12e4,20260824T020548-1fe18b60,195.002283,5000,steady,5000,524.7148438,100898
leak2,20260824T013954-3c2c12e4,20260824T020548-1fe18b60,196.0024719,5000,steady,5000,524.7148438,100898
leak2,20260824T013954-3c2c12e4,20260824T020548-1fe18b60,197.0180014,5000,steady,5000,524.7148438,100898
leak2,20260824T013954-3c2c12e4,20260824T020548-1fe18b60,198.0334571,5000,steady,4990,524.7148438,100898
leak2,20260824T013954-3c2c12e4,20260824T020548-1fe18b60,199.0347519,5000,steady,4992,524.7148438,100898
leak2,20260824T013954-3c2c12e4,20260824T020548-1fe18b60,200.049916,5000,steady,5000,524.7148438,100898
leak2,20260824T013954-3c2c12e4,20260824T020548-1fe18b60,201.0505784,5000,steady,5000,524.7148438,100898
leak2,20260824T013954-3c2c12e4,20260824T020548-1fe18b60,202.0507477,5000,steady,5000,524.7148438,100898
leak2,20260824T013954-3c2c12e4,20260824T020548-1fe18b60,203.0669774,5000,steady,5000,524.7148438,100898
leak2,20260824T013954-3c2c12e4,20260824T020548-1fe18b60,204.084221,5000,steady,4999,524.7148438,100898
leak2,20260824T013954-3c2c12e4,20260824T020548-1fe18b60,205.1001605,5000,steady,5000,524.875,100898
leak2,20260824T013954-3c2c12e4,20260824T020548-1fe18b60,206.1003763,5000,steady,5000,524.875,100898
leak2,20260824T013954-3c2c12e4,20260824T020548-1fe18b60,207.1007433,5000,steady,5000,524.875,100898
leak2,20260824T013954-3c2c12e4,20260824T020548-1fe18b60,208.1160261,5000,steady,5000,524.875,100898
leak2,20260824T013954-3c2c12e4,20260824T020548-1fe18b60,209.1171885,5000,steady,5000,524.875,100898
leak2,20260824T013954-3c2c12e4,20260824T020548-1fe18b60,210.1180714,5000,steady,5000,524.875,100898
leak2,20260824T013954-3c2c12e4,20260824T020548-1fe18b60,211.1329785,5000,steady,5000,524.875,100898
leak2,20260824T013954-3c2c12e4,20260824T020548-1fe18b60,212.1338593,5000,steady,5000,524.875,100898
leak2,20260824T013954-3c2c12e4,20260824T020548-1fe18b60,213.1369469,5000,steady,5000,524.875,100898
leak2,20260824T013954-3c2c12e4,20260824T020548-1fe18b60,214.1496113,5000,steady,4999,524.875,100898
leak2,20260824T013954-3c2c12e4,20260824T020548-1fe18b60,215.1517742,5000,steady,5000,524.875,100898
leak2,20260824T013954-3c2c12e4,20260824T020548-1fe18b60,216.1651716,5000,steady,5000,524.875,100898
leak2,20260824T013954-3c2c12e4,20260824T020548-1fe18b60,217.1665654,5000,steady,5000,525.0351563,100898
leak2,20260824T013954-3c2c12e4,20260824T020548-1fe18b60,218.167147,5000,steady,5000,525.0351563,100898
leak2,20260824T013954-3c2c12e4,20260824T020548-1fe18b60,219.1834598,5000,steady,5000,525.0351563,100898
leak2,20260824T013954-3c2c12e4,20260824T020548-1fe18b60,220.2006807,5000,steady,5000,525.0351563,100898
leak2,20260824T013954-3c2c12e4,20260824T020548-1fe18b60,221.2164877,5000,steady,4999,525.0351563,100898
leak2,20260824T013954-3c2c12e4,20260824T020548-1fe18b60,222.2182043,5000,steady,5000,525.0351563,100898
leak2,20260824T013954-3c2c12e4,20260824T020548-1fe18b60,223.2328771,5000,steady,5000,525.0351563,100898
leak2,20260824T013954-3c2c12e4,20260824T020548-1fe18b60,224.2492011,5000,steady,4999,525.0390625,100898
leak2,20260824T013954-3c2c12e4,20260824T020548-1fe18b60,225.2657861,5000,steady,5000,525.0390625,100898
leak2,20260824T013954-3c2c12e4,20260824T020548-1fe18b60,226.2660876,5000,steady,5000,525.0390625,100898
leak2,20260824T013954-3c2c12e4,20260824T020548-1fe18b60,227.2828779,5000,steady,5000,525.0390625,100898
leak2,20260824T013954-3c2c12e4,20260824T020548-1fe18b60,228.283038,5000,steady,5000,525.0390625,100898
leak2,20260824T013954-3c2c12e4,20260824T020548-1fe18b60,229.2991682,5000,steady,4999,525.0390625,100898
leak2,20260824T013954-3c2c12e4,20260824T020548-1fe18b60,230.3158582,5000,steady,5000,525.0390625,100898
leak2,20260824T013954-3c2c12e4,20260824T020548-1fe18b60,231.3327753,5000,steady,5000,525.0390625,100898
leak2,20260824T013954-3c2c12e4,20260824T020548-1fe18b60,232.3476161,5000,steady,5000,525.0390625,100898
leak2,20260824T013954-3c2c12e4,20260824T020548-1fe18b60,233.3483153,5000,steady,5000,525.0390625,100898
leak2,20260824T013954-3c2c12e4,20260824T020548-1fe18b60,234.3654491,5000,steady,4999,525.0390625,100898
leak2,20260824T013954-3c2c12e4,20260824T020548-1fe18b60,235.3655039,5000,steady,5000,525.0390625,100898
leak2,20260824T013954-3c2c12e4,20260824T020548-1fe18b60,236.3828912,5000,steady,5000,525.1210938,100898
leak2,20260824T013954-3c2c12e4,20260824T020548-1fe18b60,237.3868587,5000,steady,5000,525.1210938,100898
leak2,20260824T013954-3c2c12e4,20260824T020548-1fe18b60,238.3988269,5000,steady,5000,525.1210938,100898
leak2,20260824T013954-3c2c12e4,20260824T020548-1fe18b60,239.3991619,5000,steady,4999,525.1210938,100898
leak2,20260824T013954-3c2c12e4,20260824T020548-1fe18b60,240.415229,5000,steady,5000,525.1210938,100898
leak2,20260824T013954-3c2c12e4,20260824T020548-1fe18b60,241.4171721,5000,steady,5000,525.1210938,100898
leak2,20260824T013954-3c2c12e4,20260824T020548-1fe18b60,242.4326463,5000,steady,5000,525.1210938,100898
leak2,20260824T013954-3c2c12e4,20260824T020548-1fe18b60,243.4484047,5000,steady,5000,525.125,100898
leak2,20260824T013954-3c2c12e4,20260824T020548-1fe18b60,244.4495603,5000,steady,4999,525.125,100898
leak2,20260824T013954-3c2c12e4,20260824T020548-1fe18b60,245.4646044,5000,steady,5000,525.125,100898
leak2,20260824T013954-3c2c12e4,20260824T020548-1fe18b60,246.4656701,5000,steady,5000,525.1328125,100898
leak2,20260824T013954-3c2c12e4,20260824T020548-1fe18b60,247.466081,5000,steady,5000,525.15625,100898
leak2,20260824T013954-3c2c12e4,20260824T020548-1fe18b60,248.4833072,5000,steady,5000,518.8789063,100898
leak2,20260824T013954-3c2c12e4,20260824T020548-1fe18b60,249.4988439,5000,steady,5000,519.0859375,100898
leak2,20260824T013954-3c2c12e4,20260824T020548-1fe18b60,250.5166298,5000,steady,5000,518.9960938,100898
leak2,20260824T013954-3c2c12e4,20260824T020548-1fe18b60,251.5329002,5000,steady,4999,519.3671875,100898
leak2,20260824T013954-3c2c12e4,20260824T020548-1fe18b60,252.5485811,5000,steady,5000,519.2617188,100898
leak2,20260824T013954-3c2c12e4,20260824T020548-1fe18b60,253.5657644,5000,steady,4986,519.25,100898
leak2,20260824T013954-3c2c12e4,20260824T020548-1fe18b60,254.582224,5000,steady,5000,518.796875,100898
leak2,20260824T013954-3c2c12e4,20260824T020548-1fe18b60,255.5823896,5000,steady,5000,519.125,100898
leak2,20260824T013954-3c2c12e4,20260824T020548-1fe18b60,256.5983122,5000,steady,5000,518.796875,100898
leak2,20260824T013954-3c2c12e4,20260824T020548-1fe18b60,257.5988979,5000,steady,5000,518.796875,100898
leak2,20260824T013954-3c2c12e4,20260824T020548-1fe18b60,258.6001564,5000,steady,4999,518.7734375,100898
leak2,20260824T013954-3c2c12e4,20260824T020548-1fe18b60,259.6143843,5000,steady,5000,519.0546875,100898
leak2,20260824T013954-3c2c12e4,20260824T020548-1fe18b60,260.6159355,5000,steady,5000,519.2304688,100898
leak2,20260824T013954-3c2c12e4,20260824T020548-1fe18b60,261.6313406,5000,steady,5000,519.0195313,100898
leak2,20260824T013954-3c2c12e4,20260824T020548-1fe18b60,262.6318351,5000,steady,5000,518.796875,100898
leak2,20260824T013954-3c2c12e4,20260824T020548-1fe18b60,263.632582,5000,steady,4999,518.8671875,100898
leak2,20260824T013954-3c2c12e4,20260824T020548-1fe18b60,264.649199,5000,steady,5000,519.0039063,100898
leak2,20260824T013954-3c2c12e4,20260824T020548-1fe18b60,265.6652485,5000,steady,5000,519.0039063,100898
leak2,20260824T013954-3c2c12e4,20260824T020548-1fe18b60,266.6656457,5000,steady,5000,519.015625,100898
leak2,20260824T013954-3c2c12e4,20260824T020548-1fe18b60,267.6820785,5000,steady,5000,518.859375,100898
leak2,20260824T013954-3c2c12e4,20260824T020548-1fe18b60,268.6979405,5000,steady,5000,518.4765625,100898
leak2,20260824T013954-3c2c12e4,20260824T020548-1fe18b60,269.6980021,5000,steady,4999,518.4882813,100898
leak2,20260824T013954-3c2c12e4,20260824T020548-1fe18b60,270.7156595,5000,steady,5000,518.2890625,100898
leak2,20260824T013954-3c2c12e4,20260824T020548-1fe18b60,271.7317701,5000,steady,5000,518.0664063,100898
leak2,20260824T013954-3c2c12e4,20260824T020548-1fe18b60,272.7472563,5000,steady,5000,518.1796875,100898
leak2,20260824T013954-3c2c12e4,20260824T020548-1fe18b60,273.7479965,5000,steady,5000,518.2421875,100898
leak2,20260824T013954-3c2c12e4,20260824T020548-1fe18b60,274.765355,5000,steady,5000,517.984375,100898
leak2,20260824T013954-3c2c12e4,20260824T020548-1fe18b60,275.7816351,5000,steady,4999,518.0546875,100898
leak2,20260824T013954-3c2c12e4,20260824T020548-1fe18b60,276.797964,5000,steady,5000,517.4960938,100898
leak2,20260824T013954-3c2c12e4,20260824T020548-1fe18b60,277.8131492,5000,steady,5000,518.0039063,100898
leak2,20260824T013954-3c2c12e4,20260824T020548-1fe18b60,278.8308896,5000,steady,5000,518.2070313,100898
leak2,20260824T013954-3c2c12e4,20260824T020548-1fe18b60,279.8476639,5000,steady,5000,518.2382813,100898
leak2,20260824T013954-3c2c12e4,20260824T020548-1fe18b60,280.8479123,5000,steady,4999,518.2382813,100898
leak2,20260824T013954-3c2c12e4,20260824T020548-1fe18b60,281.8643143,5000,steady,5000,518.2382813,100898
leak2,20260824T013954-3c2c12e4,20260824T020548-1fe18b60,282.880861,5000,steady,4989,518.2382813,100898
leak2,20260824T013954-3c2c12e4,20260824T020548-1fe18b60,283.8972354,5000,steady,5000,518.2382813,100898
leak2,20260824T013954-3c2c12e4,20260824T020548-1fe18b60,284.9125791,5000,steady,4999,518.2382813,100898
leak2,20260824T013954-3c2c12e4,20260824T020548-1fe18b60,285.9136656,5000,steady,5000,518.2382813,100898
leak2,20260824T013954-3c2c12e4,20260824T020548-1fe18b60,286.9292225,5000,steady,5000,518.2382813,100898
leak2,20260824T013954-3c2c12e4,20260824T020548-1fe18b60,287.9303492,5000,steady,5000,518.2382813,100898
leak2,20260824T013954-3c2c12e4,20260824T020548-1fe18b60,288.9487125,5000,steady,5000,518.3632813,100898
leak2,20260824T013954-3c2c12e4,20260824T020548-1fe18b60,289.9646464,5000,steady,4999,518.3632813,100898
leak2,20260824T013954-3c2c12e4,20260824T020548-1fe18b60,290.9801208,5000,steady,5000,518.3632813,100898
leak2,20260824T013954-3c2c12e4,20260824T020548-1fe18b60,291.9972489,5000,steady,5000,518.3632813,100898
leak2,20260824T013954-3c2c12e4,20260824T020548-1fe18b60,293.0126823,5000,steady,5000,518.3632813,100898
leak2,20260824T013954-3c2c12e4,20260824T020548-1fe18b60,294.0307025,5000,steady,5000,518.3632813,100898
leak2,20260824T013954-3c2c12e4,20260824T020548-1fe18b60,295.047164,5000,steady,5000,518.5351563,100898
leak2,20260824T013954-3c2c12e4,20260824T020548-1fe18b60,296.0631784,5000,steady,4999,518.5351563,100898
leak2,20260824T013954-3c2c12e4,20260824T020548-1fe18b60,297.0798844,5000,steady,5000,518.5351563,100898
leak2,20260824T013954-3c2c12e4,20260824T020548-1fe18b60,298.0815963,5000,steady,5000,518.7226563,100898
leak2,20260824T013954-3c2c12e4,20260824T020548-1fe18b60,299.0955047,5000,steady,5000,518.7226563,100898
leak2,20260824T013954-3c2c12e4,20260824T020548-1fe18b60,300.1121878,5000,steady,5000,518.7226563,100898
leak2,20260824T013954-3c2c12e4,20260824T020548-1fe18b60,301.1128351,5000,steady,4999,518.7265625,100898
leak2,20260824T013954-3c2c12e4,20260824T020548-1fe18b60,302.1130044,5000,steady,5000,518.7265625,100898
leak2,20260824T013954-3c2c12e4,20260824T020548-1fe18b60,303.1298653,5000,steady,5000,523.7890625,100898
leak2,20260824T013954-3c2c12e4,20260824T020548-1fe18b60,304.1469185,5000,steady,5000,523.8242188,100898
leak2,20260824T013954-3c2c12e4,20260824T020548-1fe18b60,305.1472638,5000,steady,5000,523.8242188,100898
leak2,20260824T013954-3c2c12e4,20260824T020548-1fe18b60,306.1625343,5000,steady,5000,523.8242188,100898
leak2,20260824T013954-3c2c12e4,20260824T020548-1fe18b60,307.1659095,5000,steady,5000,523.8867188,100898
leak2,20260824T013954-3c2c12e4,20260824T020548-1fe18b60,308.1799871,5000,steady,4995,517.6171875,100898
leak2,20260824T013954-3c2c12e4,20260824T020548-1fe18b60,309.195058,5000,steady,4997,517.4765625,100898
leak2,20260824T013954-3c2c12e4,20260824T020548-1fe18b60,310.1964337,5000,steady,4999,517.5078125,100898
leak2,20260824T013954-3c2c12e4,20260824T020548-1fe18b60,311.1968649,5000,steady,4999,517.4921875,100898
leak2,20260824T013954-3c2c12e4,20260824T020548-1fe18b60,312.1988646,5000,steady,5000,517.6289063,100898
leak2,20260824T013954-3c2c12e4,20260824T020548-1fe18b60,313.2136993,5000,steady,5000,517.0820313,100898
leak2,20260824T013954-3c2c12e4,20260824T020548-1fe18b60,314.2312422,5000,steady,5000,517.0078125,100898
leak2,20260824T013954-3c2c12e4,20260824T020548-1fe18b60,315.247306,5000,steady,5000,517.0195313,100898
leak2,20260824T013954-3c2c12e4,20260824T020548-1fe18b60,316.2473152,5000,steady,5000,517.09375,100898
leak2,20260824T013954-3c2c12e4,20260824T020548-1fe18b60,317.2490291,5000,steady,5000,517.4179688,100898
leak2,20260824T013954-3c2c12e4,20260824T020548-1fe18b60,318.2629,5000,steady,5000,517.0664063,100898
leak2,20260824T013954-3c2c12e4,20260824T020548-1fe18b60,319.27842,5000,steady,4999,516.9726563,100898
leak2,20260824T013954-3c2c12e4,20260824T020548-1fe18b60,320.2791457,5000,steady,5000,516.9609375,100898
leak2,20260824T013954-3c2c12e4,20260824T020548-1fe18b60,321.2961184,5000,steady,4999,516.9609375,100898
leak2,20260824T013954-3c2c12e4,20260824T020548-1fe18b60,322.3121995,5000,steady,5000,517.4453125,100898
leak2,20260824T013954-3c2c12e4,20260824T020548-1fe18b60,323.3289302,5000,steady,4999,517.2773438,100898
leak2,20260824T013954-3c2c12e4,20260824T020548-1fe18b60,324.3299829,5000,steady,5000,517.0117188,100898
leak2,20260824T013954-3c2c12e4,20260824T020548-1fe18b60,325.3445114,5000,steady,5000,517.0820313,100898
leak2,20260824T013954-3c2c12e4,20260824T020548-1fe18b60,326.3458467,5000,steady,5000,517.2890625,100898
leak2,20260824T013954-3c2c12e4,20260824T020548-1fe18b60,327.3608956,5000,steady,5000,517.2890625,100898
leak2,20260824T013954-3c2c12e4,20260824T020548-1fe18b60,328.36374,5000,steady,5000,517.0195313,100898
leak2,20260824T013954-3c2c12e4,20260824T020548-1fe18b60,329.3781088,5000,steady,4999,517.1328125,100898
leak2,20260824T013954-3c2c12e4,20260824T020548-1fe18b60,330.3934545,5000,steady,5000,517.3242188,100898
leak2,20260824T013954-3c2c12e4,20260824T020548-1fe18b60,331.3955387,5000,steady,5000,517.4882813,100898
leak2,20260824T013954-3c2c12e4,20260824T020548-1fe18b60,332.4127606,5000,steady,5000,517.3242188,100898
leak2,20260824T013954-3c2c12e4,20260824T020548-1fe18b60,333.4295728,5000,steady,5000,516.609375,100898
leak2,20260824T013954-3c2c12e4,20260824T020548-1fe18b60,334.4448654,5000,steady,4999,516.7929688,100898
leak2,20260824T013954-3c2c12e4,20260824T020548-1fe18b60,335.4454774,5000,steady,5000,516.5859375,100898
leak2,20260824T013954-3c2c12e4,20260824T020548-1fe18b60,336.4611571,5000,steady,5000,516.515625,100898
leak2,20260824T013954-3c2c12e4,20260824T020548-1fe18b60,337.4798718,5000,steady,5000,516.890625,100898
leak2,20260824T013954-3c2c12e4,20260824T020548-1fe18b60,338.4943756,5000,steady,5000,516.6367188,100898
leak2,20260824T013954-3c2c12e4,20260824T020548-1fe18b60,339.5112661,5000,steady,5000,516.8203125,100898
leak2,20260824T013954-3c2c12e4,20260824T020548-1fe18b60,340.5281066,5000,steady,5000,516.7070313,100898
leak2,20260824T013954-3c2c12e4,20260824T020548-1fe18b60,341.5448883,5000,steady,5000,516.859375,100898
leak2,20260824T013954-3c2c12e4,20260824T020548-1fe18b60,342.559592,5000,steady,5000,516.65625,100898
leak2,20260824T013954-3c2c12e4,20260824T020548-1fe18b60,343.5602208,5000,steady,5000,516.53125,100898
leak2,20260824T013954-3c2c12e4,20260824T020548-1fe18b60,344.5649739,5000,steady,5000,516.0234375,100898
leak2,20260824T013954-3c2c12e4,20260824T020548-1fe18b60,345.5774822,5000,steady,5000,516.2070313,100898
leak2,20260824T013954-3c2c12e4,20260824T020548-1fe18b60,346.5776271,5000,steady,5000,516.2578125,100898
leak2,20260824T013954-3c2c12e4,20260824T020548-1fe18b60,347.5778742,5000,steady,5000,516.0078125,100898
leak2,20260824T013954-3c2c12e4,20260824T020548-1fe18b60,348.5935349,5000,steady,5000,516.1484375,100898
leak2,20260824T013954-3c2c12e4,20260824T020548-1fe18b60,349.5937891,5000,steady,5000,516.0585938,100898
leak2,20260824T013954-3c2c12e4,20260824T020548-1fe18b60,350.5953177,5000,steady,5000,516.4414063,100898
leak2,20260824T013954-3c2c12e4,20260824T020548-1fe18b60,351.6101569,5000,steady,5000,516.015625,100898
leak2,20260824T013954-3c2c12e4,20260824T020548-1fe18b60,352.6104139,5000,steady,5000,516.015625,100898
leak2,20260824T013954-3c2c12e4,20260824T020548-1fe18b60,353.61059,5000,steady,5000,515.8554688,100898
leak2,20260824T013954-3c2c12e4,20260824T020548-1fe18b60,354.6274274,5000,steady,5000,515.8867188,100898
leak2,20260824T013954-3c2c12e4,20260824T020548-1fe18b60,355.6435857,5000,steady,5000,516.234375,100898
leak2,20260824T013954-3c2c12e4,20260824T020548-1fe18b60,356.66032,5000,steady,5000,515.8554688,100898
leak2,20260824T013954-3c2c12e4,20260824T020548-1fe18b60,357.6761022,5000,steady,5000,516.1601563,100898
leak2,20260824T013954-3c2c12e4,20260824T020548-1fe18b60,358.6764692,5000,steady,5000,516.078125,100898
leak2,20260824T013954-3c2c12e4,20260824T020548-1fe18b60,359.6929494,5000,steady,5000,516.1015625,100898
leak2,20260824T013954-3c2c12e4,20260824T020548-1fe18b60,360.7050563,5000,steady,4966,516.109375,100898
leak2,20260824T013954-3c2c12e4,20260824T020548-1fe18b60,361.7115329,5000,steady,4979,516.203125,100898
leak2,20260824T013954-3c2c12e4,20260824T020548-1fe18b60,362.728697,5000,steady,4981,515.9492188,100898
leak2,20260824T013954-3c2c12e4,20260824T020548-1fe18b60,363.7439089,5000,steady,5000,515.8554688,100898
leak2,20260824T013954-3c2c12e4,20260824T020548-1fe18b60,364.7439573,5000,steady,5000,515.8554688,100898
leak2,20260824T013954-3c2c12e4,20260824T020548-1fe18b60,365.7442237,5000,steady,4999,515.84375,100898
leak2,20260824T013954-3c2c12e4,20260824T020548-1fe18b60,366.7609248,5000,steady,4984,516.3164063,100898
leak2,20260824T013954-3c2c12e4,20260824T020548-1fe18b60,367.764975,5000,steady,4984,516.5898438,100898
leak2,20260824T013954-3c2c12e4,20260824T020548-1fe18b60,368.7770666,5000,steady,5000,516.1328125,100898
leak2,20260824T013954-3c2c12e4,20260824T020548-1fe18b60,369.7957292,5000,steady,5000,516.1445313,100898
leak2,20260824T013954-3c2c12e4,20260824T020548-1fe18b60,370.8089888,5000,steady,5000,516.2929688,100898
leak2,20260824T013954-3c2c12e4,20260824T020548-1fe18b60,371.8097618,5000,steady,4999,516.3046875,100898
leak2,20260824T013954-3c2c12e4,20260824T020548-1fe18b60,372.8252311,5000,steady,4999,516.4179688,100898
leak2,20260824T013954-3c2c12e4,20260824T020548-1fe18b60,373.8262752,5000,steady,4999,516.4179688,100898
leak2,20260824T013954-3c2c12e4,20260824T020548-1fe18b60,374.8291807,5000,steady,4999,516.4179688,100898
leak2,20260824T013954-3c2c12e4,20260824T020548-1fe18b60,375.8426223,5000,steady,4999,516.4179688,100898
leak2,20260824T013954-3c2c12e4,20260824T020548-1fe18b60,376.8443322,5000,steady,5000,516.4179688,100898
leak2,20260824T013954-3c2c12e4,20260824T020548-1fe18b60,377.8604511,5000,steady,4999,516.4179688,100898
leak2,20260824T013954-3c2c12e4,20260824T020548-1fe18b60,378.8795567,5000,steady,5000,516.4179688,100898
leak2,20260824T013954-3c2c12e4,20260824T020548-1fe18b60,379.8940736,5000,steady,5000,516.59375,100898
leak2,20260824T013954-3c2c12e4,20260824T020548-1fe18b60,380.9102026,5000,steady,4999,516.59375,100898
leak2,20260824T013954-3c2c12e4,20260824T020548-1fe18b60,381.9261602,5000,steady,5000,516.59375,100898
leak2,20260824T013954-3c2c12e4,20260824T020548-1fe18b60,382.926233,5000,steady,4999,516.59375,100898
leak2,20260824T013954-3c2c12e4,20260824T020548-1fe18b60,383.9262411,5000,steady,5000,516.7851563,100898
leak2,20260824T013954-3c2c12e4,20260824T020548-1fe18b60,384.9433023,5000,steady,5000,516.7851563,100898
leak2,20260824T013954-3c2c12e4,20260824T020548-1fe18b60,385.9596323,5000,steady,4999,516.7851563,100898
leak2,20260824T013954-3c2c12e4,20260824T020548-1fe18b60,386.960265,5000,steady,5000,516.7851563,100898
leak2,20260824T013954-3c2c12e4,20260824T020548-1fe18b60,387.9751043,5000,steady,5000,516.7851563,100898
leak2,20260824T013954-3c2c12e4,20260824T020548-1fe18b60,388.9759045,5000,steady,5000,516.7851563,100898
leak2,20260824T013954-3c2c12e4,20260824T020548-1fe18b60,389.9766311,5000,steady,5000,516.7851563,100898
leak2,20260824T013954-3c2c12e4,20260824T020548-1fe18b60,390.9927372,5000,steady,5000,516.7851563,100898
leak2,20260824T013954-3c2c12e4,20260824T020548-1fe18b60,391.9934779,5000,steady,4999,516.7851563,100898
leak2,20260824T013954-3c2c12e4,20260824T020548-1fe18b60,393.0085091,5000,steady,4999,516.7851563,100898
leak2,20260824T013954-3c2c12e4,20260824T020548-1fe18b60,394.0085573,5000,steady,5000,516.8476563,100898
leak2,20260824T013954-3c2c12e4,20260824T020548-1fe18b60,395.0094252,5000,steady,5000,516.8476563,100898
leak2,20260824T013954-3c2c12e4,20260824T020548-1fe18b60,396.0247814,5000,steady,5000,516.8476563,100898
leak2,20260824T013954-3c2c12e4,20260824T020548-1fe18b60,397.0256304,5000,steady,5000,516.8476563,100898
leak2,20260824T013954-3c2c12e4,20260824T020548-1fe18b60,398.0425773,5000,steady,5000,516.9609375,100898
leak2,20260824T013954-3c2c12e4,20260824T020548-1fe18b60,399.059002,5000,steady,5000,516.9609375,100898
leak2,20260824T013954-3c2c12e4,20260824T020548-1fe18b60,400.0753771,5000,steady,5000,516.9609375,100898
leak2,20260824T013954-3c2c12e4,20260824T020548-1fe18b60,401.0788167,5000,steady,5000,516.9609375,100898
leak2,20260824T013954-3c2c12e4,20260824T020548-1fe18b60,402.0926291,5000,steady,5000,516.9609375,100898
leak2,20260824T013954-3c2c12e4,20260824T020548-1fe18b60,403.0942993,5000,steady,5000,516.9609375,100898
leak2,20260824T013954-3c2c12e4,20260824T020548-1fe18b60,404.1102189,5000,steady,5000,517.0859375,100898
leak2,20260824T013954-3c2c12e4,20260824T020548-1fe18b60,405.1253746,5000,steady,5000,517.0859375,100898
leak2,20260824T013954-3c2c12e4,20260824T020548-1fe18b60,406.1260538,5000,steady,5000,517.0859375,100898
leak2,20260824T013954-3c2c12e4,20260824T020548-1fe18b60,407.1421139,5000,steady,4996,517.0859375,100898
leak2,20260824T013954-3c2c12e4,20260824T020548-1fe18b60,408.1609021,5000,steady,4999,517.0859375,100898
leak2,20260824T013954-3c2c12e4,20260824T020548-1fe18b60,409.1761919,5000,steady,4999,517.0859375,100898
leak2,20260824T013954-3c2c12e4,20260824T020548-1fe18b60,410.1924628,5000,steady,5000,517.0859375,100898
leak2,20260824T013954-3c2c12e4,20260824T020548-1fe18b60,411.2094373,5000,steady,5000,517.0859375,100898
leak2,20260824T013954-3c2c12e4,20260824T020548-1fe18b60,412.2263377,5000,steady,5000,517.09375,100898
leak2,20260824T013954-3c2c12e4,20260824T020548-1fe18b60,413.241817,5000,steady,4998,517.09375,100898
leak2,20260824T013954-3c2c12e4,20260824T020548-1fe18b60,414.2428193,5000,steady,5000,517.171875,100898
leak2,20260824T013954-3c2c12e4,20260824T020548-1fe18b60,415.2428308,5000,steady,5000,517.171875,100898
leak2,20260824T013954-3c2c12e4,20260824T020548-1fe18b60,416.2586455,5000,steady,5000,517.171875,100898
leak2,20260824T013954-3c2c12e4,20260824T020548-1fe18b60,417.274744,5000,steady,5000,517.171875,100898
leak2,20260824T013954-3c2c12e4,20260824T020548-1fe18b60,418.2752032,5000,steady,5000,517.171875,100898
leak2,20260824T013954-3c2c12e4,20260824T020548-1fe18b60,419.2912959,5000,steady,4999,517.171875,100898
leak2,20260824T013954-3c2c12e4,20260824T020548-1fe18b60,420.2930677,5000,steady,5000,517.171875,100898
leak2,20260824T013954-3c2c12e4,20260824T020548-1fe18b60,421.3089395,5000,steady,5000,517.2070313,100898
leak2,20260824T013954-3c2c12e4,20260824T020548-1fe18b60,422.3254891,5000,steady,5000,517.2070313,100898
leak2,20260824T013954-3c2c12e4,20260824T020548-1fe18b60,423.3274668,5000,steady,4999,522.8828125,100898
leak2,20260824T013954-3c2c12e4,20260824T020548-1fe18b60,424.3434175,5000,steady,5000,522.8828125,100898
leak2,20260824T013954-3c2c12e4,20260824T020548-1fe18b60,425.3581102,5000,steady,5000,522.8828125,100898
leak2,20260824T013954-3c2c12e4,20260824T020548-1fe18b60,426.3752689,5000,steady,5000,522.9257813,100898
leak2,20260824T013954-3c2c12e4,20260824T020548-1fe18b60,427.3918519,5000,steady,5000,522.9257813,100898
leak2,20260824T013954-3c2c12e4,20260824T020548-1fe18b60,428.4079614,5000,steady,4998,522.9257813,100898
leak2,20260824T013954-3c2c12e4,20260824T020548-1fe18b60,429.4087139,5000,steady,4999,522.9257813,100898
leak2,20260824T013954-3c2c12e4,20260824T020548-1fe18b60,430.4120434,5000,steady,5000,522.9257813,100898
leak2,20260824T013954-3c2c12e4,20260824T020548-1fe18b60,431.4237986,5000,steady,4999,522.9257813,100898
leak2,20260824T013954-3c2c12e4,20260824T020548-1fe18b60,432.4414906,5000,steady,5000,522.9257813,100898
leak2,20260824T013954-3c2c12e4,20260824T020548-1fe18b60,433.4417226,5000,steady,5000,522.9257813,100898
leak2,20260824T013954-3c2c12e4,20260824T020548-1fe18b60,434.4584225,5000,steady,4999,522.9257813,100898
leak2,20260824T013954-3c2c12e4,20260824T020548-1fe18b60,435.4738272,5000,steady,5000,522.9257813,100898
leak2,20260824T013954-3c2c12e4,20260824T020548-1fe18b60,436.4739787,5000,steady,4999,522.9257813,100898
leak2,20260824T013954-3c2c12e4,20260824T020548-1fe18b60,437.4740772,5000,steady,5000,522.9257813,100898
leak2,20260824T013954-3c2c12e4,20260824T020548-1fe18b60,438.4758157,5000,steady,5000,522.9257813,100898
leak2,20260824T013954-3c2c12e4,20260824T020548-1fe18b60,439.4762783,5000,steady,4999,522.9257813,100898
leak2,20260824T013954-3c2c12e4,20260824T020548-1fe18b60,440.4915265,5000,steady,5000,522.9257813,100898
leak2,20260824T013954-3c2c12e4,20260824T020548-1fe18b60,441.507945,5000,steady,5000,522.9257813,100898
leak2,20260824T013954-3c2c12e4,20260824T020548-1fe18b60,442.5249922,5000,steady,5000,522.9257813,100898
leak2,20260824T013954-3c2c12e4,20260824T020548-1fe18b60,443.5256342,5000,steady,5000,522.9257813,100898
leak2,20260824T013954-3c2c12e4,20260824T020548-1fe18b60,444.5405152,5000,steady,5000,522.9257813,100898
leak2,20260824T013954-3c2c12e4,20260824T020548-1fe18b60,445.5411228,5000,steady,5000,522.9257813,100898
leak2,20260824T013954-3c2c12e4,20260824T020548-1fe18b60,446.541465,5000,steady,4999,522.9257813,100898
leak2,20260824T013954-3c2c12e4,20260824T020548-1fe18b60,447.5579061,5000,steady,5000,522.9257813,100898
leak2,20260824T013954-3c2c12e4,20260824T020548-1fe18b60,448.573367,5000,steady,5000,522.9257813,100898
leak2,20260824T013954-3c2c12e4,20260824T020548-1fe18b60,449.5743823,5000,steady,5000,522.9257813,100898
leak2,20260824T013954-3c2c12e4,20260824T020548-1fe18b60,450.5903128,5000,steady,5000,522.9257813,100898
leak2,20260824T013954-3c2c12e4,20260824T020548-1fe18b60,451.5903174,5000,steady,5000,522.9257813,100898
leak2,20260824T013954-3c2c12e4,20260824T020548-1fe18b60,452.6056772,5000,steady,4999,522.9257813,100898
leak2,20260824T013954-3c2c12e4,20260824T020548-1fe18b60,453.6061405,5000,steady,4999,522.9257813,100898
leak2,20260824T013954-3c2c12e4,20260824T020548-1fe18b60,454.6062661,5000,steady,5000,523.0351563,100898
leak2,20260824T013954-3c2c12e4,20260824T020548-1fe18b60,455.6071521,5000,steady,5000,523.0351563,100898
leak2,20260824T013954-3c2c12e4,20260824T020548-1fe18b60,456.6076145,5000,steady,5000,523.0351563,100898
leak2,20260824T013954-3c2c12e4,20260824T020548-1fe18b60,457.6239318,5000,steady,4998,523.0390625,100898
leak2,20260824T013954-3c2c12e4,20260824T020548-1fe18b60,458.6400646,5000,steady,5000,523.0390625,100898
leak2,20260824T013954-3c2c12e4,20260824T020548-1fe18b60,459.6405792,5000,steady,5000,523.0390625,100898
leak2,20260824T013954-3c2c12e4,20260824T020548-1fe18b60,460.6564395,5000,steady,5000,523.0390625,100898
leak2,20260824T013954-3c2c12e4,20260824T020548-1fe18b60,461.6733724,5000,steady,5000,523.0390625,100898
leak2,20260824T013954-3c2c12e4,20260824T020548-1fe18b60,462.6738193,5000,steady,5000,523.0390625,100898
leak2,20260824T013954-3c2c12e4,20260824T020548-1fe18b60,463.6742517,5000,steady,5000,523.0390625,100898
leak2,20260824T013954-3c2c12e4,20260824T020548-1fe18b60,464.689819,5000,steady,5000,523.0390625,100898
leak2,20260824T013954-3c2c12e4,20260824T020548-1fe18b60,465.7056678,5000,steady,5000,523.0390625,100898
leak2,20260824T013954-3c2c12e4,20260824T020548-1fe18b60,466.7103552,5000,steady,5000,523.0390625,100898
leak2,20260824T013954-3c2c12e4,20260824T020548-1fe18b60,467.722369,5000,steady,5000,523.0390625,100898
leak2,20260824T013954-3c2c12e4,20260824T020548-1fe18b60,468.7232762,5000,steady,5000,523.0390625,100898
leak2,20260824T013954-3c2c12e4,20260824T020548-1fe18b60,469.7391675,5000,steady,5000,523.0390625,100898
leak2,20260824T013954-3c2c12e4,20260824T020548-1fe18b60,470.7398423,5000,steady,4999,523.0390625,100898
leak2,20260824T013954-3c2c12e4,20260824T020548-1fe18b60,471.7400683,5000,steady,5000,523.0390625,100898
leak2,20260824T013954-3c2c12e4,20260824T020548-1fe18b60,472.7401972,5000,steady,5000,523.0390625,100898
leak2,20260824T013954-3c2c12e4,20260824T020548-1fe18b60,473.7580103,5000,steady,5000,523.0390625,100898
leak2,20260824T013954-3c2c12e4,20260824T020548-1fe18b60,474.7731856,5000,steady,5000,523.0390625,100898
leak2,20260824T013954-3c2c12e4,20260824T020548-1fe18b60,475.789621,5000,steady,4999,523.0390625,100898
leak2,20260824T013954-3c2c12e4,20260824T020548-1fe18b60,476.7909388,5000,steady,5000,523.0390625,100898
leak2,20260824T013954-3c2c12e4,20260824T020548-1fe18b60,477.8079178,5000,steady,5000,523.0390625,100898
leak2,20260824T013954-3c2c12e4,20260824T020548-1fe18b60,478.8232362,5000,steady,5000,523.0390625,100898
leak2,20260824T013954-3c2c12e4,20260824T020548-1fe18b60,479.839937,5000,steady,5000,523.0390625,100898
leak2,20260824T013954-3c2c12e4,20260824T020548-1fe18b60,480.854133,0,idle,4153,523.0390625,100898
leak2,20260824T013954-3c2c12e4,20260824T020548-1fe18b60,481.8691017,0,idle,3188,523.0625,100898
leak2,20260824T013954-3c2c12e4,20260824T020548-1fe18b60,482.8838031,0,idle,2205,523.0625,100898
leak2,20260824T013954-3c2c12e4,20260824T020548-1fe18b60,483.8994629,0,idle,1212,523.0625,100898
leak2,20260824T013954-3c2c12e4,20260824T020548-1fe18b60,484.9141224,0,idle,200,523.0625,100898
leak2,20260824T013954-3c2c12e4,20260824T020548-1fe18b60,485.9304088,0,idle,0,523.0625,100898
leak2,20260824T013954-3c2c12e4,20260824T020548-1fe18b60,486.9469822,0,idle,0,523.0625,100898
leak2,20260824T013954-3c2c12e4,20260824T020548-1fe18b60,487.9470307,0,idle,0,523.0625,100898
leak2,20260824T013954-3c2c12e4,20260824T020548-1fe18b60,488.9635663,0,idle,0,523.0625,100898
leak2,20260824T013954-3c2c12e4,20260824T020548-1fe18b60,489.9636153,0,idle,0,523.0625,100898
leak2,20260824T013954-3c2c12e4,20260824T020548-1fe18b60,490.9802463,0,idle,0,523.0625,100898
leak2,20260824T013954-3c2c12e4,20260824T020548-1fe18b60,491.9968861,0,idle,0,523.1328125,100898
leak2,20260824T013954-3c2c12e4,20260824T020548-1fe18b60,493.0135175,0,idle,0,523.1328125,100898
leak2,20260824T013954-3c2c12e4,20260824T020548-1fe18b60,494.0301272,0,idle,0,523.1328125,100898
leak2,20260824T013954-3c2c12e4,20260824T020548-1fe18b60,495.046774,0,idle,0,523.1328125,100898
leak2,20260824T013954-3c2c12e4,20260824T020548-1fe18b60,496.0633683,0,idle,0,523.1328125,100898
leak2,20260824T013954-3c2c12e4,20260824T020548-1fe18b60,497.0800229,0,idle,0,523.1328125,100898
leak2,20260824T013954-3c2c12e4,20260824T020548-1fe18b60,498.0965197,0,idle,0,523.1328125,100898
leak2,20260824T013954-3c2c12e4,20260824T020548-1fe18b60,499.1131642,0,idle,0,523.1328125,100898
leak2,20260824T013954-3c2c12e4,20260824T020548-1fe18b60,500.1298275,0,idle,0,523.1328125,100898
leak2,20260824T013954-3c2c12e4,20260824T020548-1fe18b60,501.1464726,0,idle,0,523.1328125,100898
leak2,20260824T013954-3c2c12e4,20260824T020548-1fe18b60,502.1631707,0,idle,0,523.1328125,100898
leak2,20260824T013954-3c2c12e4,20260824T020548-1fe18b60,503.1797594,0,idle,0,523.1328125,100898
leak2,20260824T013954-3c2c12e4,20260824T020548-1fe18b60,504.1963021,0,idle,0,523.1328125,100898
leak2,20260824T013954-3c2c12e4,20260824T020548-1fe18b60,505.2129368,0,idle,0,523.1328125,100898
leak2,20260824T013954-3c2c12e4,20260824T020548-1fe18b60,506.229508,0,idle,0,523.1328125,100898
leak2,20260824T013954-3c2c12e4,20260824T020548-1fe18b60,507.2295518,0,idle,0,523.1328125,100898
leak2,20260824T013954-3c2c12e4,20260824T020548-1fe18b60,508.2460734,0,idle,0,523.1328125,100898
leak2,20260824T013954-3c2c12e4,20260824T020548-1fe18b60,509.2461239,0,idle,0,523.1367188,100898
leak2,20260824T013954-3c2c12e4,20260824T020548-1fe18b60,510.2629002,0,idle,0,523.1367188,100898
leak2,20260824T013954-3c2c12e4,20260824T020548-1fe18b60,511.2794154,0,idle,0,523.171875,100898
leak2,20260824T013954-3c2c12e4,20260824T020548-1fe18b60,512.2960023,0,idle,0,523.171875,100898
leak2,20260824T013954-3c2c12e4,20260824T020548-1fe18b60,513.3126035,0,idle,0,523.171875,100898
leak2,20260824T013954-3c2c12e4,20260824T020548-1fe18b60,514.3292533,0,idle,0,523.171875,100898
leak2,20260824T013954-3c2c12e4,20260824T020548-1fe18b60,515.3458603,0,idle,0,523.171875,100898
leak2,20260824T013954-3c2c12e4,20260824T020548-1fe18b60,516.3624671,0,idle,0,523.203125,100898
leak2,20260824T013954-3c2c12e4,20260824T020548-1fe18b60,517.3790811,0,idle,0,523.2421875,100898
leak2,20260824T013954-3c2c12e4,20260824T020548-1fe18b60,518.3957867,0,idle,0,523.2460938,100898
leak2,20260824T013954-3c2c12e4,20260824T020548-1fe18b60,519.3958515,0,idle,0,523.2460938,100898
leak2,20260824T013954-3c2c12e4,20260824T020548-1fe18b60,520.4122687,0,idle,0,523.2460938,100898
leak2,20260824T013954-3c2c12e4,20260824T020548-1fe18b60,521.4124155,0,idle,0,523.2851563,100898
leak2,20260824T013954-3c2c12e4,20260824T020548-1fe18b60,522.4288852,0,idle,0,523.2851563,100898
leak2,20260824T013954-3c2c12e4,20260824T020548-1fe18b60,523.4289658,0,idle,0,523.2851563,100898
leak2,20260824T013954-3c2c12e4,20260824T020548-1fe18b60,524.445548,0,idle,0,523.2851563,100898
leak2,20260824T013954-3c2c12e4,20260824T020548-1fe18b60,525.4456975,0,idle,0,523.2851563,100898
leak2,20260824T013954-3c2c12e4,20260824T020548-1fe18b60,526.4621282,0,idle,0,523.2851563,100898
leak2,20260824T013954-3c2c12e4,20260824T020548-1fe18b60,527.478668,0,idle,0,523.3867188,100898
leak2,20260824T013954-3c2c12e4,20260824T020548-1fe18b60,528.4953196,0,idle,0,523.3867188,100898
leak2,20260824T013954-3c2c12e4,20260824T020548-1fe18b60,529.512014,0,idle,0,523.3867188,100898
leak2,20260824T013954-3c2c12e4,20260824T020548-1fe18b60,530.5286185,0,idle,0,523.3867188,100898
leak2,20260824T013954-3c2c12e4,20260824T020548-1fe18b60,531.5452387,0,idle,0,523.3867188,100898
leak2,20260824T013954-3c2c12e4,20260824T020548-1fe18b60,532.5452879,0,idle,0,523.3867188,100898
leak2,20260824T013954-3c2c12e4,20260824T020548-1fe18b60,533.5453998,0,idle,0,523.3867188,100898
leak2,20260824T013954-3c2c12e4,20260824T020548-1fe18b60,534.56216,0,idle,0,523.3867188,100898
leak2,20260824T013954-3c2c12e4,20260824T020548-1fe18b60,535.578743,0,idle,0,523.3867188,100898
leak2,20260824T013954-3c2c12e4,20260824T020548-1fe18b60,536.5952976,0,idle,0,523.3867188,100898
leak2,20260824T013954-3c2c12e4,20260824T020548-1fe18b60,537.6121755,0,idle,0,523.4570313,100898
leak2,20260824T013954-3c2c12e4,20260824T020548-1fe18b60,538.6284762,0,idle,0,523.4570313,100898
leak2,20260824T013954-3c2c12e4,20260824T020548-1fe18b60,539.6451285,0,idle,0,523.5,100898
leak2,20260824T013954-3c2c12e4,20260824T020548-1fe18b60,540.6616829,0,idle,0,523.5,100898
leak2,20260824T013954-3c2c12e4,20260824T020548-1fe18b60,541.6783024,0,idle,0,523.5078125,100898
leak2,20260824T013954-3c2c12e4,20260824T020548-1fe18b60,542.6950825,0,idle,0,524.4882813,100898
leak2,20260824T013954-3c2c12e4,20260824T020548-1fe18b60,543.7117052,0,idle,0,524.4882813,100898
leak2,20260824T013954-3c2c12e4,20260824T020548-1fe18b60,544.7282898,0,idle,0,524.4882813,100898
leak2,20260824T013954-3c2c12e4,20260824T020548-1fe18b60,545.7448506,0,idle,0,524.4882813,100898
leak2,20260824T013954-3c2c12e4,20260824T020548-1fe18b60,546.7614849,0,idle,0,518.5078125,100898
leak2,20260824T013954-3c2c12e4,20260824T020548-1fe18b60,547.7782393,0,idle,0,518.4375,100898
leak2,20260824T013954-3c2c12e4,20260824T020548-1fe18b60,548.7948445,0,idle,0,518.4765625,100898
leak2,20260824T013954-3c2c12e4,20260824T020548-1fe18b60,549.8114673,0,idle,0,518.4765625,100898
leak2,20260824T013954-3c2c12e4,20260824T020548-1fe18b60,550.8281307,0,idle,0,518.484375,100898
leak2,20260824T013954-3c2c12e4,20260824T020548-1fe18b60,551.8446836,0,idle,0,518.484375,100898
leak2,20260824T013954-3c2c12e4,20260824T020548-1fe18b60,552.8613316,0,idle,0,518.484375,100898
leak2,20260824T013954-3c2c12e4,20260824T020548-1fe18b60,553.8778884,0,idle,0,518.484375,100898
leak2,20260824T013954-3c2c12e4,20260824T020548-1fe18b60,554.8945425,0,idle,0,518.484375,100898
leak2,20260824T013954-3c2c12e4,20260824T020548-1fe18b60,555.9111429,0,idle,0,518.484375,100898
leak2,20260824T013954-3c2c12e4,20260824T020548-1fe18b60,556.9278603,0,idle,0,518.484375,100898
leak2,20260824T013954-3c2c12e4,20260824T020548-1fe18b60,557.9444539,0,idle,0,518.484375,100898
leak2,20260824T013954-3c2c12e4,20260824T020548-1fe18b60,558.9610927,0,idle,0,518.484375,100898
leak2,20260824T013954-3c2c12e4,20260824T020548-1fe18b60,559.9778085,0,idle,0,518.484375,100898
leak2,20260824T013954-3c2c12e4,20260824T020548-1fe18b60,560.9943228,0,idle,0,518.484375,100898
leak2,20260824T013954-3c2c12e4,20260824T020548-1fe18b60,562.011154,0,idle,0,518.484375,100898
leak2,20260824T013954-3c2c12e4,20260824T020548-1fe18b60,563.0275325,0,idle,0,518.484375,100898
leak2,20260824T013954-3c2c12e4,20260824T020548-1fe18b60,564.044149,0,idle,0,518.484375,100898
leak2,20260824T013954-3c2c12e4,20260824T020548-1fe18b60,565.0608486,0,idle,0,518.484375,100898
leak2,20260824T013954-3c2c12e4,20260824T020548-1fe18b60,566.0775133,0,idle,0,518.484375,100898
leak2,20260824T013954-3c2c12e4,20260824T020548-1fe18b60,567.0940675,0,idle,0,518.484375,100898
leak2,20260824T013954-3c2c12e4,20260824T020548-1fe18b60,568.1107164,0,idle,0,518.484375,100898
leak2,20260824T013954-3c2c12e4,20260824T020548-1fe18b60,569.1273886,0,idle,0,518.484375,100898
leak2,20260824T013954-3c2c12e4,20260824T020548-1fe18b60,570.1438748,0,idle,0,518.484375,100898
leak2,20260824T013954-3c2c12e4,20260824T020548-1fe18b60,571.1606679,0,idle,0,518.484375,100898
leak2,20260824T013954-3c2c12e4,20260824T020548-1fe18b60,572.1771498,0,idle,0,518.484375,100898
leak2,20260824T013954-3c2c12e4,20260824T020548-1fe18b60,573.1937365,0,idle,0,518.484375,100898
leak2,20260824T013954-3c2c12e4,20260824T020548-1fe18b60,574.2104451,0,idle,0,518.484375,100898
leak2,20260824T013954-3c2c12e4,20260824T020548-1fe18b60,575.227045,0,idle,0,518.484375,100898
leak2,20260824T013954-3c2c12e4,20260824T020548-1fe18b60,576.2435953,0,idle,0,518.484375,100898
leak2,20260824T013954-3c2c12e4,20260824T020548-1fe18b60,577.2603039,0,idle,0,518.484375,100898
leak2,20260824T013954-3c2c12e4,20260824T020548-1fe18b60,578.2769341,0,idle,0,518.484375,100898
leak2,20260824T013954-3c2c12e4,20260824T020548-1fe18b60,579.2935667,0,idle,0,518.484375,100898
leak2,20260824T013954-3c2c12e4,20260824T020548-1fe18b60,580.3101833,0,idle,0,518.484375,100898
leak2,20260824T013954-3c2c12e4,20260824T020548-1fe18b60,581.3267746,0,idle,0,518.484375,100898
leak2,20260824T013954-3c2c12e4,20260824T020548-1fe18b60,582.3433851,0,idle,0,518.484375,100898
leak2,20260824T013954-3c2c12e4,20260824T020548-1fe18b60,583.3600534,0,idle,0,518.484375,100898
leak2,20260824T013954-3c2c12e4,20260824T020548-1fe18b60,584.3766007,0,idle,0,518.484375,100898
leak2,20260824T013954-3c2c12e4,20260824T020548-1fe18b60,585.3934365,0,idle,0,518.5234375,100898
leak2,20260824T013954-3c2c12e4,20260824T020548-1fe18b60,586.4099898,0,idle,0,518.5234375,100898
leak2,20260824T013954-3c2c12e4,20260824T020548-1fe18b60,587.426607,0,idle,0,518.5234375,100898
leak2,20260824T013954-3c2c12e4,20260824T020548-1fe18b60,588.4431939,0,idle,0,518.5234375,100898
leak2,20260824T013954-3c2c12e4,20260824T020548-1fe18b60,589.4598366,0,idle,0,518.5234375,100898
leak2,20260824T013954-3c2c12e4,20260824T020548-1fe18b60,590.4765328,0,idle,0,518.5234375,100898
leak2,20260824T013954-3c2c12e4,20260824T020548-1fe18b60,591.4930244,0,idle,0,518.5234375,100898
leak2,20260824T013954-3c2c12e4,20260824T020548-1fe18b60,592.5098472,0,idle,0,518.5234375,100898
leak2,20260824T013954-3c2c12e4,20260824T020548-1fe18b60,593.5263263,0,idle,0,518.5234375,100898
leak2,20260824T013954-3c2c12e4,20260824T020548-1fe18b60,594.5429133,0,idle,0,518.5742188,100898
leak2,20260824T013954-3c2c12e4,20260824T020548-1fe18b60,595.5595126,0,idle,0,518.5820313,100898
leak2,20260824T013954-3c2c12e4,20260824T020548-1fe18b60,596.5761714,0,idle,0,518.5820313,100898
leak2,20260824T013954-3c2c12e4,20260824T020548-1fe18b60,597.5927688,0,idle,0,518.5820313,100898
leak2,20260824T013954-3c2c12e4,20260824T020548-1fe18b60,598.6095126,0,idle,0,518.5820313,100898
leak2,20260824T013954-3c2c12e4,20260824T020548-1fe18b60,599.6260491,0,idle,0,518.5820313,100898
frame3_base,20260824T033223-24267ff0,20260824T033513-755fcdc5,0.01681801793,0,idle,0,486.890625,100898
frame3_base,20260824T033223-24267ff0,20260824T033513-755fcdc5,1.033289274,0,idle,0,486.9492188,100898
frame3_base,20260824T033223-24267ff0,20260824T033513-755fcdc5,2.033380121,0,idle,0,487.0625,100898
frame3_base,20260824T033223-24267ff0,20260824T033513-755fcdc5,3.033507369,0,idle,0,486.9414063,100898
frame3_base,20260824T033223-24267ff0,20260824T033513-755fcdc5,4.050150109,0,idle,0,487.0507813,100898
frame3_base,20260824T033223-24267ff0,20260824T033513-755fcdc5,5.066727147,0,idle,0,487.0820313,100898
frame3_base,20260824T033223-24267ff0,20260824T033513-755fcdc5,6.083305416,0,idle,0,487.0898438,100898
frame3_base,20260824T033223-24267ff0,20260824T033513-755fcdc5,7.083365582,0,idle,0,487.0898438,100898
frame3_base,20260824T033223-24267ff0,20260824T033513-755fcdc5,8.09990017,0,idle,0,487.3554688,100898
frame3_base,20260824T033223-24267ff0,20260824T033513-755fcdc5,9.116520809,0,idle,0,487.3632813,100898
frame3_base,20260824T033223-24267ff0,20260824T033513-755fcdc5,10.13314792,0,idle,0,487.6289063,100898
frame3_base,20260824T033223-24267ff0,20260824T033513-755fcdc5,11.14965751,0,idle,0,487.3320313,100898
frame3_base,20260824T033223-24267ff0,20260824T033513-755fcdc5,12.14971608,0,idle,0,487.4023438,100898
frame3_base,20260824T033223-24267ff0,20260824T033513-755fcdc5,13.16624148,0,idle,0,487.4375,100898
frame3_base,20260824T033223-24267ff0,20260824T033513-755fcdc5,14.18302386,0,idle,0,487.5585938,100898
frame3_base,20260824T033223-24267ff0,20260824T033513-755fcdc5,15.19956255,0,idle,0,487.59375,100898
frame3_base,20260824T033223-24267ff0,20260824T033513-755fcdc5,16.19962565,0,idle,0,487.609375,100898
frame3_base,20260824T033223-24267ff0,20260824T033513-755fcdc5,17.21625568,0,idle,0,487.5273438,100898
frame3_base,20260824T033223-24267ff0,20260824T033513-755fcdc5,18.23291244,0,idle,0,487.6640625,100898
frame3_base,20260824T033223-24267ff0,20260824T033513-755fcdc5,19.24944548,0,idle,0,487.671875,100898
frame3_base,20260824T033223-24267ff0,20260824T033513-755fcdc5,20.26610762,0,idle,0,487.7109375,100898
frame3_base,20260824T033223-24267ff0,20260824T033513-755fcdc5,21.28271472,0,idle,0,487.765625,100898
frame3_base,20260824T033223-24267ff0,20260824T033513-755fcdc5,22.29956334,0,idle,0,487.7734375,100898
frame3_base,20260824T033223-24267ff0,20260824T033513-755fcdc5,23.3160092,0,idle,0,487.8007813,100898
frame3_base,20260824T033223-24267ff0,20260824T033513-755fcdc5,24.3325615,0,idle,0,487.8125,100898
frame3_base,20260824T033223-24267ff0,20260824T033513-755fcdc5,25.34906116,0,idle,0,487.8242188,100898
frame3_base,20260824T033223-24267ff0,20260824T033513-755fcdc5,26.34918002,0,idle,0,487.8359375,100898
frame3_base,20260824T033223-24267ff0,20260824T033513-755fcdc5,27.36589661,0,idle,0,487.8554688,100898
frame3_base,20260824T033223-24267ff0,20260824T033513-755fcdc5,28.38236966,0,idle,0,487.8554688,100898
frame3_base,20260824T033223-24267ff0,20260824T033513-755fcdc5,29.38241987,0,idle,0,487.8828125,100898
frame3_base,20260824T033223-24267ff0,20260824T033513-755fcdc5,30.38245521,0,idle,0,487.8828125,100898
frame3_base,20260824T033223-24267ff0,20260824T033513-755fcdc5,31.39911405,0,idle,0,487.8828125,100898
frame3_base,20260824T033223-24267ff0,20260824T033513-755fcdc5,32.41572445,0,idle,0,487.8828125,100898
frame3_base,20260824T033223-24267ff0,20260824T033513-755fcdc5,33.43227023,0,idle,0,487.8828125,100898
frame3_base,20260824T033223-24267ff0,20260824T033513-755fcdc5,34.43227539,0,idle,0,487.8828125,100898
frame3_base,20260824T033223-24267ff0,20260824T033513-755fcdc5,35.43342075,0,idle,0,487.8828125,100898
frame3_base,20260824T033223-24267ff0,20260824T033513-755fcdc5,36.44861077,0,idle,0,487.8828125,100898
frame3_base,20260824T033223-24267ff0,20260824T033513-755fcdc5,37.44876225,0,idle,0,487.8828125,100898
frame3_base,20260824T033223-24267ff0,20260824T033513-755fcdc5,38.44898522,0,idle,0,488.1953125,100898
frame3_base,20260824T033223-24267ff0,20260824T033513-755fcdc5,39.44901849,0,idle,0,488.1953125,100898
frame3_base,20260824T033223-24267ff0,20260824T033513-755fcdc5,40.46617308,0,idle,0,488.2148438,100898
frame3_base,20260824T033223-24267ff0,20260824T033513-755fcdc5,41.48187465,0,idle,0,488.2734375,100898
frame3_base,20260824T033223-24267ff0,20260824T033513-755fcdc5,42.49853129,0,idle,0,488.2734375,100898
frame3_base,20260824T033223-24267ff0,20260824T033513-755fcdc5,43.49867606,0,idle,0,488.2734375,100898
frame3_base,20260824T033223-24267ff0,20260824T033513-755fcdc5,44.51504567,0,idle,0,488.2734375,100898
frame3_base,20260824T033223-24267ff0,20260824T033513-755fcdc5,45.53186417,0,idle,0,488.28125,100898
frame3_base,20260824T033223-24267ff0,20260824T033513-755fcdc5,46.54829355,0,idle,0,488.28125,100898
frame3_base,20260824T033223-24267ff0,20260824T033513-755fcdc5,47.54831447,0,idle,0,488.2109375,100898
frame3_base,20260824T033223-24267ff0,20260824T033513-755fcdc5,48.56489434,0,idle,0,488.140625,100898
frame3_base,20260824T033223-24267ff0,20260824T033513-755fcdc5,49.58147836,0,idle,0,488.1601563,100898
frame3_base,20260824T033223-24267ff0,20260824T033513-755fcdc5,50.58155676,0,idle,0,488.1679688,100898
frame3_base,20260824T033223-24267ff0,20260824T033513-755fcdc5,51.58168114,0,idle,0,488.2109375,100898
frame3_base,20260824T033223-24267ff0,20260824T033513-755fcdc5,52.59829397,0,idle,0,488.109375,100898
frame3_base,20260824T033223-24267ff0,20260824T033513-755fcdc5,53.61475354,0,idle,0,488.3359375,100898
frame3_base,20260824T033223-24267ff0,20260824T033513-755fcdc5,54.63119396,0,idle,0,488.34375,100898
frame3_base,20260824T033223-24267ff0,20260824T033513-755fcdc5,55.63128149,0,idle,0,488.3515625,100898
frame3_base,20260824T033223-24267ff0,20260824T033513-755fcdc5,56.63130583,0,idle,0,488.3515625,100898
frame3_base,20260824T033223-24267ff0,20260824T033513-755fcdc5,57.64794981,0,idle,0,488.3515625,100898
frame3_base,20260824T033223-24267ff0,20260824T033513-755fcdc5,58.66450143,0,idle,0,488.3515625,100898
frame3_base,20260824T033223-24267ff0,20260824T033513-755fcdc5,59.68114104,0,idle,0,488.3515625,100898
frame3,20260824T033223-24267ff0,20260824T033709-4581e585,0.02125115902,2000,steady,1998,492.5234375,100898
frame3,20260824T033223-24267ff0,20260824T033709-4581e585,1.021461598,2000,steady,1998,492.5234375,100898
frame3,20260824T033223-24267ff0,20260824T033709-4581e585,2.038052327,2000,steady,1998,492.5234375,100898
frame3,20260824T033223-24267ff0,20260824T033709-4581e585,3.040368805,2000,steady,1999,492.5273438,100898
frame3,20260824T033223-24267ff0,20260824T033709-4581e585,4.054447777,2000,steady,2000,492.5273438,100898
frame3,20260824T033223-24267ff0,20260824T033709-4581e585,5.055713206,2000,steady,1999,492.5273438,100898
frame3,20260824T033223-24267ff0,20260824T033709-4581e585,6.072745083,2000,steady,2000,492.5273438,100898
frame3,20260824T033223-24267ff0,20260824T033709-4581e585,7.088268292,2000,steady,2000,492.5273438,100898
frame3,20260824T033223-24267ff0,20260824T033709-4581e585,8.104204369,2000,steady,2000,492.5273438,100898
frame3,20260824T033223-24267ff0,20260824T033709-4581e585,9.120761527,2000,steady,2000,492.5429688,100898
frame3,20260824T033223-24267ff0,20260824T033709-4581e585,10.12083212,2000,steady,2000,492.5429688,100898
frame3,20260824T033223-24267ff0,20260824T033709-4581e585,11.12157492,2000,steady,2000,492.5429688,100898
frame3,20260824T033223-24267ff0,20260824T033709-4581e585,12.13697768,2000,steady,2000,492.609375,100898
frame3,20260824T033223-24267ff0,20260824T033709-4581e585,13.13715521,2000,steady,2000,492.609375,100898
frame3,20260824T033223-24267ff0,20260824T033709-4581e585,14.15363016,2000,steady,2000,492.6328125,100898
frame3,20260824T033223-24267ff0,20260824T033709-4581e585,15.15367525,2000,steady,1999,493.2773438,100898
frame3,20260824T033223-24267ff0,20260824T033709-4581e585,16.15622707,2000,steady,2000,493.2773438,100898
frame3,20260824T033223-24267ff0,20260824T033709-4581e585,17.1733532,2000,steady,2000,492.9765625,100898
frame3,20260824T033223-24267ff0,20260824T033709-4581e585,18.18949094,2000,steady,2000,492.8164063,100898
frame3,20260824T033223-24267ff0,20260824T033709-4581e585,19.20378946,2000,steady,2000,493.1757813,100898
frame3,20260824T033223-24267ff0,20260824T033709-4581e585,20.20529511,2000,steady,2000,493.1757813,100898
frame3,20260824T033223-24267ff0,20260824T033709-4581e585,21.2218538,2000,steady,2000,493.21875,100898
frame3,20260824T033223-24267ff0,20260824T033709-4581e585,22.22188185,2000,steady,2000,493.21875,100898
frame3,20260824T033223-24267ff0,20260824T033709-4581e585,23.24045521,2000,steady,2000,493.21875,100898
frame3,20260824T033223-24267ff0,20260824T033709-4581e585,24.25335149,2000,steady,1999,493.21875,100898
frame3,20260824T033223-24267ff0,20260824T033709-4581e585,25.2559961,2000,steady,2000,493.21875,100898
frame3,20260824T033223-24267ff0,20260824T033709-4581e585,26.27056982,2000,steady,1999,493.2617188,100898
frame3,20260824T033223-24267ff0,20260824T033709-4581e585,27.27105619,2000,steady,2000,493.2617188,100898
frame3,20260824T033223-24267ff0,20260824T033709-4581e585,28.27176739,2000,steady,2000,493.2617188,100898
frame3,20260824T033223-24267ff0,20260824T033709-4581e585,29.28740648,2000,steady,1999,493.2617188,100898
frame3,20260824T033223-24267ff0,20260824T033709-4581e585,30.30483183,2000,steady,2000,493.2617188,100898
frame3,20260824T033223-24267ff0,20260824T033709-4581e585,31.32014628,2000,steady,2000,493.296875,100898
frame3,20260824T033223-24267ff0,20260824T033709-4581e585,32.32065318,2000,steady,2000,493.296875,100898
frame3,20260824T033223-24267ff0,20260824T033709-4581e585,33.33630502,2000,steady,1999,493.296875,100898
frame3,20260824T033223-24267ff0,20260824T033709-4581e585,34.33645386,2000,steady,2000,493.296875,100898
frame3,20260824T033223-24267ff0,20260824T033709-4581e585,35.35374342,2000,steady,2000,493.3085938,100898
frame3,20260824T033223-24267ff0,20260824T033709-4581e585,36.36916466,2000,steady,2000,493.3085938,100898
frame3,20260824T033223-24267ff0,20260824T033709-4581e585,37.36916518,2000,steady,1999,493.3085938,100898
frame3,20260824T033223-24267ff0,20260824T033709-4581e585,38.38612596,2000,steady,2000,493.3085938,100898
frame3,20260824T033223-24267ff0,20260824T033709-4581e585,39.40257311,2000,steady,2000,493.3085938,100898
frame3,20260824T033223-24267ff0,20260824T033709-4581e585,40.4033145,2000,steady,2000,493.3085938,100898
frame3,20260824T033223-24267ff0,20260824T033709-4581e585,41.41981874,2000,steady,2000,493.3085938,100898
frame3,20260824T033223-24267ff0,20260824T033709-4581e585,42.43719877,2000,steady,1999,493.3085938,100898
frame3,20260824T033223-24267ff0,20260824T033709-4581e585,43.45128451,2000,steady,1999,493.4921875,100898
frame3,20260824T033223-24267ff0,20260824T033709-4581e585,44.45137622,2000,steady,2000,493.5859375,100898
frame3,20260824T033223-24267ff0,20260824T033709-4581e585,45.45155997,2000,steady,2000,493.6914063,100898
frame3,20260824T033223-24267ff0,20260824T033709-4581e585,46.46873799,2000,steady,2000,493.6914063,100898
frame3,20260824T033223-24267ff0,20260824T033709-4581e585,47.48581688,2000,steady,1999,493.7460938,100898
frame3,20260824T033223-24267ff0,20260824T033709-4581e585,48.50234981,2000,steady,2000,493.7460938,100898
frame3,20260824T033223-24267ff0,20260824T033709-4581e585,49.51932473,2000,steady,2000,493.7460938,100898
frame3,20260824T033223-24267ff0,20260824T033709-4581e585,50.51950137,2000,steady,2000,493.7460938,100898
frame3,20260824T033223-24267ff0,20260824T033709-4581e585,51.53541733,2000,steady,2000,493.7460938,100898
frame3,20260824T033223-24267ff0,20260824T033709-4581e585,52.55217836,2000,steady,2000,493.7460938,100898
frame3,20260824T033223-24267ff0,20260824T033709-4581e585,53.554712,2000,steady,2000,493.7460938,100898
frame3,20260824T033223-24267ff0,20260824T033709-4581e585,54.5693173,2000,steady,2000,493.7460938,100898
frame3,20260824T033223-24267ff0,20260824T033709-4581e585,55.56974137,2000,steady,2000,493.7460938,100898
frame3,20260824T033223-24267ff0,20260824T033709-4581e585,56.58612541,2000,steady,2000,493.7460938,100898
frame3,20260824T033223-24267ff0,20260824T033709-4581e585,57.6018411,2000,steady,2000,493.7460938,100898
frame3,20260824T033223-24267ff0,20260824T033709-4581e585,58.61841635,2000,steady,1999,493.7460938,100898
frame3,20260824T033223-24267ff0,20260824T033709-4581e585,59.61872207,2000,steady,2000,493.7460938,100898
frame3,20260824T033223-24267ff0,20260824T033927-59872eb1,0.02856872196,4000,steady,4000,501.5078125,100898
frame3,20260824T033223-24267ff0,20260824T033927-59872eb1,1.041584766,4000,steady,4000,501.5078125,100898
frame3,20260824T033223-24267ff0,20260824T033927-59872eb1,2.057028753,4000,steady,4000,501.5117188,100898
frame3,20260824T033223-24267ff0,20260824T033927-59872eb1,3.059132068,4000,steady,4000,501.5117188,100898
frame3,20260824T033223-24267ff0,20260824T033927-59872eb1,4.073674529,4000,steady,4000,501.53125,100898
frame3,20260824T033223-24267ff0,20260824T033927-59872eb1,5.07399475,4000,steady,4000,501.53125,100898
frame3,20260824T033223-24267ff0,20260824T033927-59872eb1,6.074344422,4000,steady,3999,501.5351563,100898
frame3,20260824T033223-24267ff0,20260824T033927-59872eb1,7.074741144,4000,steady,3999,501.5351563,100898
frame3,20260824T033223-24267ff0,20260824T033927-59872eb1,8.078120892,4000,steady,4000,501.5351563,100898
frame3,20260824T033223-24267ff0,20260824T033927-59872eb1,9.090797629,4000,steady,4000,501.5351563,100898
frame3,20260824T033223-24267ff0,20260824T033927-59872eb1,10.09178216,4000,steady,4000,501.5351563,100898
frame3,20260824T033223-24267ff0,20260824T033927-59872eb1,11.1055251,4000,steady,4000,501.5351563,100898
frame3,20260824T033223-24267ff0,20260824T033927-59872eb1,12.10715136,4000,steady,3999,501.5429688,100898
frame3,20260824T033223-24267ff0,20260824T033927-59872eb1,13.11066393,4000,steady,4000,501.6484375,100898
frame3,20260824T033223-24267ff0,20260824T033927-59872eb1,14.12203212,4000,steady,4000,501.6601563,100898
frame3,20260824T033223-24267ff0,20260824T033927-59872eb1,15.12223071,4000,steady,4000,501.6640625,100898
frame3,20260824T033223-24267ff0,20260824T033927-59872eb1,16.12330268,4000,steady,4000,501.6640625,100898
frame3,20260824T033223-24267ff0,20260824T033927-59872eb1,17.12359753,4000,steady,4000,501.6640625,100898
frame3,20260824T033223-24267ff0,20260824T033927-59872eb1,18.12604395,4000,steady,4000,501.6640625,100898
frame3,20260824T033223-24267ff0,20260824T033927-59872eb1,19.13941695,4000,steady,4000,501.6640625,100898
frame3,20260824T033223-24267ff0,20260824T033927-59872eb1,20.14071792,4000,steady,3999,501.6679688,100898
frame3,20260824T033223-24267ff0,20260824T033927-59872eb1,21.1418217,4000,steady,4000,501.6679688,100898
frame3,20260824T033223-24267ff0,20260824T033927-59872eb1,22.15635053,4000,steady,3999,501.6679688,100898
frame3,20260824T033223-24267ff0,20260824T033927-59872eb1,23.17717446,4000,steady,4000,501.671875,100898
frame3,20260824T033223-24267ff0,20260824T033927-59872eb1,24.19157124,4000,steady,4000,501.671875,100898
frame3,20260824T033223-24267ff0,20260824T033927-59872eb1,25.20577833,4000,steady,4000,501.671875,100898
frame3,20260824T033223-24267ff0,20260824T033927-59872eb1,26.2066653,4000,steady,4000,501.671875,100898
frame3,20260824T033223-24267ff0,20260824T033927-59872eb1,27.22251601,4000,steady,4000,501.671875,100898
frame3,20260824T033223-24267ff0,20260824T033927-59872eb1,28.2229814,4000,steady,3999,501.671875,100898
frame3,20260824T033223-24267ff0,20260824T033927-59872eb1,29.22400472,4000,steady,3999,501.671875,100898
frame3,20260824T033223-24267ff0,20260824T033927-59872eb1,30.23902212,4000,steady,3999,501.671875,100898
frame3,20260824T033223-24267ff0,20260824T033927-59872eb1,31.2390345,4000,steady,4000,501.671875,100898
frame3,20260824T033223-24267ff0,20260824T033927-59872eb1,32.24250604,4000,steady,4000,501.671875,100898
frame3,20260824T033223-24267ff0,20260824T033927-59872eb1,33.25620508,4000,steady,4000,501.6757813,100898
frame3,20260824T033223-24267ff0,20260824T033927-59872eb1,34.26988156,4000,steady,4000,501.6757813,100898
frame3,20260824T033223-24267ff0,20260824T033927-59872eb1,35.27294734,4000,steady,4000,501.6757813,100898
frame3,20260824T033223-24267ff0,20260824T033927-59872eb1,36.29109146,4000,steady,3999,501.6757813,100898
frame3,20260824T033223-24267ff0,20260824T033927-59872eb1,37.30585238,4000,steady,4000,501.6757813,100898
frame3,20260824T033223-24267ff0,20260824T033927-59872eb1,38.30628493,4000,steady,4000,501.6757813,100898
frame3,20260824T033223-24267ff0,20260824T033927-59872eb1,39.32203577,4000,steady,3999,501.6757813,100898
frame3,20260824T033223-24267ff0,20260824T033927-59872eb1,40.33876608,4000,steady,4000,501.6757813,100898
frame3,20260824T033223-24267ff0,20260824T033927-59872eb1,41.3441008,4000,steady,4000,501.6757813,100898
frame3,20260824T033223-24267ff0,20260824T033927-59872eb1,42.35775109,4000,steady,3999,501.6757813,100898
frame3,20260824T033223-24267ff0,20260824T033927-59872eb1,43.37328519,4000,steady,3999,501.6757813,100898
frame3,20260824T033223-24267ff0,20260824T033927-59872eb1,44.37579924,4000,steady,4000,501.6757813,100898
frame3,20260824T033223-24267ff0,20260824T033927-59872eb1,45.38767209,4000,steady,4000,501.6757813,100898
frame3,20260824T033223-24267ff0,20260824T033927-59872eb1,46.38901173,4000,steady,4000,501.6757813,100898
frame3,20260824T033223-24267ff0,20260824T033927-59872eb1,47.39012556,4000,steady,3999,501.6835938,100898
frame3,20260824T033223-24267ff0,20260824T033927-59872eb1,48.40860025,4000,steady,4000,501.6835938,100898
frame3,20260824T033223-24267ff0,20260824T033927-59872eb1,49.42593092,4000,steady,4000,501.6835938,100898
frame3,20260824T033223-24267ff0,20260824T033927-59872eb1,50.43785193,4000,steady,4000,501.9648438,100898
frame3,20260824T033223-24267ff0,20260824T033927-59872eb1,51.44184067,4000,steady,3999,501.9648438,100898
frame3,20260824T033223-24267ff0,20260824T033927-59872eb1,52.45449919,4000,steady,3999,501.9648438,100898
frame3,20260824T033223-24267ff0,20260824T033927-59872eb1,53.45477004,4000,steady,4000,501.9648438,100898
frame3,20260824T033223-24267ff0,20260824T033927-59872eb1,54.47156058,4000,steady,3998,504.7070313,100898
frame3,20260824T033223-24267ff0,20260824T033927-59872eb1,55.48939114,4000,steady,4000,504.7070313,100898
frame3,20260824T033223-24267ff0,20260824T033927-59872eb1,56.50494372,4000,steady,4000,504.7578125,100898
frame3,20260824T033223-24267ff0,20260824T033927-59872eb1,57.50552374,4000,steady,3999,504.7578125,100898
frame3,20260824T033223-24267ff0,20260824T033927-59872eb1,58.50569173,4000,steady,4000,504.7578125,100898
frame3,20260824T033223-24267ff0,20260824T033927-59872eb1,59.52217283,4000,steady,4000,504.7578125,100898
frame3,20260824T033223-24267ff0,20260824T034112-92b99316,0.02806934307,6000,steady,5999,505.0195313,100898
frame3,20260824T033223-24267ff0,20260824T034112-92b99316,1.028858763,6000,steady,6000,505.0195313,100898
frame3,20260824T033223-24267ff0,20260824T034112-92b99316,2.03004225,6000,steady,5999,505.0195313,100898
frame3,20260824T033223-24267ff0,20260824T034112-92b99316,3.045136991,6000,steady,5999,505.0195313,100898
frame3,20260824T033223-24267ff0,20260824T034112-92b99316,4.048895185,6000,steady,6000,505.0195313,100898
frame3,20260824T033223-24267ff0,20260824T034112-92b99316,5.065365872,6000,steady,5998,505.0195313,100898
frame3,20260824T033223-24267ff0,20260824T034112-92b99316,6.079807072,6000,steady,6000,505.0195313,100898
frame3,20260824T033223-24267ff0,20260824T034112-92b99316,7.097189715,6000,steady,5997,505.0195313,100898
frame3,20260824T033223-24267ff0,20260824T034112-92b99316,8.111745696,6000,steady,6000,505.0195313,100898
frame3,20260824T033223-24267ff0,20260824T034112-92b99316,9.114617474,6000,steady,5998,505.0195313,100898
frame3,20260824T033223-24267ff0,20260824T034112-92b99316,10.12875593,6000,steady,6000,505.3164063,100898
frame3,20260824T033223-24267ff0,20260824T034112-92b99316,11.13606588,6000,steady,6000,500.96875,100898
frame3,20260824T033223-24267ff0,20260824T034112-92b99316,12.14625199,6000,steady,5982,501.2773438,100898
frame3,20260824T033223-24267ff0,20260824T034112-92b99316,13.16291325,6000,steady,5982,501.15625,100898
frame3,20260824T033223-24267ff0,20260824T034112-92b99316,14.17492142,6000,steady,6000,501.2421875,100898
frame3,20260824T033223-24267ff0,20260824T034112-92b99316,15.17691795,6000,steady,6000,500.9101563,100898
frame3,20260824T033223-24267ff0,20260824T034112-92b99316,16.19380084,6000,steady,5995,500.8710938,100898
frame3,20260824T033223-24267ff0,20260824T034112-92b99316,17.19422576,6000,steady,5999,500.7304688,100898
frame3,20260824T033223-24267ff0,20260824T034112-92b99316,18.20955658,6000,steady,5998,500.84375,100898
frame3,20260824T033223-24267ff0,20260824T034112-92b99316,19.2274208,6000,steady,6000,500.9882813,100898
frame3,20260824T033223-24267ff0,20260824T034112-92b99316,20.22882084,6000,steady,6000,500.7304688,100898
frame3,20260824T033223-24267ff0,20260824T034112-92b99316,21.24382034,6000,steady,6000,500.9960938,100898
frame3,20260824T033223-24267ff0,20260824T034112-92b99316,22.24553233,6000,steady,6000,500.9960938,100898
frame3,20260824T033223-24267ff0,20260824T034112-92b99316,23.26274708,6000,steady,6000,501.109375,100898
frame3,20260824T033223-24267ff0,20260824T034112-92b99316,24.27579773,6000,steady,6000,501,100898
frame3,20260824T033223-24267ff0,20260824T034112-92b99316,25.27737646,6000,steady,5996,501,100898
frame3,20260824T033223-24267ff0,20260824T034112-92b99316,26.27893885,6000,steady,5998,501.1835938,100898
frame3,20260824T033223-24267ff0,20260824T034112-92b99316,27.29266556,6000,steady,6000,500.9257813,100898
frame3,20260824T033223-24267ff0,20260824T034112-92b99316,28.29444469,6000,steady,6000,501.1835938,100898
frame3,20260824T033223-24267ff0,20260824T034112-92b99316,29.29446882,6000,steady,6000,501.3710938,100898
frame3,20260824T033223-24267ff0,20260824T034112-92b99316,30.31072479,6000,steady,5999,501.1445313,100898
frame3,20260824T033223-24267ff0,20260824T034112-92b99316,31.31371935,6000,steady,6000,501.1445313,100898
frame3,20260824T033223-24267ff0,20260824T034112-92b99316,32.32684704,6000,steady,5998,501.1445313,100898
frame3,20260824T033223-24267ff0,20260824T034112-92b99316,33.33025883,6000,steady,6000,500.5703125,100898
frame3,20260824T033223-24267ff0,20260824T034112-92b99316,34.33036782,6000,steady,6000,500.6171875,100898
frame3,20260824T033223-24267ff0,20260824T034112-92b99316,35.34423853,6000,steady,6000,500.6914063,100898
frame3,20260824T033223-24267ff0,20260824T034112-92b99316,36.3599529,6000,steady,5999,500.4375,100898
frame3,20260824T033223-24267ff0,20260824T034112-92b99316,37.37543357,6000,steady,6000,500.8007813,100898
frame3,20260824T033223-24267ff0,20260824T034112-92b99316,38.37796266,6000,steady,6000,501.1679688,100898
frame3,20260824T033223-24267ff0,20260824T034112-92b99316,39.3917521,6000,steady,5987,501.5234375,100898
frame3,20260824T033223-24267ff0,20260824T034112-92b99316,40.39423603,6000,steady,5999,501.328125,100898
frame3,20260824T033223-24267ff0,20260824T034112-92b99316,41.40981548,6000,steady,5999,501,100898
frame3,20260824T033223-24267ff0,20260824T034112-92b99316,42.42720699,6000,steady,6000,501.28125,100898
frame3,20260824T033223-24267ff0,20260824T034112-92b99316,43.44427898,6000,steady,5999,500.9492188,100898
frame3,20260824T033223-24267ff0,20260824T034112-92b99316,44.46062607,6000,steady,6000,501.2070313,100898
frame3,20260824T033223-24267ff0,20260824T034112-92b99316,45.47818107,6000,steady,6000,501.2070313,100898
frame3,20260824T033223-24267ff0,20260824T034112-92b99316,46.4954166,6000,steady,5999,500.9375,100898
frame3,20260824T033223-24267ff0,20260824T034112-92b99316,47.51029847,6000,steady,5999,501.4492188,100898
frame3,20260824T033223-24267ff0,20260824T034112-92b99316,48.51201205,6000,steady,6000,501.1914063,100898
frame3,20260824T033223-24267ff0,20260824T034112-92b99316,49.52567624,6000,steady,6000,501.4492188,100898
frame3,20260824T033223-24267ff0,20260824T034112-92b99316,50.53057196,6000,steady,5999,501.1914063,100898
frame3,20260824T033223-24267ff0,20260824T034112-92b99316,51.54083644,6000,steady,5999,501.3359375,100898
frame3,20260824T033223-24267ff0,20260824T034112-92b99316,52.54108219,6000,steady,6000,500.4492188,100898
frame3,20260824T033223-24267ff0,20260824T034112-92b99316,53.54118296,6000,steady,6000,500.4492188,100898
frame3,20260824T033223-24267ff0,20260824T034112-92b99316,54.54195752,6000,steady,6000,500.7070313,100898
frame3,20260824T033223-24267ff0,20260824T034112-92b99316,55.5424666,6000,steady,6000,500.5625,100898
frame3,20260824T033223-24267ff0,20260824T034112-92b99316,56.55983077,6000,steady,6000,500.4492188,100898
frame3,20260824T033223-24267ff0,20260824T034112-92b99316,57.57998741,6000,steady,5999,500.6640625,100898
frame3,20260824T033223-24267ff0,20260824T034112-92b99316,58.59543428,6000,steady,6000,500.734375,100898
frame3,20260824T033223-24267ff0,20260824T034112-92b99316,59.60696941,6000,steady,6000,500.5195313,100898
frame3,20260824T033223-24267ff0,20260824T034259-d18242da,0.03219261894,8000,steady,7991,504.4023438,100898
frame3,20260824T033223-24267ff0,20260824T034259-d18242da,1.038691513,8000,steady,8000,504.4023438,100898
frame3,20260824T033223-24267ff0,20260824T034259-d18242da,2.049499326,8000,steady,7987,504.4023438,100898
frame3,20260824T033223-24267ff0,20260824T034259-d18242da,3.054168877,8000,steady,7995,504.4023438,100898
frame3,20260824T033223-24267ff0,20260824T034259-d18242da,4.072070339,8000,steady,7999,504.4023438,100898
frame3,20260824T033223-24267ff0,20260824T034259-d18242da,5.072256688,8000,steady,7982,504.4023438,100898
frame3,20260824T033223-24267ff0,20260824T034259-d18242da,6.08682737,8000,steady,8000,504.4023438,100898
frame3,20260824T033223-24267ff0,20260824T034259-d18242da,7.103979199,8000,steady,7990,504.4023438,100898
frame3,20260824T033223-24267ff0,20260824T034259-d18242da,8.110364081,8000,steady,7995,504.4023438,100898
frame3,20260824T033223-24267ff0,20260824T034259-d18242da,9.124930783,8000,steady,7997,504.4023438,100898
frame3,20260824T033223-24267ff0,20260824T034259-d18242da,10.13842327,8000,steady,7982,504.4023438,100898
frame3,20260824T033223-24267ff0,20260824T034259-d18242da,11.14398642,8000,steady,7974,504.4140625,100898
frame3,20260824T033223-24267ff0,20260824T034259-d18242da,12.1560207,8000,steady,8000,504.4570313,100898
frame3,20260824T033223-24267ff0,20260824T034259-d18242da,13.16946419,8000,steady,7979,504.4570313,100898
frame3,20260824T033223-24267ff0,20260824T034259-d18242da,14.18646861,8000,steady,8000,504.4570313,100898
frame3,20260824T033223-24267ff0,20260824T034259-d18242da,15.18797431,8000,steady,7999,504.4570313,100898
frame3,20260824T033223-24267ff0,20260824T034259-d18242da,16.18875317,8000,steady,8000,504.4570313,100898
frame3,20260824T033223-24267ff0,20260824T034259-d18242da,17.20353563,8000,steady,7999,504.4570313,100898
frame3,20260824T033223-24267ff0,20260824T034259-d18242da,18.21718957,8000,steady,7983,504.4570313,100898
frame3,20260824T033223-24267ff0,20260824T034259-d18242da,19.2205892,8000,steady,7998,504.4726563,100898
frame3,20260824T033223-24267ff0,20260824T034259-d18242da,20.22142642,8000,steady,8000,504.5625,100898
frame3,20260824T033223-24267ff0,20260824T034259-d18242da,21.22173561,8000,steady,8000,504.5625,100898
frame3,20260824T033223-24267ff0,20260824T034259-d18242da,22.22968965,8000,steady,7983,504.5625,100898
frame3,20260824T033223-24267ff0,20260824T034259-d18242da,23.23614743,8000,steady,7977,504.5625,100898
frame3,20260824T033223-24267ff0,20260824T034259-d18242da,24.24441722,8000,steady,7975,504.640625,100898
frame3,20260824T033223-24267ff0,20260824T034259-d18242da,25.25444751,8000,steady,7998,504.8710938,100898
frame3,20260824T033223-24267ff0,20260824T034259-d18242da,26.26941692,8000,steady,8000,504.8710938,100898
frame3,20260824T033223-24267ff0,20260824T034259-d18242da,27.27383485,8000,steady,7988,504.8710938,100898
frame3,20260824T033223-24267ff0,20260824T034259-d18242da,28.29003617,8000,steady,7976,504.8789063,100898
frame3,20260824T033223-24267ff0,20260824T034259-d18242da,29.30132412,8000,steady,7989,504.921875,100898
frame3,20260824T033223-24267ff0,20260824T034259-d18242da,30.3056108,8000,steady,8000,504.984375,100898
frame3,20260824T033223-24267ff0,20260824T034259-d18242da,31.31505701,8000,steady,7980,504.984375,100898
frame3,20260824T033223-24267ff0,20260824T034259-d18242da,32.32413127,8000,steady,7995,504.984375,100898
frame3,20260824T033223-24267ff0,20260824T034259-d18242da,33.33452714,8000,steady,7997,504.984375,100898
frame3,20260824T033223-24267ff0,20260824T034259-d18242da,34.33727917,8000,steady,7992,504.984375,100898
frame3,20260824T033223-24267ff0,20260824T034259-d18242da,35.34032958,8000,steady,7983,504.984375,100898
frame3,20260824T033223-24267ff0,20260824T034259-d18242da,36.34045366,8000,steady,8000,504.984375,100898
frame3,20260824T033223-24267ff0,20260824T034259-d18242da,37.3526484,8000,steady,7989,505.0273438,100898
frame3,20260824T033223-24267ff0,20260824T034259-d18242da,38.36272765,8000,steady,7996,505.0273438,100898
frame3,20260824T033223-24267ff0,20260824T034259-d18242da,39.37056072,8000,steady,7983,505.0273438,100898
frame3,20260824T033223-24267ff0,20260824T034259-d18242da,40.37095446,8000,steady,7992,505.0429688,100898
frame3,20260824T033223-24267ff0,20260824T034259-d18242da,41.3717789,8000,steady,7982,505.0429688,100898
frame3,20260824T033223-24267ff0,20260824T034259-d18242da,42.37548631,8000,steady,8000,505.0429688,100898
frame3,20260824T033223-24267ff0,20260824T034259-d18242da,43.38785696,8000,steady,8000,505.0429688,100898
frame3,20260824T033223-24267ff0,20260824T034259-d18242da,44.38853292,8000,steady,7993,505.0429688,100898
frame3,20260824T033223-24267ff0,20260824T034259-d18242da,45.40159044,8000,steady,8000,505.0429688,100898
frame3,20260824T033223-24267ff0,20260824T034259-d18242da,46.41235429,8000,steady,7979,505.0585938,100898
frame3,20260824T033223-24267ff0,20260824T034259-d18242da,47.41967169,8000,steady,8000,505.0585938,100898
frame3,20260824T033223-24267ff0,20260824T034259-d18242da,48.42017489,8000,steady,7994,505.0585938,100898
frame3,20260824T033223-24267ff0,20260824T034259-d18242da,49.43734576,8000,steady,7997,505.0585938,100898
frame3,20260824T033223-24267ff0,20260824T034259-d18242da,50.4508916,8000,steady,7999,505.0585938,100898
frame3,20260824T033223-24267ff0,20260824T034259-d18242da,51.46570142,8000,steady,7999,505.0585938,100898
frame3,20260824T033223-24267ff0,20260824T034259-d18242da,52.46718829,8000,steady,8000,505.0585938,100898
frame3,20260824T033223-24267ff0,20260824T034259-d18242da,53.48010421,8000,steady,7987,505.0585938,100898
frame3,20260824T033223-24267ff0,20260824T034259-d18242da,54.48378336,8000,steady,7998,505.0585938,100898
frame3,20260824T033223-24267ff0,20260824T034259-d18242da,55.50130586,8000,steady,7986,505.0664063,100898
frame3,20260824T033223-24267ff0,20260824T034259-d18242da,56.50172117,8000,steady,7998,505.0664063,100898
frame3,20260824T033223-24267ff0,20260824T034259-d18242da,57.50254327,8000,steady,7996,505.0664063,100898
frame3,20260824T033223-24267ff0,20260824T034259-d18242da,58.50641103,8000,steady,7992,505.0664063,100898
frame3,20260824T033223-24267ff0,20260824T034259-d18242da,59.51830651,8000,steady,7991,505.0664063,100898
frame3,20260824T033223-24267ff0,20260824T034704-502dcb5a,0.04828568303,10000,steady,9986,507.7070313,100898
frame3,20260824T033223-24267ff0,20260824T034704-502dcb5a,1.071853089,10000,steady,10000,507.7070313,100898
frame3,20260824T033223-24267ff0,20260824T034704-502dcb5a,2.100271654,10000,steady,10000,507.7070313,100898
frame3,20260824T033223-24267ff0,20260824T034704-502dcb5a,3.105064007,10000,steady,9960,507.7070313,100898
frame3,20260824T033223-24267ff0,20260824T034704-502dcb5a,4.11424396,10000,steady,9986,508.328125,100898
frame3,20260824T033223-24267ff0,20260824T034704-502dcb5a,5.121528499,10000,steady,9987,508.328125,100898
frame3,20260824T033223-24267ff0,20260824T034704-502dcb5a,6.129834276,10000,steady,9968,508.328125,100898
frame3,20260824T033223-24267ff0,20260824T034704-502dcb5a,7.135658028,10000,steady,9991,508.4414063,100898
frame3,20260824T033223-24267ff0,20260824T034704-502dcb5a,8.14260817,10000,steady,9969,508.4414063,100898
frame3,20260824T033223-24267ff0,20260824T034704-502dcb5a,9.157648111,10000,steady,9983,508.453125,100898
frame3,20260824T033223-24267ff0,20260824T034704-502dcb5a,10.17775035,10000,steady,9960,508.453125,100898
frame3,20260824T033223-24267ff0,20260824T034704-502dcb5a,11.19065483,10000,steady,9974,508.453125,100898
frame3,20260824T033223-24267ff0,20260824T034704-502dcb5a,12.19880942,10000,steady,9980,508.453125,100898
frame3,20260824T033223-24267ff0,20260824T034704-502dcb5a,13.20900446,10000,steady,9963,508.453125,100898
frame3,20260824T033223-24267ff0,20260824T034704-502dcb5a,14.22955626,10000,steady,9981,508.453125,100898
frame3,20260824T033223-24267ff0,20260824T034704-502dcb5a,15.23849769,10000,steady,9990,508.4960938,100898
frame3,20260824T033223-24267ff0,20260824T034704-502dcb5a,16.24064453,10000,steady,9996,508.6367188,100898
frame3,20260824T033223-24267ff0,20260824T034704-502dcb5a,17.25672827,10000,steady,9973,508.8476563,100898
frame3,20260824T033223-24267ff0,20260824T034704-502dcb5a,18.2728082,10000,steady,9983,508.8476563,100898
frame3,20260824T033223-24267ff0,20260824T034704-502dcb5a,19.28937141,10000,steady,9963,508.2382813,100898
frame3,20260824T033223-24267ff0,20260824T034704-502dcb5a,20.29044336,10000,steady,9986,507.9570313,100898
frame3,20260824T033223-24267ff0,20260824T034704-502dcb5a,21.30992774,10000,steady,9963,508.2460938,100898
frame3,20260824T033223-24267ff0,20260824T034704-502dcb5a,22.32673839,10000,steady,9983,508.46875,100898
frame3,20260824T033223-24267ff0,20260824T034704-502dcb5a,23.34947412,10000,steady,9978,508.953125,100898
frame3,20260824T033223-24267ff0,20260824T034704-502dcb5a,24.36642795,10000,steady,9991,508.953125,100898
frame3,20260824T033223-24267ff0,20260824T034704-502dcb5a,25.38402784,10000,steady,9936,509.0390625,100898
frame3,20260824T033223-24267ff0,20260824T034704-502dcb5a,26.39157166,10000,steady,9925,509.1523438,100898
frame3,20260824T033223-24267ff0,20260824T034704-502dcb5a,27.39522285,10000,steady,9985,509.15625,100898
frame3,20260824T033223-24267ff0,20260824T034704-502dcb5a,28.39898262,10000,steady,9955,509.15625,100898
frame3,20260824T033223-24267ff0,20260824T034704-502dcb5a,29.40064245,10000,steady,9950,509.15625,100898
frame3,20260824T033223-24267ff0,20260824T034704-502dcb5a,30.40906238,10000,steady,9976,509.15625,100898
frame3,20260824T033223-24267ff0,20260824T034704-502dcb5a,31.42274929,10000,steady,9976,509.1992188,100898
frame3,20260824T033223-24267ff0,20260824T034704-502dcb5a,32.42958583,10000,steady,9960,509.1992188,100898
frame3,20260824T033223-24267ff0,20260824T034704-502dcb5a,33.43734173,10000,steady,9991,509.203125,100898
frame3,20260824T033223-24267ff0,20260824T034704-502dcb5a,34.44981363,10000,steady,9989,509.203125,100898
frame3,20260824T033223-24267ff0,20260824T034704-502dcb5a,35.46361237,10000,steady,9984,509.2070313,100898
frame3,20260824T033223-24267ff0,20260824T034704-502dcb5a,36.49376548,10000,steady,9970,509.2070313,100898
frame3,20260824T033223-24267ff0,20260824T034704-502dcb5a,37.49853301,10000,steady,9998,509.2070313,100898
frame3,20260824T033223-24267ff0,20260824T034704-502dcb5a,38.51762964,10000,steady,9957,509.2070313,100898
frame3,20260824T033223-24267ff0,20260824T034704-502dcb5a,39.53347105,10000,steady,9953,509.2070313,100898
frame3,20260824T033223-24267ff0,20260824T034704-502dcb5a,40.54798139,10000,steady,9966,509.2070313,100898
frame3,20260824T033223-24267ff0,20260824T034704-502dcb5a,41.56911168,10000,steady,9954,509.2070313,100898
frame3,20260824T033223-24267ff0,20260824T034704-502dcb5a,42.57802217,10000,steady,9983,509.2421875,100898
frame3,20260824T033223-24267ff0,20260824T034704-502dcb5a,43.58937247,10000,steady,9975,509.2421875,100898
frame3,20260824T033223-24267ff0,20260824T034704-502dcb5a,44.60829382,10000,steady,9961,509.2421875,100898
frame3,20260824T033223-24267ff0,20260824T034704-502dcb5a,45.6243055,10000,steady,10000,509.2421875,100898
frame3,20260824T033223-24267ff0,20260824T034704-502dcb5a,46.62477439,10000,steady,9991,509.2421875,100898
frame3,20260824T033223-24267ff0,20260824T034704-502dcb5a,47.63555676,10000,steady,10000,509.3359375,100898
frame3,20260824T033223-24267ff0,20260824T034704-502dcb5a,48.64642698,10000,steady,10000,509.3359375,100898
frame3,20260824T033223-24267ff0,20260824T034704-502dcb5a,49.65471959,10000,steady,9964,509.4726563,100898
frame3,20260824T033223-24267ff0,20260824T034704-502dcb5a,50.66908477,10000,steady,9998,509.4726563,100898
frame3,20260824T033223-24267ff0,20260824T034704-502dcb5a,51.67274634,10000,steady,9964,509.4726563,100898
frame3,20260824T033223-24267ff0,20260824T034704-502dcb5a,52.68738672,10000,steady,9960,509.4726563,100898
frame3,20260824T033223-24267ff0,20260824T034704-502dcb5a,53.69521938,10000,steady,9975,509.4726563,100898
frame3,20260824T033223-24267ff0,20260824T034704-502dcb5a,54.7029364,10000,steady,9985,509.4726563,100898
frame3,20260824T033223-24267ff0,20260824T034704-502dcb5a,55.70890617,10000,steady,9981,509.4726563,100898
frame3,20260824T033223-24267ff0,20260824T034704-502dcb5a,56.7197838,10000,steady,9981,509.4726563,100898
frame3,20260824T033223-24267ff0,20260824T034704-502dcb5a,57.72954213,10000,steady,9991,509.4726563,100898
frame3,20260824T033223-24267ff0,20260824T034704-502dcb5a,58.73512395,10000,steady,10000,509.4726563,100898
frame3,20260824T033223-24267ff0,20260824T034704-502dcb5a,59.73789476,10000,steady,9989,509.4804688,100898
frame3,20260824T033223-24267ff0,20260824T034916-112d61d0,0.04447763297,12000,steady,11990,511.1757813,100898
frame3,20260824T033223-24267ff0,20260824T034916-112d61d0,1.073688603,12000,steady,11954,511.1757813,100898
frame3,20260824T033223-24267ff0,20260824T034916-112d61d0,2.087622483,12000,steady,11988,511.796875,100898
frame3,20260824T033223-24267ff0,20260824T034916-112d61d0,3.114391358,12000,steady,11943,511.1757813,100898
frame3,20260824T033223-24267ff0,20260824T034916-112d61d0,4.121255028,12000,steady,11959,511.7539063,100898
frame3,20260824T033223-24267ff0,20260824T034916-112d61d0,5.138784034,12000,steady,11987,511.4570313,100898
frame3,20260824T033223-24267ff0,20260824T034916-112d61d0,6.15355166,12000,steady,11947,511.8242188,100898
frame3,20260824T033223-24267ff0,20260824T034916-112d61d0,7.169620339,12000,steady,11932,511.3515625,100898
frame3,20260824T033223-24267ff0,20260824T034916-112d61d0,8.171662722,12000,steady,11970,511.1640625,100898
frame3,20260824T033223-24267ff0,20260824T034916-112d61d0,9.186071831,12000,steady,11976,511.671875,100898
frame3,20260824T033223-24267ff0,20260824T034916-112d61d0,10.20163412,12000,steady,11975,511.1953125,100898
frame3,20260824T033223-24267ff0,20260824T034916-112d61d0,11.21182285,12000,steady,11961,511.703125,100898
frame3,20260824T033223-24267ff0,20260824T034916-112d61d0,12.21777431,12000,steady,12000,511.703125,100898
frame3,20260824T033223-24267ff0,20260824T034916-112d61d0,13.226633,12000,steady,11954,511.9179688,100898
frame3,20260824T033223-24267ff0,20260824T034916-112d61d0,14.24163658,12000,steady,11962,511.9179688,100898
frame3,20260824T033223-24267ff0,20260824T034916-112d61d0,15.26641113,12000,steady,11992,511.9179688,100898
frame3,20260824T033223-24267ff0,20260824T034916-112d61d0,16.28525026,12000,steady,12000,511.9179688,100898
frame3,20260824T033223-24267ff0,20260824T034916-112d61d0,17.28750578,12000,steady,11971,511.9179688,100898
frame3,20260824T033223-24267ff0,20260824T034916-112d61d0,18.28799664,12000,steady,11989,511.9179688,100898
frame3,20260824T033223-24267ff0,20260824T034916-112d61d0,19.30837507,12000,steady,11960,511.9179688,100898
frame3,20260824T033223-24267ff0,20260824T034916-112d61d0,20.32177256,12000,steady,12000,511.9179688,100898
frame3,20260824T033223-24267ff0,20260824T034916-112d61d0,21.32427829,12000,steady,11951,512,100898
frame3,20260824T033223-24267ff0,20260824T034916-112d61d0,22.33848441,12000,steady,11992,512,100898
frame3,20260824T033223-24267ff0,20260824T034916-112d61d0,23.34378816,12000,steady,12000,512,100898
frame3,20260824T033223-24267ff0,20260824T034916-112d61d0,24.35741337,12000,steady,11991,512,100898
frame3,20260824T033223-24267ff0,20260824T034916-112d61d0,25.38213502,12000,steady,11962,512,100898
frame3,20260824T033223-24267ff0,20260824T034916-112d61d0,26.40176275,12000,steady,11957,512,100898
frame3,20260824T033223-24267ff0,20260824T034916-112d61d0,27.41674459,12000,steady,11941,512,100898
frame3,20260824T033223-24267ff0,20260824T034916-112d61d0,28.42957852,12000,steady,11970,512,100898
frame3,20260824T033223-24267ff0,20260824T034916-112d61d0,29.43178286,12000,steady,11946,512.1796875,100898
frame3,20260824T033223-24267ff0,20260824T034916-112d61d0,30.44222837,12000,steady,11992,512.1796875,100898
frame3,20260824T033223-24267ff0,20260824T034916-112d61d0,31.45394813,12000,steady,11966,512.1796875,100898
frame3,20260824T033223-24267ff0,20260824T034916-112d61d0,32.47012797,12000,steady,11968,512.1796875,100898
frame3,20260824T033223-24267ff0,20260824T034916-112d61d0,33.47777918,12000,steady,11972,512.1796875,100898
frame3,20260824T033223-24267ff0,20260824T034916-112d61d0,34.49141899,12000,steady,11937,512.1835938,100898
frame3,20260824T033223-24267ff0,20260824T034916-112d61d0,35.51398006,12000,steady,12000,512.3945313,100898
frame3,20260824T033223-24267ff0,20260824T034916-112d61d0,36.52172391,12000,steady,11981,512.3945313,100898
frame3,20260824T033223-24267ff0,20260824T034916-112d61d0,37.54231471,12000,steady,12000,512.4140625,100898
frame3,20260824T033223-24267ff0,20260824T034916-112d61d0,38.55543289,12000,steady,11960,512.4140625,100898
frame3,20260824T033223-24267ff0,20260824T034916-112d61d0,39.58218878,12000,steady,11947,512.4140625,100898
frame3,20260824T033223-24267ff0,20260824T034916-112d61d0,40.59221425,12000,steady,12000,512.4570313,100898
frame3,20260824T033223-24267ff0,20260824T034916-112d61d0,41.60970598,12000,steady,11964,512.4570313,100898
frame3,20260824T033223-24267ff0,20260824T034916-112d61d0,42.61207571,12000,steady,11978,512.5,100898
frame3,20260824T033223-24267ff0,20260824T034916-112d61d0,43.62401514,12000,steady,11974,512.5,100898
frame3,20260824T033223-24267ff0,20260824T034916-112d61d0,44.63482629,12000,steady,11961,512.5,100898
frame3,20260824T033223-24267ff0,20260824T034916-112d61d0,45.64232382,12000,steady,11938,512.5,100898
frame3,20260824T033223-24267ff0,20260824T034916-112d61d0,46.64700361,12000,steady,11979,512.5,100898
frame3,20260824T033223-24267ff0,20260824T034916-112d61d0,47.6640812,12000,steady,11988,512.5,100898
frame3,20260824T033223-24267ff0,20260824T034916-112d61d0,48.68416012,12000,steady,11985,512.5,100898
frame3,20260824T033223-24267ff0,20260824T034916-112d61d0,49.69324639,12000,steady,11988,512.5,100898
frame3,20260824T033223-24267ff0,20260824T034916-112d61d0,50.71976119,12000,steady,12000,512.875,100898
frame3,20260824T033223-24267ff0,20260824T034916-112d61d0,51.72910724,12000,steady,12000,512.875,100898
frame3,20260824T033223-24267ff0,20260824T034916-112d61d0,52.74853895,12000,steady,11997,512.875,100898
frame3,20260824T033223-24267ff0,20260824T034916-112d61d0,53.75244086,12000,steady,11996,512.875,100898
frame3,20260824T033223-24267ff0,20260824T034916-112d61d0,54.7694379,12000,steady,11985,512.890625,100898
frame3,20260824T033223-24267ff0,20260824T034916-112d61d0,55.78714907,12000,steady,11979,513.171875,100898
frame3,20260824T033223-24267ff0,20260824T034916-112d61d0,56.79348874,12000,steady,11981,513.171875,100898
frame3,20260824T033223-24267ff0,20260824T034916-112d61d0,57.81055813,12000,steady,11992,513.171875,100898
frame3,20260824T033223-24267ff0,20260824T034916-112d61d0,58.83271077,12000,steady,11979,513.171875,100898
frame3,20260824T033223-24267ff0,20260824T034916-112d61d0,59.84051333,12000,steady,11964,513.171875,100898
frame3,20260824T033223-24267ff0,20260824T035059-191d55f8,0.06044856994,14000,steady,13996,518.9101563,100898
frame3,20260824T033223-24267ff0,20260824T035059-191d55f8,1.066304117,14000,steady,13963,518.9101563,100898
frame3,20260824T033223-24267ff0,20260824T035059-191d55f8,2.075013177,14000,steady,13926,518.9101563,100898
frame3,20260824T033223-24267ff0,20260824T035059-191d55f8,3.087516605,14000,steady,13981,518.9101563,100898
frame3,20260824T033223-24267ff0,20260824T035059-191d55f8,4.095820647,14000,steady,13992,518.9101563,100898
frame3,20260824T033223-24267ff0,20260824T035059-191d55f8,5.109033199,14000,steady,13998,518.921875,100898
frame3,20260824T033223-24267ff0,20260824T035059-191d55f8,6.127528346,14000,steady,13970,518.9257813,100898
frame3,20260824T033223-24267ff0,20260824T035059-191d55f8,7.142764114,14000,steady,13944,518.9296875,100898
frame3,20260824T033223-24267ff0,20260824T035059-191d55f8,8.163402751,14000,steady,13972,518.9296875,100898
frame3,20260824T033223-24267ff0,20260824T035059-191d55f8,9.163952851,14000,steady,13955,518.9296875,100898
frame3,20260824T033223-24267ff0,20260824T035059-191d55f8,10.1704916,14000,steady,13999,518.9296875,100898
frame3,20260824T033223-24267ff0,20260824T035059-191d55f8,11.17659933,14000,steady,13982,518.9296875,100898
frame3,20260824T033223-24267ff0,20260824T035059-191d55f8,12.18902551,14000,steady,13961,518.9296875,100898
frame3,20260824T033223-24267ff0,20260824T035059-191d55f8,13.20938336,14000,steady,13995,518.9296875,100898
frame3,20260824T033223-24267ff0,20260824T035059-191d55f8,14.22336171,14000,steady,14000,518.9296875,100898
frame3,20260824T033223-24267ff0,20260824T035059-191d55f8,15.24102904,14000,steady,13931,518.9726563,100898
frame3,20260824T033223-24267ff0,20260824T035059-191d55f8,16.25059308,14000,steady,13985,518.9726563,100898
frame3,20260824T033223-24267ff0,20260824T035059-191d55f8,17.25333294,14000,steady,13968,518.9726563,100898
frame3,20260824T033223-24267ff0,20260824T035059-191d55f8,18.25596711,14000,steady,13996,518.9726563,100898
frame3,20260824T033223-24267ff0,20260824T035059-191d55f8,19.26841624,14000,steady,13936,518.9726563,100898
frame3,20260824T033223-24267ff0,20260824T035059-191d55f8,20.28114546,14000,steady,13964,518.9726563,100898
frame3,20260824T033223-24267ff0,20260824T035059-191d55f8,21.28987167,14000,steady,13968,518.9765625,100898
frame3,20260824T033223-24267ff0,20260824T035059-191d55f8,22.30246204,14000,steady,13962,518.9765625,100898
frame3,20260824T033223-24267ff0,20260824T035059-191d55f8,23.32243129,14000,steady,13991,518.9765625,100898
frame3,20260824T033223-24267ff0,20260824T035059-191d55f8,24.33783756,14000,steady,13955,518.9765625,100898
frame3,20260824T033223-24267ff0,20260824T035059-191d55f8,25.35795915,14000,steady,13902,518.9804688,100898
frame3,20260824T033223-24267ff0,20260824T035059-191d55f8,26.36311221,14000,steady,13966,518.9804688,100898
frame3,20260824T033223-24267ff0,20260824T035059-191d55f8,27.37543198,14000,steady,13989,518.984375,100898
frame3,20260824T033223-24267ff0,20260824T035059-191d55f8,28.37744514,14000,steady,13950,518.984375,100898
frame3,20260824T033223-24267ff0,20260824T035059-191d55f8,29.39819274,14000,steady,13969,518.984375,100898
frame3,20260824T033223-24267ff0,20260824T035059-191d55f8,30.41215939,14000,steady,13954,518.984375,100898
frame3,20260824T033223-24267ff0,20260824T035059-191d55f8,31.41888544,14000,steady,14000,518.9960938,100898
frame3,20260824T033223-24267ff0,20260824T035059-191d55f8,32.42142959,14000,steady,13973,519.0976563,100898
frame3,20260824T033223-24267ff0,20260824T035059-191d55f8,33.43894623,14000,steady,13963,519.0976563,100898
frame3,20260824T033223-24267ff0,20260824T035059-191d55f8,34.46225788,14000,steady,13954,519.0976563,100898
frame3,20260824T033223-24267ff0,20260824T035059-191d55f8,35.47344437,14000,steady,13942,519.0976563,100898
frame3,20260824T033223-24267ff0,20260824T035059-191d55f8,36.48769837,14000,steady,14000,519.0976563,100898
frame3,20260824T033223-24267ff0,20260824T035059-191d55f8,37.51274691,14000,steady,13993,519.0976563,100898
frame3,20260824T033223-24267ff0,20260824T035059-191d55f8,38.51540038,14000,steady,13961,519.0976563,100898
frame3,20260824T033223-24267ff0,20260824T035059-191d55f8,39.53131837,14000,steady,13972,519.0976563,100898
frame3,20260824T033223-24267ff0,20260824T035059-191d55f8,40.54519298,14000,steady,13926,519.0976563,100898
frame3,20260824T033223-24267ff0,20260824T035059-191d55f8,41.5646469,14000,steady,14000,519.1015625,100898
frame3,20260824T033223-24267ff0,20260824T035059-191d55f8,42.57859399,14000,steady,13963,519.1015625,100898
frame3,20260824T033223-24267ff0,20260824T035059-191d55f8,43.57875469,14000,steady,13978,519.1015625,100898
frame3,20260824T033223-24267ff0,20260824T035059-191d55f8,44.58274743,14000,steady,13974,519.1015625,100898
frame3,20260824T033223-24267ff0,20260824T035059-191d55f8,45.60655756,14000,steady,13972,519.2265625,100898
frame3,20260824T033223-24267ff0,20260824T035059-191d55f8,46.61968697,14000,steady,13956,519.2265625,100898
frame3,20260824T033223-24267ff0,20260824T035059-191d55f8,47.64081992,14000,steady,14000,519.2265625,100898
frame3,20260824T033223-24267ff0,20260824T035059-191d55f8,48.66511199,14000,steady,13944,519.2265625,100898
frame3,20260824T033223-24267ff0,20260824T035059-191d55f8,49.68912916,14000,steady,13963,519.2265625,100898
frame3,20260824T033223-24267ff0,20260824T035059-191d55f8,50.70477991,14000,steady,13981,519.2265625,100898
frame3,20260824T033223-24267ff0,20260824T035059-191d55f8,51.72710255,14000,steady,13920,519.2265625,100898
frame3,20260824T033223-24267ff0,20260824T035059-191d55f8,52.74984652,14000,steady,14000,519.2304688,100898
frame3,20260824T033223-24267ff0,20260824T035059-191d55f8,53.7755024,14000,steady,13949,519.2304688,100898
frame3,20260824T033223-24267ff0,20260824T035059-191d55f8,54.79499717,14000,steady,13959,519.2421875,100898
frame3,20260824T033223-24267ff0,20260824T035059-191d55f8,55.81370045,14000,steady,13933,519.2421875,100898
frame3,20260824T033223-24267ff0,20260824T035059-191d55f8,56.81947325,14000,steady,13979,519.2421875,100898
frame3,20260824T033223-24267ff0,20260824T035059-191d55f8,57.84422271,14000,steady,13985,519.2421875,100898
frame3,20260824T033223-24267ff0,20260824T035059-191d55f8,58.8473389,14000,steady,13991,519.2460938,100898
frame3,20260824T033223-24267ff0,20260824T035059-191d55f8,59.86150518,14000,steady,13984,519.2460938,100898
frame3,20260824T033223-24267ff0,20260824T035259-2c0f9a50,0.070220817,16000,steady,15960,516.8945313,100898
frame3,20260824T033223-24267ff0,20260824T035259-2c0f9a50,1.086982092,16000,steady,15980,516.8945313,100898
frame3,20260824T033223-24267ff0,20260824T035259-2c0f9a50,2.101498837,16000,steady,15927,516.8945313,100898
frame3,20260824T033223-24267ff0,20260824T035259-2c0f9a50,3.108110229,16000,steady,16000,516.8945313,100898
frame3,20260824T033223-24267ff0,20260824T035259-2c0f9a50,4.127017114,16000,steady,15979,516.8945313,100898
frame3,20260824T033223-24267ff0,20260824T035259-2c0f9a50,5.131943325,16000,steady,15985,516.8945313,100898
frame3,20260824T033223-24267ff0,20260824T035259-2c0f9a50,6.152346497,16000,steady,15978,516.8984375,100898
frame3,20260824T033223-24267ff0,20260824T035259-2c0f9a50,7.171418814,16000,steady,15895,516.8984375,100898
frame3,20260824T033223-24267ff0,20260824T035259-2c0f9a50,8.185307718,16000,steady,15994,516.9414063,100898
frame3,20260824T033223-24267ff0,20260824T035259-2c0f9a50,9.205946475,16000,steady,15918,516.9414063,100898
frame3,20260824T033223-24267ff0,20260824T035259-2c0f9a50,10.23507446,16000,steady,15945,516.9414063,100898
frame3,20260824T033223-24267ff0,20260824T035259-2c0f9a50,11.24078739,16000,steady,15972,516.9414063,100898
frame3,20260824T033223-24267ff0,20260824T035259-2c0f9a50,12.26129184,16000,steady,15965,516.9414063,100898
frame3,20260824T033223-24267ff0,20260824T035259-2c0f9a50,13.29118728,16000,steady,15951,516.9414063,100898
frame3,20260824T033223-24267ff0,20260824T035259-2c0f9a50,14.29698303,16000,steady,15930,516.9414063,100898
frame3,20260824T033223-24267ff0,20260824T035259-2c0f9a50,15.30437712,16000,steady,16000,516.9414063,100898
frame3,20260824T033223-24267ff0,20260824T035259-2c0f9a50,16.32555862,16000,steady,15937,516.9414063,100898
frame3,20260824T033223-24267ff0,20260824T035259-2c0f9a50,17.35694402,16000,steady,16000,516.9414063,100898
frame3,20260824T033223-24267ff0,20260824T035259-2c0f9a50,18.37032243,16000,steady,15954,516.9414063,100898
frame3,20260824T033223-24267ff0,20260824T035259-2c0f9a50,19.37063738,16000,steady,15994,516.9414063,100898
frame3,20260824T033223-24267ff0,20260824T035259-2c0f9a50,20.3829444,16000,steady,15903,516.9414063,100898
frame3,20260824T033223-24267ff0,20260824T035259-2c0f9a50,21.38796249,16000,steady,16000,516.9414063,100898
frame3,20260824T033223-24267ff0,20260824T035259-2c0f9a50,22.39461823,16000,steady,15997,516.9414063,100898
frame3,20260824T033223-24267ff0,20260824T035259-2c0f9a50,23.4187017,16000,steady,15916,516.9414063,100898
frame3,20260824T033223-24267ff0,20260824T035259-2c0f9a50,24.42966909,16000,steady,15971,516.9414063,100898
frame3,20260824T033223-24267ff0,20260824T035259-2c0f9a50,25.44943457,16000,steady,15964,516.953125,100898
frame3,20260824T033223-24267ff0,20260824T035259-2c0f9a50,26.47620942,16000,steady,15932,516.953125,100898
frame3,20260824T033223-24267ff0,20260824T035259-2c0f9a50,27.49269098,16000,steady,15956,516.953125,100898
frame3,20260824T033223-24267ff0,20260824T035259-2c0f9a50,28.51016714,16000,steady,15992,516.953125,100898
frame3,20260824T033223-24267ff0,20260824T035259-2c0f9a50,29.54459242,16000,steady,16000,517.015625,100898
frame3,20260824T033223-24267ff0,20260824T035259-2c0f9a50,30.56162869,16000,steady,15946,517.015625,100898
frame3,20260824T033223-24267ff0,20260824T035259-2c0f9a50,31.5852675,16000,steady,15895,517.015625,100898
frame3,20260824T033223-24267ff0,20260824T035259-2c0f9a50,32.59486347,16000,steady,15948,517.015625,100898
frame3,20260824T033223-24267ff0,20260824T035259-2c0f9a50,33.60081377,16000,steady,15967,517.015625,100898
frame3,20260824T033223-24267ff0,20260824T035259-2c0f9a50,34.6036718,16000,steady,15975,517.015625,100898
frame3,20260824T033223-24267ff0,20260824T035259-2c0f9a50,35.60850422,16000,steady,16000,517.015625,100898
frame3,20260824T033223-24267ff0,20260824T035259-2c0f9a50,36.61001571,16000,steady,15956,517.015625,100898
frame3,20260824T033223-24267ff0,20260824T035259-2c0f9a50,37.61655277,16000,steady,15997,517.015625,100898
frame3,20260824T033223-24267ff0,20260824T035259-2c0f9a50,38.64213169,16000,steady,15950,517.015625,100898
frame3,20260824T033223-24267ff0,20260824T035259-2c0f9a50,39.64621061,16000,steady,15917,517.015625,100898
frame3,20260824T033223-24267ff0,20260824T035259-2c0f9a50,40.65995149,16000,steady,15966,517.015625,100898
frame3,20260824T033223-24267ff0,20260824T035259-2c0f9a50,41.68056741,16000,steady,15854,517.015625,100898
frame3,20260824T033223-24267ff0,20260824T035259-2c0f9a50,42.68701966,16000,steady,16000,517.015625,100898
frame3,20260824T033223-24267ff0,20260824T035259-2c0f9a50,43.70243347,16000,steady,15971,517.015625,100898
frame3,20260824T033223-24267ff0,20260824T035259-2c0f9a50,44.71242833,16000,steady,15982,517.015625,100898
frame3,20260824T033223-24267ff0,20260824T035259-2c0f9a50,45.74071056,16000,steady,15943,517.015625,100898
frame3,20260824T033223-24267ff0,20260824T035259-2c0f9a50,46.76394182,16000,steady,15938,517.015625,100898
frame3,20260824T033223-24267ff0,20260824T035259-2c0f9a50,47.77037186,16000,steady,15935,517.015625,100898
frame3,20260824T033223-24267ff0,20260824T035259-2c0f9a50,48.78804505,16000,steady,15934,517.015625,100898
frame3,20260824T033223-24267ff0,20260824T035259-2c0f9a50,49.8043045,16000,steady,15974,517.015625,100898
frame3,20260824T033223-24267ff0,20260824T035259-2c0f9a50,50.80459889,16000,steady,16000,517.015625,100898
frame3,20260824T033223-24267ff0,20260824T035259-2c0f9a50,51.81042154,16000,steady,15899,517.015625,100898
frame3,20260824T033223-24267ff0,20260824T035259-2c0f9a50,52.83423754,16000,steady,15966,517.015625,100898
frame3,20260824T033223-24267ff0,20260824T035259-2c0f9a50,53.8590837,16000,steady,15901,517.015625,100898
frame3,20260824T033223-24267ff0,20260824T035259-2c0f9a50,54.88328563,16000,steady,15944,517.015625,100898
frame3,20260824T033223-24267ff0,20260824T035259-2c0f9a50,55.91324879,16000,steady,15985,517.03125,100898
frame3,20260824T033223-24267ff0,20260824T035259-2c0f9a50,56.91831244,16000,steady,15915,517.0351563,100898
frame3,20260824T033223-24267ff0,20260824T035259-2c0f9a50,57.93541847,16000,steady,15912,517.0351563,100898
frame3,20260824T033223-24267ff0,20260824T035259-2c0f9a50,58.9383959,16000,steady,15941,517.0351563,100898
frame3,20260824T033223-24267ff0,20260824T035259-2c0f9a50,59.96245773,16000,steady,15951,517.0351563,100898
frame3,20260824T033223-24267ff0,20260824T035445-53d3af72,0.06995829195,18000,steady,17966,525.5429688,100898
frame3,20260824T033223-24267ff0,20260824T035445-53d3af72,1.097103346,18000,steady,17938,525.5429688,100898
frame3,20260824T033223-24267ff0,20260824T035445-53d3af72,2.106482218,18000,steady,17928,525.5429688,100898
frame3,20260824T033223-24267ff0,20260824T035445-53d3af72,3.149141045,18000,steady,17941,525.5429688,100898
frame3,20260824T033223-24267ff0,20260824T035445-53d3af72,4.172000822,18000,steady,18000,525.546875,100898
frame3,20260824T033223-24267ff0,20260824T035445-53d3af72,5.173536181,18000,steady,17997,525.5898438,100898
frame3,20260824T033223-24267ff0,20260824T035445-53d3af72,6.186670751,18000,steady,17967,525.5898438,100898
frame3,20260824T033223-24267ff0,20260824T035445-53d3af72,7.203802883,18000,steady,17973,525.59375,100898
frame3,20260824T033223-24267ff0,20260824T035445-53d3af72,8.222879511,18000,steady,17903,525.59375,100898
frame3,20260824T033223-24267ff0,20260824T035445-53d3af72,9.229962471,18000,steady,18000,525.59375,100898
frame3,20260824T033223-24267ff0,20260824T035445-53d3af72,10.24071376,18000,steady,18000,525.6015625,100898
frame3,20260824T033223-24267ff0,20260824T035445-53d3af72,11.26959763,18000,steady,18000,525.6015625,100898
frame3,20260824T033223-24267ff0,20260824T035445-53d3af72,12.30152295,18000,steady,18000,525.6015625,100898
frame3,20260824T033223-24267ff0,20260824T035445-53d3af72,13.30288366,18000,steady,17969,525.6015625,100898
frame3,20260824T033223-24267ff0,20260824T035445-53d3af72,14.31509677,18000,steady,17954,525.6015625,100898
frame3,20260824T033223-24267ff0,20260824T035445-53d3af72,15.33369666,18000,steady,17988,525.6054688,100898
frame3,20260824T033223-24267ff0,20260824T035445-53d3af72,16.36124448,18000,steady,17992,525.6054688,100898
frame3,20260824T033223-24267ff0,20260824T035445-53d3af72,17.39247655,18000,steady,17938,525.6054688,100898
frame3,20260824T033223-24267ff0,20260824T035445-53d3af72,18.41749457,18000,steady,17902,525.6054688,100898
frame3,20260824T033223-24267ff0,20260824T035445-53d3af72,19.43726038,18000,steady,17944,525.6054688,100898
frame3,20260824T033223-24267ff0,20260824T035445-53d3af72,20.44153518,18000,steady,17878,525.6054688,100898
frame3,20260824T033223-24267ff0,20260824T035445-53d3af72,21.46547797,18000,steady,17997,525.6054688,100898
frame3,20260824T033223-24267ff0,20260824T035445-53d3af72,22.50213402,18000,steady,17903,525.6054688,100898
frame3,20260824T033223-24267ff0,20260824T035445-53d3af72,23.5203021,18000,steady,18000,525.6054688,100898
frame3,20260824T033223-24267ff0,20260824T035445-53d3af72,24.52397184,18000,steady,17979,525.6054688,100898
frame3,20260824T033223-24267ff0,20260824T035445-53d3af72,25.54083288,18000,steady,17977,525.6054688,100898
frame3,20260824T033223-24267ff0,20260824T035445-53d3af72,26.54489671,18000,steady,17959,525.6054688,100898
frame3,20260824T033223-24267ff0,20260824T035445-53d3af72,27.56671872,18000,steady,17992,525.6054688,100898
frame3,20260824T033223-24267ff0,20260824T035445-53d3af72,28.59142435,18000,steady,17896,525.6054688,100898
frame3,20260824T033223-24267ff0,20260824T035445-53d3af72,29.62205251,18000,steady,17986,525.6054688,100898
frame3,20260824T033223-24267ff0,20260824T035445-53d3af72,30.64839672,18000,steady,17919,525.6054688,100898
frame3,20260824T033223-24267ff0,20260824T035445-53d3af72,31.67043357,18000,steady,17947,525.6054688,100898
frame3,20260824T033223-24267ff0,20260824T035445-53d3af72,32.6985126,18000,steady,18000,525.6054688,100898
frame3,20260824T033223-24267ff0,20260824T035445-53d3af72,33.70621081,18000,steady,17920,525.6054688,100898
frame3,20260824T033223-24267ff0,20260824T035445-53d3af72,34.7233349,18000,steady,18000,525.6054688,100898
frame3,20260824T033223-24267ff0,20260824T035445-53d3af72,35.74811869,18000,steady,18000,525.6054688,100898
frame3,20260824T033223-24267ff0,20260824T035445-53d3af72,36.78091136,18000,steady,18000,525.6054688,100898
frame3,20260824T033223-24267ff0,20260824T035445-53d3af72,37.81418592,18000,steady,17961,525.6054688,100898
frame3,20260824T033223-24267ff0,20260824T035445-53d3af72,38.84817914,18000,steady,17865,525.609375,100898
frame3,20260824T033223-24267ff0,20260824T035445-53d3af72,39.87249413,18000,steady,18000,525.6132813,100898
frame3,20260824T033223-24267ff0,20260824T035445-53d3af72,40.87291682,18000,steady,17941,525.6132813,100898
frame3,20260824T033223-24267ff0,20260824T035445-53d3af72,41.89405259,18000,steady,17955,525.6171875,100898
frame3,20260824T033223-24267ff0,20260824T035445-53d3af72,42.91406505,18000,steady,17994,525.6171875,100898
frame3,20260824T033223-24267ff0,20260824T035445-53d3af72,43.94256855,18000,steady,17976,525.6171875,100898
frame3,20260824T033223-24267ff0,20260824T035445-53d3af72,44.96452161,18000,steady,17996,525.6171875,100898
frame3,20260824T033223-24267ff0,20260824T035445-53d3af72,45.98158783,18000,steady,17876,525.6171875,100898
frame3,20260824T033223-24267ff0,20260824T035445-53d3af72,47.01069596,18000,steady,17903,525.6171875,100898
frame3,20260824T033223-24267ff0,20260824T035445-53d3af72,48.01519305,18000,steady,18000,525.6171875,100898
frame3,20260824T033223-24267ff0,20260824T035445-53d3af72,49.04456959,18000,steady,17978,525.6171875,100898
frame3,20260824T033223-24267ff0,20260824T035445-53d3af72,50.06248368,18000,steady,17987,525.6171875,100898
frame3,20260824T033223-24267ff0,20260824T035445-53d3af72,51.08327442,18000,steady,17871,525.6171875,100898
frame3,20260824T033223-24267ff0,20260824T035445-53d3af72,52.11264321,18000,steady,17975,525.6171875,100898
frame3,20260824T033223-24267ff0,20260824T035445-53d3af72,53.12834786,18000,steady,17975,525.6171875,100898
frame3,20260824T033223-24267ff0,20260824T035445-53d3af72,54.13801985,18000,steady,17999,525.6171875,100898
frame3,20260824T033223-24267ff0,20260824T035445-53d3af72,55.1433181,18000,steady,17917,525.625,100898
frame3,20260824T033223-24267ff0,20260824T035445-53d3af72,56.15330129,18000,steady,17873,525.625,100898
frame3,20260824T033223-24267ff0,20260824T035445-53d3af72,57.1885423,18000,steady,17925,525.625,100898
frame3,20260824T033223-24267ff0,20260824T035445-53d3af72,58.18898297,18000,steady,17989,525.625,100898
frame3,20260824T033223-24267ff0,20260824T035445-53d3af72,59.20805843,18000,steady,17894,525.6289063,100898
frame3,20260824T033223-24267ff0,20260824T035638-3a0a196c,0.079648118,20000,steady,19932,528.2773438,100898
frame3,20260824T033223-24267ff0,20260824T035638-3a0a196c,1.107931773,20000,steady,19811,528.2773438,100898
frame3,20260824T033223-24267ff0,20260824T035638-3a0a196c,2.132532192,20000,steady,19887,528.2773438,100898
frame3,20260824T033223-24267ff0,20260824T035638-3a0a196c,3.136088087,20000,steady,19807,528.2773438,100898
frame3,20260824T033223-24267ff0,20260824T035638-3a0a196c,4.163410236,20000,steady,19860,528.2773438,100898
frame3,20260824T033223-24267ff0,20260824T035638-3a0a196c,5.194667045,20000,steady,19898,528.2773438,100898
frame3,20260824T033223-24267ff0,20260824T035638-3a0a196c,6.203347714,20000,steady,19991,528.2773438,100898
frame3,20260824T033223-24267ff0,20260824T035638-3a0a196c,7.208871935,20000,steady,19879,528.2773438,100898
frame3,20260824T033223-24267ff0,20260824T035638-3a0a196c,8.248942875,20000,steady,19833,528.3242188,100898
frame3,20260824T033223-24267ff0,20260824T035638-3a0a196c,9.258974089,20000,steady,19930,528.3242188,100898
frame3,20260824T033223-24267ff0,20260824T035638-3a0a196c,10.27393025,20000,steady,19991,528.3242188,100898
frame3,20260824T033223-24267ff0,20260824T035638-3a0a196c,11.29039995,20000,steady,19931,528.3242188,100898
frame3,20260824T033223-24267ff0,20260824T035638-3a0a196c,12.31093447,20000,steady,19994,528.3242188,100898
frame3,20260824T033223-24267ff0,20260824T035638-3a0a196c,13.33972013,20000,steady,19983,528.3242188,100898
frame3,20260824T033223-24267ff0,20260824T035638-3a0a196c,14.35228535,20000,steady,19948,528.3242188,100898
frame3,20260824T033223-24267ff0,20260824T035638-3a0a196c,15.37156827,20000,steady,20000,528.3242188,100898
frame3,20260824T033223-24267ff0,20260824T035638-3a0a196c,16.39836951,20000,steady,19856,528.3242188,100898
frame3,20260824T033223-24267ff0,20260824T035638-3a0a196c,17.40250572,20000,steady,19925,528.3242188,100898
frame3,20260824T033223-24267ff0,20260824T035638-3a0a196c,18.41760256,20000,steady,19898,528.3710938,100898
frame3,20260824T033223-24267ff0,20260824T035638-3a0a196c,19.45529387,20000,steady,19993,528.3710938,100898
frame3,20260824T033223-24267ff0,20260824T035638-3a0a196c,20.46962939,20000,steady,20000,528.3710938,100898
frame3,20260824T033223-24267ff0,20260824T035638-3a0a196c,21.4821862,20000,steady,19991,528.3945313,100898
frame3,20260824T033223-24267ff0,20260824T035638-3a0a196c,22.49824834,20000,steady,19980,528.3945313,100898
frame3,20260824T033223-24267ff0,20260824T035638-3a0a196c,23.50619177,20000,steady,19949,528.3945313,100898
frame3,20260824T033223-24267ff0,20260824T035638-3a0a196c,24.5188832,20000,steady,19876,528.3945313,100898
frame3,20260824T033223-24267ff0,20260824T035638-3a0a196c,25.5254766,20000,steady,20000,528.3945313,100898
frame3,20260824T033223-24267ff0,20260824T035638-3a0a196c,26.54335101,20000,steady,19887,528.3945313,100898
frame3,20260824T033223-24267ff0,20260824T035638-3a0a196c,27.57195601,20000,steady,19855,528.3945313,100898
frame3,20260824T033223-24267ff0,20260824T035638-3a0a196c,28.58140681,20000,steady,19814,528.3945313,100898
frame3,20260824T033223-24267ff0,20260824T035638-3a0a196c,29.59914069,20000,steady,19905,528.3945313,100898
frame3,20260824T033223-24267ff0,20260824T035638-3a0a196c,30.6084836,20000,steady,19960,528.3945313,100898
frame3,20260824T033223-24267ff0,20260824T035638-3a0a196c,31.63068621,20000,steady,19967,528.3945313,100898
frame3,20260824T033223-24267ff0,20260824T035638-3a0a196c,32.64572293,20000,steady,19939,528.3945313,100898
frame3,20260824T033223-24267ff0,20260824T035638-3a0a196c,33.69047449,20000,steady,19996,528.3945313,100898
frame3,20260824T033223-24267ff0,20260824T035638-3a0a196c,34.70871898,20000,steady,19874,528.3945313,100898
frame3,20260824T033223-24267ff0,20260824T035638-3a0a196c,35.72922573,20000,steady,19908,528.3945313,100898
frame3,20260824T033223-24267ff0,20260824T035638-3a0a196c,36.74891074,20000,steady,19956,528.3945313,100898
frame3,20260824T033223-24267ff0,20260824T035638-3a0a196c,37.77944375,20000,steady,19944,528.3945313,100898
frame3,20260824T033223-24267ff0,20260824T035638-3a0a196c,38.81468337,20000,steady,20000,528.3945313,100898
frame3,20260824T033223-24267ff0,20260824T035638-3a0a196c,39.81755136,20000,steady,19867,528.3945313,100898
frame3,20260824T033223-24267ff0,20260824T035638-3a0a196c,40.84247441,20000,steady,19845,528.3945313,100898
frame3,20260824T033223-24267ff0,20260824T035638-3a0a196c,41.87994221,20000,steady,19940,528.3945313,100898
frame3,20260824T033223-24267ff0,20260824T035638-3a0a196c,42.90492059,20000,steady,19958,528.3945313,100898
frame3,20260824T033223-24267ff0,20260824T035638-3a0a196c,43.94302081,20000,steady,19918,528.3945313,100898
frame3,20260824T033223-24267ff0,20260824T035638-3a0a196c,44.97639315,20000,steady,19931,528.3945313,100898
frame3,20260824T033223-24267ff0,20260824T035638-3a0a196c,46.00484852,20000,steady,19866,522.9335938,100898
frame3,20260824T033223-24267ff0,20260824T035638-3a0a196c,47.01251957,20000,steady,19978,523.1953125,100898
frame3,20260824T033223-24267ff0,20260824T035638-3a0a196c,48.03734378,20000,steady,20000,523.4453125,100898
frame3,20260824T033223-24267ff0,20260824T035638-3a0a196c,49.04812357,20000,steady,19991,523.4453125,100898
frame3,20260824T033223-24267ff0,20260824T035638-3a0a196c,50.08063896,20000,steady,19966,523.4570313,100898
frame3,20260824T033223-24267ff0,20260824T035638-3a0a196c,51.12316756,20000,steady,19889,523.5273438,100898
frame3,20260824T033223-24267ff0,20260824T035638-3a0a196c,52.15194641,20000,steady,20000,524.4492188,100898
frame3,20260824T033223-24267ff0,20260824T035638-3a0a196c,53.1822704,20000,steady,20000,524.5,100898
frame3,20260824T033223-24267ff0,20260824T035638-3a0a196c,54.18984486,20000,steady,19958,524.5,100898
frame3,20260824T033223-24267ff0,20260824T035638-3a0a196c,55.21466389,20000,steady,19945,524.5,100898
frame3,20260824T033223-24267ff0,20260824T035638-3a0a196c,56.23942567,20000,steady,19869,524.5078125,100898
frame3,20260824T033223-24267ff0,20260824T035638-3a0a196c,57.26835543,20000,steady,19931,525.515625,100898
frame3,20260824T033223-24267ff0,20260824T035638-3a0a196c,58.27486997,20000,steady,20000,525.5585938,100898
frame3,20260824T033223-24267ff0,20260824T035638-3a0a196c,59.30146738,20000,steady,20000,525.5585938,100898
frame3_recheck,20260824T033223-24267ff0,20260824T035847-42de6a68,0.022126002,2000,steady,2000,531.1835938,100898
frame3_recheck,20260824T033223-24267ff0,20260824T035847-42de6a68,1.036534025,2000,steady,2000,531.1835938,100898
frame3_recheck,20260824T033223-24267ff0,20260824T035847-42de6a68,2.037182148,2000,steady,2000,531.1835938,100898
frame3_recheck,20260824T033223-24267ff0,20260824T035847-42de6a68,3.05370714,2000,steady,2000,531.1835938,100898
frame3_recheck,20260824T033223-24267ff0,20260824T035847-42de6a68,4.069937406,2000,steady,2000,531.1835938,100898
frame3_recheck,20260824T033223-24267ff0,20260824T035847-42de6a68,5.070451687,2000,steady,2000,531.1835938,100898
frame3_recheck,20260824T033223-24267ff0,20260824T035847-42de6a68,6.086186654,2000,steady,2000,531.1835938,100898
frame3_recheck,20260824T033223-24267ff0,20260824T035847-42de6a68,7.086905798,2000,steady,2000,531.1835938,100898
frame3_recheck,20260824T033223-24267ff0,20260824T035847-42de6a68,8.086921559,2000,steady,1999,531.3398438,100898
frame3_recheck,20260824T033223-24267ff0,20260824T035847-42de6a68,9.103002683,2000,steady,2000,531.3398438,100898
frame3_recheck,20260824T033223-24267ff0,20260824T035847-42de6a68,10.103408,2000,steady,2000,531.3398438,100898
frame3_recheck,20260824T033223-24267ff0,20260824T035847-42de6a68,11.10364836,2000,steady,2000,531.359375,100898
frame3_recheck,20260824T033223-24267ff0,20260824T035847-42de6a68,12.12041187,2000,steady,2000,531.359375,100898
frame3_recheck,20260824T033223-24267ff0,20260824T035847-42de6a68,13.13666124,2000,steady,1999,531.4726563,100898
frame3_recheck,20260824T033223-24267ff0,20260824T035847-42de6a68,14.15379498,2000,steady,2000,531.4726563,100898
frame3_recheck,20260824T033223-24267ff0,20260824T035847-42de6a68,15.16866826,2000,steady,2000,531.4726563,100898
frame3_recheck,20260824T033223-24267ff0,20260824T035847-42de6a68,16.16986829,2000,steady,2000,531.4726563,100898
frame3_recheck,20260824T033223-24267ff0,20260824T035847-42de6a68,17.18609439,2000,steady,2000,531.4726563,100898
frame3_recheck,20260824T033223-24267ff0,20260824T035847-42de6a68,18.18724853,2000,steady,2000,531.5078125,100898
frame3_recheck,20260824T033223-24267ff0,20260824T035847-42de6a68,19.20289758,2000,steady,2000,531.5078125,100898
frame3_recheck,20260824T033223-24267ff0,20260824T035847-42de6a68,20.2029596,2000,steady,2000,531.5078125,100898
frame3_recheck,20260824T033223-24267ff0,20260824T035847-42de6a68,21.21916799,2000,steady,2000,531.5078125,100898
frame3_recheck,20260824T033223-24267ff0,20260824T035847-42de6a68,22.21999451,2000,steady,2000,523.2851563,100898
frame3_recheck,20260824T033223-24267ff0,20260824T035847-42de6a68,23.23645757,2000,steady,2000,522.8945313,100898
frame3_recheck,20260824T033223-24267ff0,20260824T035847-42de6a68,24.23672085,2000,steady,2000,522.8945313,100898
frame3_recheck,20260824T033223-24267ff0,20260824T035847-42de6a68,25.25363521,2000,steady,2000,522.9179688,100898
frame3_recheck,20260824T033223-24267ff0,20260824T035847-42de6a68,26.27011783,2000,steady,2000,522.9179688,100898
frame3_recheck,20260824T033223-24267ff0,20260824T035847-42de6a68,27.28813171,2000,steady,2000,522.9179688,100898
frame3_recheck,20260824T033223-24267ff0,20260824T035847-42de6a68,28.303461,2000,steady,2000,523.171875,100898
frame3_recheck,20260824T033223-24267ff0,20260824T035847-42de6a68,29.32136537,2000,steady,2000,523.0585938,100898
frame3_recheck,20260824T033223-24267ff0,20260824T035847-42de6a68,30.33702219,2000,steady,2000,523.0664063,100898
frame3_recheck,20260824T033223-24267ff0,20260824T035847-42de6a68,31.35224869,2000,steady,1999,523.0664063,100898
frame3_recheck,20260824T033223-24267ff0,20260824T035847-42de6a68,32.37045581,2000,steady,2000,523.25,100898
frame3_recheck,20260824T033223-24267ff0,20260824T035847-42de6a68,33.38612622,2000,steady,2000,523.25,100898
frame3_recheck,20260824T033223-24267ff0,20260824T035847-42de6a68,34.38624847,2000,steady,1999,523.390625,100898
frame3_recheck,20260824T033223-24267ff0,20260824T035847-42de6a68,35.4032673,2000,steady,2000,523.390625,100898
frame3_recheck,20260824T033223-24267ff0,20260824T035847-42de6a68,36.42031591,2000,steady,2000,523.390625,100898
frame3_recheck,20260824T033223-24267ff0,20260824T035847-42de6a68,37.43526192,2000,steady,2000,523.4648438,100898
frame3_recheck,20260824T033223-24267ff0,20260824T035847-42de6a68,38.43709465,2000,steady,2000,523.4648438,100898
frame3_recheck,20260824T033223-24267ff0,20260824T035847-42de6a68,39.45272993,2000,steady,2000,523.4648438,100898
frame3_recheck,20260824T033223-24267ff0,20260824T035847-42de6a68,40.47051887,2000,steady,1999,523.4648438,100898
frame3_recheck,20260824T033223-24267ff0,20260824T035847-42de6a68,41.48583653,2000,steady,2000,523.4648438,100898
frame3_recheck,20260824T033223-24267ff0,20260824T035847-42de6a68,42.48630627,2000,steady,2000,523.4648438,100898
frame3_recheck,20260824T033223-24267ff0,20260824T035847-42de6a68,43.50259285,2000,steady,2000,523.4648438,100898
frame3_recheck,20260824T033223-24267ff0,20260824T035847-42de6a68,44.51905737,2000,steady,2000,523.4648438,100898
frame3_recheck,20260824T033223-24267ff0,20260824T035847-42de6a68,45.53510186,2000,steady,2000,523.4648438,100898
frame3_recheck,20260824T033223-24267ff0,20260824T035847-42de6a68,46.53620448,2000,steady,1999,523.4921875,100898
frame3_recheck,20260824T033223-24267ff0,20260824T035847-42de6a68,47.55223335,2000,steady,2000,523.4921875,100898
frame3_recheck,20260824T033223-24267ff0,20260824T035847-42de6a68,48.56844156,2000,steady,2000,523.4921875,100898
frame3_recheck,20260824T033223-24267ff0,20260824T035847-42de6a68,49.58481183,2000,steady,2000,523.5195313,100898
frame3_recheck,20260824T033223-24267ff0,20260824T035847-42de6a68,50.58610105,2000,steady,2000,523.5195313,100898
frame3_recheck,20260824T033223-24267ff0,20260824T035847-42de6a68,51.60179955,2000,steady,2000,523.5195313,100898
frame3_recheck,20260824T033223-24267ff0,20260824T035847-42de6a68,52.61829893,2000,steady,2000,523.5195313,100898
frame3_recheck,20260824T033223-24267ff0,20260824T035847-42de6a68,53.63474869,2000,steady,2000,523.5195313,100898
frame3_recheck,20260824T033223-24267ff0,20260824T035847-42de6a68,54.65138607,2000,steady,2000,523.5195313,100898
frame3_recheck,20260824T033223-24267ff0,20260824T035847-42de6a68,55.66936063,2000,steady,2000,523.5195313,100898
frame3_recheck,20260824T033223-24267ff0,20260824T035847-42de6a68,56.68433573,2000,steady,2000,523.5195313,100898
frame3_recheck,20260824T033223-24267ff0,20260824T035847-42de6a68,57.68487184,2000,steady,2000,523.5625,100898
frame3_recheck,20260824T033223-24267ff0,20260824T035847-42de6a68,58.68499798,2000,steady,2000,523.5625,100898
frame3_recheck,20260824T033223-24267ff0,20260824T035847-42de6a68,59.6858248,2000,steady,2000,523.5625,100898
leak3,20260824T033223-24267ff0,20260824T040014-0386bb76,0.02594172198,5000,steady,5000,524.234375,100898
leak3,20260824T033223-24267ff0,20260824T040014-0386bb76,1.040949946,5000,steady,4999,524.234375,100898
leak3,20260824T033223-24267ff0,20260824T040014-0386bb76,2.042990004,5000,steady,4999,524.234375,100898
leak3,20260824T033223-24267ff0,20260824T040014-0386bb76,3.058181661,5000,steady,4998,524.234375,100898
leak3,20260824T033223-24267ff0,20260824T040014-0386bb76,4.07511087,5000,steady,4999,524.4921875,100898
leak3,20260824T033223-24267ff0,20260824T040014-0386bb76,5.075232893,5000,steady,5000,524.4921875,100898
leak3,20260824T033223-24267ff0,20260824T040014-0386bb76,6.075668833,5000,steady,5000,524.4921875,100898
leak3,20260824T033223-24267ff0,20260824T040014-0386bb76,7.092330217,5000,steady,4999,524.4921875,100898
leak3,20260824T033223-24267ff0,20260824T040014-0386bb76,8.10843358,5000,steady,4997,528.1796875,100898
leak3,20260824T033223-24267ff0,20260824T040014-0386bb76,9.125257447,5000,steady,4998,528.1796875,100898
leak3,20260824T033223-24267ff0,20260824T040014-0386bb76,10.14417507,5000,steady,4997,528.2617188,100898
leak3,20260824T033223-24267ff0,20260824T040014-0386bb76,11.1592838,5000,steady,5000,528.4023438,100898
leak3,20260824T033223-24267ff0,20260824T040014-0386bb76,12.17402914,5000,steady,4999,528.4023438,100898
leak3,20260824T033223-24267ff0,20260824T040014-0386bb76,13.17536883,5000,steady,4999,528.4023438,100898
leak3,20260824T033223-24267ff0,20260824T040014-0386bb76,14.17577442,5000,steady,4999,528.4023438,100898
leak3,20260824T033223-24267ff0,20260824T040014-0386bb76,15.17585528,5000,steady,4999,528.4023438,100898
leak3,20260824T033223-24267ff0,20260824T040014-0386bb76,16.1768005,5000,steady,5000,528.4023438,100898
leak3,20260824T033223-24267ff0,20260824T040014-0386bb76,17.19170901,5000,steady,5000,528.4023438,100898
leak3,20260824T033223-24267ff0,20260824T040014-0386bb76,18.20623871,5000,steady,4998,528.40625,100898
leak3,20260824T033223-24267ff0,20260824T040014-0386bb76,19.20802894,5000,steady,4998,528.40625,100898
leak3,20260824T033223-24267ff0,20260824T040014-0386bb76,20.22626052,5000,steady,5000,528.40625,100898
leak3,20260824T033223-24267ff0,20260824T040014-0386bb76,21.24111558,5000,steady,5000,528.40625,100898
leak3,20260824T033223-24267ff0,20260824T040014-0386bb76,22.2426167,5000,steady,5000,528.40625,100898
leak3,20260824T033223-24267ff0,20260824T040014-0386bb76,23.25818629,5000,steady,4999,528.40625,100898
leak3,20260824T033223-24267ff0,20260824T040014-0386bb76,24.27357447,5000,steady,4999,528.40625,100898
leak3,20260824T033223-24267ff0,20260824T040014-0386bb76,25.27502434,5000,steady,4999,528.40625,100898
leak3,20260824T033223-24267ff0,20260824T040014-0386bb76,26.27636758,5000,steady,4998,528.40625,100898
leak3,20260824T033223-24267ff0,20260824T040014-0386bb76,27.29327446,5000,steady,5000,528.40625,100898
leak3,20260824T033223-24267ff0,20260824T040014-0386bb76,28.3084947,5000,steady,4999,528.40625,100898
leak3,20260824T033223-24267ff0,20260824T040014-0386bb76,29.32371545,5000,steady,4999,528.40625,100898
leak3,20260824T033223-24267ff0,20260824T040014-0386bb76,30.32492715,5000,steady,4999,528.40625,100898
leak3,20260824T033223-24267ff0,20260824T040014-0386bb76,31.34131019,5000,steady,5000,528.40625,100898
leak3,20260824T033223-24267ff0,20260824T040014-0386bb76,32.3566403,5000,steady,5000,528.40625,100898
leak3,20260824T033223-24267ff0,20260824T040014-0386bb76,33.35773245,5000,steady,4999,528.40625,100898
leak3,20260824T033223-24267ff0,20260824T040014-0386bb76,34.37581666,5000,steady,4999,528.40625,100898
leak3,20260824T033223-24267ff0,20260824T040014-0386bb76,35.389878,5000,steady,4998,528.40625,100898
leak3,20260824T033223-24267ff0,20260824T040014-0386bb76,36.39171856,5000,steady,5000,528.40625,100898
leak3,20260824T033223-24267ff0,20260824T040014-0386bb76,37.40627569,5000,steady,5000,528.40625,100898
leak3,20260824T033223-24267ff0,20260824T040014-0386bb76,38.42231016,5000,steady,5000,528.4492188,100898
leak3,20260824T033223-24267ff0,20260824T040014-0386bb76,39.42285606,5000,steady,4999,528.4492188,100898
leak3,20260824T033223-24267ff0,20260824T040014-0386bb76,40.42457493,5000,steady,4999,528.4492188,100898
leak3,20260824T033223-24267ff0,20260824T040014-0386bb76,41.44121213,5000,steady,5000,528.4492188,100898
leak3,20260824T033223-24267ff0,20260824T040014-0386bb76,42.45666115,5000,steady,4999,528.4492188,100898
leak3,20260824T033223-24267ff0,20260824T040014-0386bb76,43.45830608,5000,steady,4999,528.4492188,100898
leak3,20260824T033223-24267ff0,20260824T040014-0386bb76,44.47384798,5000,steady,5000,528.4492188,100898
leak3,20260824T033223-24267ff0,20260824T040014-0386bb76,45.47408397,5000,steady,5000,528.4492188,100898
leak3,20260824T033223-24267ff0,20260824T040014-0386bb76,46.47485629,5000,steady,5000,528.4492188,100898
leak3,20260824T033223-24267ff0,20260824T040014-0386bb76,47.49011428,5000,steady,5000,528.4492188,100898
leak3,20260824T033223-24267ff0,20260824T040014-0386bb76,48.50687273,5000,steady,5000,528.4492188,100898
leak3,20260824T033223-24267ff0,20260824T040014-0386bb76,49.52492642,5000,steady,4999,528.4492188,100898
leak3,20260824T033223-24267ff0,20260824T040014-0386bb76,50.52830295,5000,steady,5000,528.4492188,100898
leak3,20260824T033223-24267ff0,20260824T040014-0386bb76,51.53970966,5000,steady,5000,528.4492188,100898
leak3,20260824T033223-24267ff0,20260824T040014-0386bb76,52.55717479,5000,steady,4999,528.4492188,100898
leak3,20260824T033223-24267ff0,20260824T040014-0386bb76,53.557265,5000,steady,5000,528.4492188,100898
leak3,20260824T033223-24267ff0,20260824T040014-0386bb76,54.57307918,5000,steady,4999,528.4492188,100898
leak3,20260824T033223-24267ff0,20260824T040014-0386bb76,55.58926618,5000,steady,5000,528.4492188,100898
leak3,20260824T033223-24267ff0,20260824T040014-0386bb76,56.60755053,5000,steady,5000,528.4492188,100898
leak3,20260824T033223-24267ff0,20260824T040014-0386bb76,57.6109667,5000,steady,4997,528.4492188,100898
leak3,20260824T033223-24267ff0,20260824T040014-0386bb76,58.62258173,5000,steady,4998,528.4492188,100898
leak3,20260824T033223-24267ff0,20260824T040014-0386bb76,59.62306333,5000,steady,5000,528.4492188,100898
leak3,20260824T033223-24267ff0,20260824T040014-0386bb76,60.6240081,5000,steady,4999,528.4492188,100898
leak3,20260824T033223-24267ff0,20260824T040014-0386bb76,61.64216645,5000,steady,5000,528.4492188,100898
leak3,20260824T033223-24267ff0,20260824T040014-0386bb76,62.64250593,5000,steady,5000,528.4492188,100898
leak3,20260824T033223-24267ff0,20260824T040014-0386bb76,63.65710613,5000,steady,4999,528.4492188,100898
leak3,20260824T033223-24267ff0,20260824T040014-0386bb76,64.6737248,5000,steady,4999,528.4492188,100898
leak3,20260824T033223-24267ff0,20260824T040014-0386bb76,65.68958855,5000,steady,5000,528.4492188,100898
leak3,20260824T033223-24267ff0,20260824T040014-0386bb76,66.6897032,5000,steady,5000,528.4492188,100898
leak3,20260824T033223-24267ff0,20260824T040014-0386bb76,67.69098375,5000,steady,5000,528.4492188,100898
leak3,20260824T033223-24267ff0,20260824T040014-0386bb76,68.70926341,5000,steady,5000,528.4492188,100898
leak3,20260824T033223-24267ff0,20260824T040014-0386bb76,69.72217924,5000,steady,4999,528.4492188,100898
leak3,20260824T033223-24267ff0,20260824T040014-0386bb76,70.72329942,5000,steady,5000,528.4726563,100898
leak3,20260824T033223-24267ff0,20260824T040014-0386bb76,71.73872044,5000,steady,5000,528.4726563,100898
leak3,20260824T033223-24267ff0,20260824T040014-0386bb76,72.73892745,5000,steady,4999,528.4726563,100898
leak3,20260824T033223-24267ff0,20260824T040014-0386bb76,73.75431383,5000,steady,5000,528.4726563,100898
leak3,20260824T033223-24267ff0,20260824T040014-0386bb76,74.75791367,5000,steady,4999,528.4726563,100898
leak3,20260824T033223-24267ff0,20260824T040014-0386bb76,75.77300163,5000,steady,4987,528.4726563,100898
leak3,20260824T033223-24267ff0,20260824T040014-0386bb76,76.78873359,5000,steady,5000,528.4726563,100898
leak3,20260824T033223-24267ff0,20260824T040014-0386bb76,77.78917905,5000,steady,5000,528.4726563,100898
leak3,20260824T033223-24267ff0,20260824T040014-0386bb76,78.79084972,5000,steady,5000,528.4765625,100898
leak3,20260824T033223-24267ff0,20260824T040014-0386bb76,79.80482408,5000,steady,5000,528.4765625,100898
leak3,20260824T033223-24267ff0,20260824T040014-0386bb76,80.82143233,5000,steady,4999,528.4765625,100898
leak3,20260824T033223-24267ff0,20260824T040014-0386bb76,81.83737574,5000,steady,5000,528.4765625,100898
leak3,20260824T033223-24267ff0,20260824T040014-0386bb76,82.83759467,5000,steady,4999,528.4765625,100898
leak3,20260824T033223-24267ff0,20260824T040014-0386bb76,83.84038904,5000,steady,5000,528.5429688,100898
leak3,20260824T033223-24267ff0,20260824T040014-0386bb76,84.85411198,5000,steady,4999,528.5429688,100898
leak3,20260824T033223-24267ff0,20260824T040014-0386bb76,85.85718921,5000,steady,5000,528.5429688,100898
leak3,20260824T033223-24267ff0,20260824T040014-0386bb76,86.87263112,5000,steady,5000,528.5429688,100898
leak3,20260824T033223-24267ff0,20260824T040014-0386bb76,87.8887756,5000,steady,5000,528.5429688,100898
leak3,20260824T033223-24267ff0,20260824T040014-0386bb76,88.90667546,5000,steady,5000,528.5429688,100898
leak3,20260824T033223-24267ff0,20260824T040014-0386bb76,89.92266345,5000,steady,4999,528.5429688,100898
leak3,20260824T033223-24267ff0,20260824T040014-0386bb76,90.94003584,5000,steady,5000,528.5429688,100898
leak3,20260824T033223-24267ff0,20260824T040014-0386bb76,91.95636575,5000,steady,5000,528.5429688,100898
leak3,20260824T033223-24267ff0,20260824T040014-0386bb76,92.9713572,5000,steady,4999,528.5429688,100898
leak3,20260824T033223-24267ff0,20260824T040014-0386bb76,93.97322703,5000,steady,5000,528.5429688,100898
leak3,20260824T033223-24267ff0,20260824T040014-0386bb76,94.99244836,5000,steady,5000,528.5429688,100898
leak3,20260824T033223-24267ff0,20260824T040014-0386bb76,96.00552643,5000,steady,5000,528.5429688,100898
leak3,20260824T033223-24267ff0,20260824T040014-0386bb76,97.02198459,5000,steady,5000,528.5429688,100898
leak3,20260824T033223-24267ff0,20260824T040014-0386bb76,98.0383851,5000,steady,5000,528.5429688,100898
leak3,20260824T033223-24267ff0,20260824T040014-0386bb76,99.05459473,5000,steady,4999,528.5429688,100898
leak3,20260824T033223-24267ff0,20260824T040014-0386bb76,100.0720595,5000,steady,5000,528.5429688,100898
leak3,20260824T033223-24267ff0,20260824T040014-0386bb76,101.0876014,5000,steady,4999,528.5429688,100898
leak3,20260824T033223-24267ff0,20260824T040014-0386bb76,102.104449,5000,steady,5000,528.5429688,100898
leak3,20260824T033223-24267ff0,20260824T040014-0386bb76,103.1213309,5000,steady,4999,528.5429688,100898
leak3,20260824T033223-24267ff0,20260824T040014-0386bb76,104.1368836,5000,steady,5000,528.546875,100898
leak3,20260824T033223-24267ff0,20260824T040014-0386bb76,105.1383114,5000,steady,5000,528.546875,100898
leak3,20260824T033223-24267ff0,20260824T040014-0386bb76,106.1547996,5000,steady,5000,528.546875,100898
leak3,20260824T033223-24267ff0,20260824T040014-0386bb76,107.1556006,5000,steady,4999,528.546875,100898
leak3,20260824T033223-24267ff0,20260824T040014-0386bb76,108.1710445,5000,steady,4999,528.546875,100898
leak3,20260824T033223-24267ff0,20260824T040014-0386bb76,109.171829,5000,steady,5000,528.546875,100898
leak3,20260824T033223-24267ff0,20260824T040014-0386bb76,110.1870467,5000,steady,4998,528.546875,100898
leak3,20260824T033223-24267ff0,20260824T040014-0386bb76,111.188612,5000,steady,5000,528.546875,100898
leak3,20260824T033223-24267ff0,20260824T040014-0386bb76,112.2042127,5000,steady,5000,528.546875,100898
leak3,20260824T033223-24267ff0,20260824T040014-0386bb76,113.2201657,5000,steady,5000,528.546875,100898
leak3,20260824T033223-24267ff0,20260824T040014-0386bb76,114.2202961,5000,steady,5000,528.546875,100898
leak3,20260824T033223-24267ff0,20260824T040014-0386bb76,115.2359215,5000,steady,4999,528.546875,100898
leak3,20260824T033223-24267ff0,20260824T040014-0386bb76,116.2367047,5000,steady,5000,528.546875,100898
leak3,20260824T033223-24267ff0,20260824T040014-0386bb76,117.238367,5000,steady,5000,528.546875,100898
leak3,20260824T033223-24267ff0,20260824T040014-0386bb76,118.253763,5000,steady,5000,528.546875,100898
leak3,20260824T033223-24267ff0,20260824T040014-0386bb76,119.2708871,5000,steady,5000,528.546875,100898
leak3,20260824T033223-24267ff0,20260824T040014-0386bb76,120.287442,5000,steady,5000,528.546875,100898
leak3,20260824T033223-24267ff0,20260824T040014-0386bb76,121.3027575,5000,steady,5000,528.546875,100898
leak3,20260824T033223-24267ff0,20260824T040014-0386bb76,122.3198243,5000,steady,5000,528.546875,100898
leak3,20260824T033223-24267ff0,20260824T040014-0386bb76,123.3366261,5000,steady,5000,528.546875,100898
leak3,20260824T033223-24267ff0,20260824T040014-0386bb76,124.3389952,5000,steady,4999,528.546875,100898
leak3,20260824T033223-24267ff0,20260824T040014-0386bb76,125.3526598,5000,steady,5000,528.546875,100898
leak3,20260824T033223-24267ff0,20260824T040014-0386bb76,126.3671462,5000,steady,5000,528.546875,100898
leak3,20260824T033223-24267ff0,20260824T040014-0386bb76,127.3700582,5000,steady,4999,529.1914063,100898
leak3,20260824T033223-24267ff0,20260824T040014-0386bb76,128.3709794,5000,steady,5000,529.1914063,100898
leak3,20260824T033223-24267ff0,20260824T040014-0386bb76,129.371396,5000,steady,5000,529.1914063,100898
leak3,20260824T033223-24267ff0,20260824T040014-0386bb76,130.386335,5000,steady,5000,529.1914063,100898
leak3,20260824T033223-24267ff0,20260824T040014-0386bb76,131.3875605,5000,steady,4999,529.2148438,100898
leak3,20260824T033223-24267ff0,20260824T040014-0386bb76,132.4022807,5000,steady,5000,522.5195313,100898
leak3,20260824T033223-24267ff0,20260824T040014-0386bb76,133.4064774,5000,steady,5000,521.8867188,100898
leak3,20260824T033223-24267ff0,20260824T040014-0386bb76,134.4214469,5000,steady,5000,521.8867188,100898
leak3,20260824T033223-24267ff0,20260824T040014-0386bb76,135.4377143,5000,steady,4968,521.7617188,100898
leak3,20260824T033223-24267ff0,20260824T040014-0386bb76,136.4534558,5000,steady,4971,521.78125,100898
leak3,20260824T033223-24267ff0,20260824T040014-0386bb76,137.4544669,5000,steady,4980,522.0351563,100898
leak3,20260824T033223-24267ff0,20260824T040014-0386bb76,138.4681068,5000,steady,5000,522.0351563,100898
leak3,20260824T033223-24267ff0,20260824T040014-0386bb76,139.4690566,5000,steady,5000,522.0351563,100898
leak3,20260824T033223-24267ff0,20260824T040014-0386bb76,140.470498,5000,steady,5000,522.0351563,100898
leak3,20260824T033223-24267ff0,20260824T040014-0386bb76,141.4870021,5000,steady,4998,522.1796875,100898
leak3,20260824T033223-24267ff0,20260824T040014-0386bb76,142.4873728,5000,steady,4998,522.1796875,100898
leak3,20260824T033223-24267ff0,20260824T040014-0386bb76,143.503056,5000,steady,5000,522.1796875,100898
leak3,20260824T033223-24267ff0,20260824T040014-0386bb76,144.5185863,5000,steady,5000,522.21875,100898
leak3,20260824T033223-24267ff0,20260824T040014-0386bb76,145.5361261,5000,steady,5000,522.21875,100898
leak3,20260824T033223-24267ff0,20260824T040014-0386bb76,146.5370737,5000,steady,4999,522.21875,100898
leak3,20260824T033223-24267ff0,20260824T040014-0386bb76,147.5509224,5000,steady,4999,522.21875,100898
leak3,20260824T033223-24267ff0,20260824T040014-0386bb76,148.5554731,5000,steady,5000,522.21875,100898
leak3,20260824T033223-24267ff0,20260824T040014-0386bb76,149.5704354,5000,steady,5000,522.21875,100898
leak3,20260824T033223-24267ff0,20260824T040014-0386bb76,150.5715705,5000,steady,5000,522.21875,100898
leak3,20260824T033223-24267ff0,20260824T040014-0386bb76,151.5886618,5000,steady,5000,522.21875,100898
leak3,20260824T033223-24267ff0,20260824T040014-0386bb76,152.6040458,5000,steady,5000,522.3320313,100898
leak3,20260824T033223-24267ff0,20260824T040014-0386bb76,153.6181049,5000,steady,5000,522.3320313,100898
leak3,20260824T033223-24267ff0,20260824T040014-0386bb76,154.619294,5000,steady,5000,522.3320313,100898
leak3,20260824T033223-24267ff0,20260824T040014-0386bb76,155.6351274,5000,steady,5000,522.3320313,100898
leak3,20260824T033223-24267ff0,20260824T040014-0386bb76,156.6357314,5000,steady,5000,522.3320313,100898
leak3,20260824T033223-24267ff0,20260824T040014-0386bb76,157.6550601,5000,steady,5000,522.3320313,100898
leak3,20260824T033223-24267ff0,20260824T040014-0386bb76,158.6699485,5000,steady,5000,522.3320313,100898
leak3,20260824T033223-24267ff0,20260824T040014-0386bb76,159.686023,5000,steady,4999,522.3320313,100898
leak3,20260824T033223-24267ff0,20260824T040014-0386bb76,160.6865692,5000,steady,5000,522.7148438,100898
leak3,20260824T033223-24267ff0,20260824T040014-0386bb76,161.7047758,5000,steady,5000,522.7773438,100898
leak3,20260824T033223-24267ff0,20260824T040014-0386bb76,162.7191744,5000,steady,5000,522.7773438,100898
leak3,20260824T033223-24267ff0,20260824T040014-0386bb76,163.7369871,5000,steady,4999,522.7773438,100898
leak3,20260824T033223-24267ff0,20260824T040014-0386bb76,164.7505804,5000,steady,5000,522.7773438,100898
leak3,20260824T033223-24267ff0,20260824T040014-0386bb76,165.7528318,5000,steady,5000,522.7773438,100898
leak3,20260824T033223-24267ff0,20260824T040014-0386bb76,166.7531521,5000,steady,5000,522.7773438,100898
leak3,20260824T033223-24267ff0,20260824T040014-0386bb76,167.7692374,5000,steady,5000,522.7773438,100898
leak3,20260824T033223-24267ff0,20260824T040014-0386bb76,168.7705227,5000,steady,4999,522.7773438,100898
leak3,20260824T033223-24267ff0,20260824T040014-0386bb76,169.7858509,5000,steady,5000,522.7773438,100898
leak3,20260824T033223-24267ff0,20260824T040014-0386bb76,170.802471,5000,steady,5000,522.7773438,100898
leak3,20260824T033223-24267ff0,20260824T040014-0386bb76,171.8198198,5000,steady,4999,522.7773438,100898
leak3,20260824T033223-24267ff0,20260824T040014-0386bb76,172.83642,5000,steady,5000,522.7773438,100898
leak3,20260824T033223-24267ff0,20260824T040014-0386bb76,173.8505826,5000,steady,4999,522.7773438,100898
leak3,20260824T033223-24267ff0,20260824T040014-0386bb76,174.8550488,5000,steady,5000,522.7773438,100898
leak3,20260824T033223-24267ff0,20260824T040014-0386bb76,175.8671001,5000,steady,5000,522.7773438,100898
leak3,20260824T033223-24267ff0,20260824T040014-0386bb76,176.8687212,5000,steady,4999,522.7773438,100898
leak3,20260824T033223-24267ff0,20260824T040014-0386bb76,177.8708868,5000,steady,4999,522.7773438,100898
leak3,20260824T033223-24267ff0,20260824T040014-0386bb76,178.8850166,5000,steady,4999,522.7773438,100898
leak3,20260824T033223-24267ff0,20260824T040014-0386bb76,179.9015002,5000,steady,5000,522.78125,100898
leak3,20260824T033223-24267ff0,20260824T040014-0386bb76,180.9177052,5000,steady,4999,522.78125,100898
leak3,20260824T033223-24267ff0,20260824T040014-0386bb76,181.9180084,5000,steady,5000,522.78125,100898
leak3,20260824T033223-24267ff0,20260824T040014-0386bb76,182.9326205,5000,steady,4999,522.78125,100898
leak3,20260824T033223-24267ff0,20260824T040014-0386bb76,183.9336265,5000,steady,4999,522.78125,100898
leak3,20260824T033223-24267ff0,20260824T040014-0386bb76,184.9346451,5000,steady,5000,522.78125,100898
leak3,20260824T033223-24267ff0,20260824T040014-0386bb76,185.9495698,5000,steady,5000,522.78125,100898
leak3,20260824T033223-24267ff0,20260824T040014-0386bb76,186.9519491,5000,steady,5000,522.78125,100898
leak3,20260824T033223-24267ff0,20260824T040014-0386bb76,187.9704182,5000,steady,5000,522.921875,100898
leak3,20260824T033223-24267ff0,20260824T040014-0386bb76,188.9835281,5000,steady,4999,522.921875,100898
leak3,20260824T033223-24267ff0,20260824T040014-0386bb76,189.9845144,5000,steady,5000,522.9375,100898
leak3,20260824T033223-24267ff0,20260824T040014-0386bb76,191.0000972,5000,steady,5000,522.9375,100898
leak3,20260824T033223-24267ff0,20260824T040014-0386bb76,192.0011617,5000,steady,5000,522.9609375,100898
leak3,20260824T033223-24267ff0,20260824T040014-0386bb76,193.016208,5000,steady,4999,522.9609375,100898
leak3,20260824T033223-24267ff0,20260824T040014-0386bb76,194.0207661,5000,steady,5000,522.9609375,100898
leak3,20260824T033223-24267ff0,20260824T040014-0386bb76,195.0355255,5000,steady,5000,522.9609375,100898
leak3,20260824T033223-24267ff0,20260824T040014-0386bb76,196.0498528,5000,steady,5000,522.9609375,100898
leak3,20260824T033223-24267ff0,20260824T040014-0386bb76,197.0530906,5000,steady,4999,522.9609375,100898
leak3,20260824T033223-24267ff0,20260824T040014-0386bb76,198.066533,5000,steady,4999,522.9609375,100898
leak3,20260824T033223-24267ff0,20260824T040014-0386bb76,199.084371,5000,steady,4999,522.9609375,100898
leak3,20260824T033223-24267ff0,20260824T040014-0386bb76,200.1014572,5000,steady,5000,522.9609375,100898
leak3,20260824T033223-24267ff0,20260824T040014-0386bb76,201.1164936,5000,steady,5000,522.9609375,100898
leak3,20260824T033223-24267ff0,20260824T040014-0386bb76,202.1182627,5000,steady,5000,522.9609375,100898
leak3,20260824T033223-24267ff0,20260824T040014-0386bb76,203.1340308,5000,steady,5000,522.9609375,100898
leak3,20260824T033223-24267ff0,20260824T040014-0386bb76,204.1351509,5000,steady,5000,522.9609375,100898
leak3,20260824T033223-24267ff0,20260824T040014-0386bb76,205.1359123,5000,steady,5000,522.9609375,100898
leak3,20260824T033223-24267ff0,20260824T040014-0386bb76,206.1511613,5000,steady,5000,522.9609375,100898
leak3,20260824T033223-24267ff0,20260824T040014-0386bb76,207.1565852,5000,steady,4999,522.9609375,100898
leak3,20260824T033223-24267ff0,20260824T040014-0386bb76,208.1569543,5000,steady,5000,522.9609375,100898
leak3,20260824T033223-24267ff0,20260824T040014-0386bb76,209.1662823,5000,steady,4999,522.9609375,100898
leak3,20260824T033223-24267ff0,20260824T040014-0386bb76,210.1699333,5000,steady,5000,522.9609375,100898
leak3,20260824T033223-24267ff0,20260824T040014-0386bb76,211.1851647,5000,steady,4999,522.9609375,100898
leak3,20260824T033223-24267ff0,20260824T040014-0386bb76,212.1866243,5000,steady,5000,522.9609375,100898
leak3,20260824T033223-24267ff0,20260824T040014-0386bb76,213.1988689,5000,steady,4999,522.9609375,100898
leak3,20260824T033223-24267ff0,20260824T040014-0386bb76,214.217243,5000,steady,4999,522.9609375,100898
leak3,20260824T033223-24267ff0,20260824T040014-0386bb76,215.2331244,5000,steady,5000,522.9609375,100898
leak3,20260824T033223-24267ff0,20260824T040014-0386bb76,216.2498512,5000,steady,5000,522.9609375,100898
leak3,20260824T033223-24267ff0,20260824T040014-0386bb76,217.266529,5000,steady,5000,522.9609375,100898
leak3,20260824T033223-24267ff0,20260824T040014-0386bb76,218.2673374,5000,steady,5000,522.9609375,100898
leak3,20260824T033223-24267ff0,20260824T040014-0386bb76,219.2685733,5000,steady,5000,522.9609375,100898
leak3,20260824T033223-24267ff0,20260824T040014-0386bb76,220.2844063,5000,steady,5000,522.9609375,100898
leak3,20260824T033223-24267ff0,20260824T040014-0386bb76,221.3015944,5000,steady,5000,522.9609375,100898
leak3,20260824T033223-24267ff0,20260824T040014-0386bb76,222.3160603,5000,steady,5000,522.9609375,100898
leak3,20260824T033223-24267ff0,20260824T040014-0386bb76,223.3168044,5000,steady,5000,522.9609375,100898
leak3,20260824T033223-24267ff0,20260824T040014-0386bb76,224.3178035,5000,steady,4999,522.9609375,100898
leak3,20260824T033223-24267ff0,20260824T040014-0386bb76,225.3180261,5000,steady,5000,522.9609375,100898
leak3,20260824T033223-24267ff0,20260824T040014-0386bb76,226.3329134,5000,steady,5000,522.9609375,100898
leak3,20260824T033223-24267ff0,20260824T040014-0386bb76,227.3345274,5000,steady,5000,522.9609375,100898
leak3,20260824T033223-24267ff0,20260824T040014-0386bb76,228.3493015,5000,steady,5000,522.9609375,100898
leak3,20260824T033223-24267ff0,20260824T040014-0386bb76,229.3505995,5000,steady,5000,522.9609375,100898
leak3,20260824T033223-24267ff0,20260824T040014-0386bb76,230.3661746,5000,steady,5000,522.9609375,100898
leak3,20260824T033223-24267ff0,20260824T040014-0386bb76,231.3664291,5000,steady,5000,522.9609375,100898
leak3,20260824T033223-24267ff0,20260824T040014-0386bb76,232.3701209,5000,steady,5000,522.9609375,100898
leak3,20260824T033223-24267ff0,20260824T040014-0386bb76,233.3832447,5000,steady,4999,522.9921875,100898
leak3,20260824T033223-24267ff0,20260824T040014-0386bb76,234.3832989,5000,steady,4999,522.9921875,100898
leak3,20260824T033223-24267ff0,20260824T040014-0386bb76,235.3998965,5000,steady,5000,522.9921875,100898
leak3,20260824T033223-24267ff0,20260824T040014-0386bb76,236.4011924,5000,steady,5000,522.9921875,100898
leak3,20260824T033223-24267ff0,20260824T040014-0386bb76,237.4156736,5000,steady,4999,522.9921875,100898
leak3,20260824T033223-24267ff0,20260824T040014-0386bb76,238.4356714,5000,steady,4999,522.9921875,100898
leak3,20260824T033223-24267ff0,20260824T040014-0386bb76,239.4479849,5000,steady,4999,522.9921875,100898
leak3,20260824T033223-24267ff0,20260824T040014-0386bb76,240.4490683,5000,steady,4998,522.9921875,100898
leak3,20260824T033223-24267ff0,20260824T040014-0386bb76,241.4673969,5000,steady,4999,522.9921875,100898
leak3,20260824T033223-24267ff0,20260824T040014-0386bb76,242.4812784,5000,steady,5000,522.9921875,100898
leak3,20260824T033223-24267ff0,20260824T040014-0386bb76,243.4818482,5000,steady,4999,522.9921875,100898
leak3,20260824T033223-24267ff0,20260824T040014-0386bb76,244.4961193,5000,steady,5000,522.9921875,100898
leak3,20260824T033223-24267ff0,20260824T040014-0386bb76,245.5014173,5000,steady,4998,522.9921875,100898
leak3,20260824T033223-24267ff0,20260824T040014-0386bb76,246.5155681,5000,steady,5000,522.9921875,100898
leak3,20260824T033223-24267ff0,20260824T040014-0386bb76,247.5161989,5000,steady,5000,528.5078125,100898
leak3,20260824T033223-24267ff0,20260824T040014-0386bb76,248.5320987,5000,steady,5000,528.5078125,100898
leak3,20260824T033223-24267ff0,20260824T040014-0386bb76,249.5487557,5000,steady,4999,528.5078125,100898
leak3,20260824T033223-24267ff0,20260824T040014-0386bb76,250.566471,5000,steady,5000,528.5078125,100898
leak3,20260824T033223-24267ff0,20260824T040014-0386bb76,251.5701556,5000,steady,5000,528.578125,100898
leak3,20260824T033223-24267ff0,20260824T040014-0386bb76,252.582141,5000,steady,5000,528.578125,100898
leak3,20260824T033223-24267ff0,20260824T040014-0386bb76,253.5830794,5000,steady,4999,528.578125,100898
leak3,20260824T033223-24267ff0,20260824T040014-0386bb76,254.5990326,5000,steady,5000,528.6445313,100898
leak3,20260824T033223-24267ff0,20260824T040014-0386bb76,255.6154992,5000,steady,5000,528.6445313,100898
leak3,20260824T033223-24267ff0,20260824T040014-0386bb76,256.6336498,5000,steady,4999,528.703125,100898
leak3,20260824T033223-24267ff0,20260824T040014-0386bb76,257.6486765,5000,steady,4999,528.703125,100898
leak3,20260824T033223-24267ff0,20260824T040014-0386bb76,258.6637113,5000,steady,4999,528.7109375,100898
leak3,20260824T033223-24267ff0,20260824T040014-0386bb76,259.6654333,5000,steady,5000,528.7539063,100898
leak3,20260824T033223-24267ff0,20260824T040014-0386bb76,260.6678532,5000,steady,5000,528.7539063,100898
leak3,20260824T033223-24267ff0,20260824T040014-0386bb76,261.6804499,5000,steady,5000,528.7539063,100898
leak3,20260824T033223-24267ff0,20260824T040014-0386bb76,262.6813623,5000,steady,5000,528.7578125,100898
leak3,20260824T033223-24267ff0,20260824T040014-0386bb76,263.6978638,5000,steady,5000,528.7578125,100898
leak3,20260824T033223-24267ff0,20260824T040014-0386bb76,264.7164709,5000,steady,4999,528.7578125,100898
leak3,20260824T033223-24267ff0,20260824T040014-0386bb76,265.730263,5000,steady,4999,528.7578125,100898
leak3,20260824T033223-24267ff0,20260824T040014-0386bb76,266.7304623,5000,steady,5000,528.7578125,100898
leak3,20260824T033223-24267ff0,20260824T040014-0386bb76,267.7328781,5000,steady,5000,528.7578125,100898
leak3,20260824T033223-24267ff0,20260824T040014-0386bb76,268.7333274,5000,steady,5000,528.7578125,100898
leak3,20260824T033223-24267ff0,20260824T040014-0386bb76,269.7486349,5000,steady,5000,528.7578125,100898
leak3,20260824T033223-24267ff0,20260824T040014-0386bb76,270.7645779,5000,steady,4999,528.7578125,100898
leak3,20260824T033223-24267ff0,20260824T040014-0386bb76,271.7656758,5000,steady,4999,528.7578125,100898
leak3,20260824T033223-24267ff0,20260824T040014-0386bb76,272.7657308,5000,steady,4999,528.7578125,100898
leak3,20260824T033223-24267ff0,20260824T040014-0386bb76,273.7809508,5000,steady,5000,528.7578125,100898
leak3,20260824T033223-24267ff0,20260824T040014-0386bb76,274.7970712,5000,steady,4999,528.7578125,100898
leak3,20260824T033223-24267ff0,20260824T040014-0386bb76,275.7976028,5000,steady,4999,528.7578125,100898
leak3,20260824T033223-24267ff0,20260824T040014-0386bb76,276.7995937,5000,steady,5000,528.765625,100898
leak3,20260824T033223-24267ff0,20260824T040014-0386bb76,277.8151591,5000,steady,5000,528.765625,100898
leak3,20260824T033223-24267ff0,20260824T040014-0386bb76,278.8184799,5000,steady,5000,528.765625,100898
leak3,20260824T033223-24267ff0,20260824T040014-0386bb76,279.8344255,5000,steady,4999,528.765625,100898
leak3,20260824T033223-24267ff0,20260824T040014-0386bb76,280.8457176,5000,steady,5000,528.765625,100898
leak3,20260824T033223-24267ff0,20260824T040014-0386bb76,281.8639524,5000,steady,5000,528.765625,100898
leak3,20260824T033223-24267ff0,20260824T040014-0386bb76,282.8797155,5000,steady,5000,528.765625,100898
leak3,20260824T033223-24267ff0,20260824T040014-0386bb76,283.8969762,5000,steady,4999,528.765625,100898
leak3,20260824T033223-24267ff0,20260824T040014-0386bb76,284.8983128,5000,steady,5000,528.765625,100898
leak3,20260824T033223-24267ff0,20260824T040014-0386bb76,285.9140886,5000,steady,5000,528.765625,100898
leak3,20260824T033223-24267ff0,20260824T040014-0386bb76,286.9141978,5000,steady,5000,528.765625,100898
leak3,20260824T033223-24267ff0,20260824T040014-0386bb76,287.9144099,5000,steady,4999,528.765625,100898
leak3,20260824T033223-24267ff0,20260824T040014-0386bb76,288.9295975,5000,steady,5000,528.765625,100898
leak3,20260824T033223-24267ff0,20260824T040014-0386bb76,289.9302845,5000,steady,5000,528.765625,100898
leak3,20260824T033223-24267ff0,20260824T040014-0386bb76,290.946357,5000,steady,5000,528.765625,100898
leak3,20260824T033223-24267ff0,20260824T040014-0386bb76,291.9471236,5000,steady,5000,528.765625,100898
leak3,20260824T033223-24267ff0,20260824T040014-0386bb76,292.9630199,5000,steady,5000,528.765625,100898
leak3,20260824T033223-24267ff0,20260824T040014-0386bb76,293.9805943,5000,steady,5000,528.765625,100898
leak3,20260824T033223-24267ff0,20260824T040014-0386bb76,294.9965146,5000,steady,4999,528.765625,100898
leak3,20260824T033223-24267ff0,20260824T040014-0386bb76,296.0133635,5000,steady,4999,528.765625,100898
leak3,20260824T033223-24267ff0,20260824T040014-0386bb76,297.0134549,5000,steady,5000,528.765625,100898
leak3,20260824T033223-24267ff0,20260824T040014-0386bb76,298.0173693,5000,steady,5000,528.765625,100898
leak3,20260824T033223-24267ff0,20260824T040014-0386bb76,299.0283889,5000,steady,5000,528.765625,100898
leak3,20260824T033223-24267ff0,20260824T040014-0386bb76,300.0285648,5000,steady,5000,528.765625,100898
leak3,20260824T033223-24267ff0,20260824T040014-0386bb76,301.0304905,5000,steady,4999,528.765625,100898
leak3,20260824T033223-24267ff0,20260824T040014-0386bb76,302.0471218,5000,steady,5000,528.765625,100898
leak3,20260824T033223-24267ff0,20260824T040014-0386bb76,303.0617671,5000,steady,5000,528.765625,100898
leak3,20260824T033223-24267ff0,20260824T040014-0386bb76,304.0791993,5000,steady,5000,528.765625,100898
leak3,20260824T033223-24267ff0,20260824T040014-0386bb76,305.0823768,5000,steady,4999,528.765625,100898
leak3,20260824T033223-24267ff0,20260824T040014-0386bb76,306.0966303,5000,steady,5000,528.765625,100898
leak3,20260824T033223-24267ff0,20260824T040014-0386bb76,307.0967936,5000,steady,5000,528.765625,100898
leak3,20260824T033223-24267ff0,20260824T040014-0386bb76,308.0982822,5000,steady,5000,528.765625,100898
leak3,20260824T033223-24267ff0,20260824T040014-0386bb76,309.1113053,5000,steady,5000,521.6835938,100898
leak3,20260824T033223-24267ff0,20260824T040014-0386bb76,310.112191,5000,steady,5000,521.5507813,100898
leak3,20260824T033223-24267ff0,20260824T040014-0386bb76,311.1355929,5000,steady,5000,522.21875,100898
leak3,20260824T033223-24267ff0,20260824T040014-0386bb76,312.1478622,5000,steady,5000,521.90625,100898
leak3,20260824T033223-24267ff0,20260824T040014-0386bb76,313.1620168,5000,steady,5000,521.90625,100898
leak3,20260824T033223-24267ff0,20260824T040014-0386bb76,314.1659166,5000,steady,5000,521.6757813,100898
leak3,20260824T033223-24267ff0,20260824T040014-0386bb76,315.1786023,5000,steady,5000,521.6757813,100898
leak3,20260824T033223-24267ff0,20260824T040014-0386bb76,316.1962763,5000,steady,5000,521.6757813,100898
leak3,20260824T033223-24267ff0,20260824T040014-0386bb76,317.2129886,5000,steady,4988,521.6757813,100898
leak3,20260824T033223-24267ff0,20260824T040014-0386bb76,318.2284282,5000,steady,5000,521.7773438,100898
leak3,20260824T033223-24267ff0,20260824T040014-0386bb76,319.2308774,5000,steady,5000,521.7773438,100898
leak3,20260824T033223-24267ff0,20260824T040014-0386bb76,320.2449486,5000,steady,4999,521.8125,100898
leak3,20260824T033223-24267ff0,20260824T040014-0386bb76,321.2610716,5000,steady,5000,521.8125,100898
leak3,20260824T033223-24267ff0,20260824T040014-0386bb76,322.2778988,5000,steady,4999,521.9726563,100898
leak3,20260824T033223-24267ff0,20260824T040014-0386bb76,323.2800211,5000,steady,4999,522.234375,100898
leak3,20260824T033223-24267ff0,20260824T040014-0386bb76,324.2955188,5000,steady,5000,522.234375,100898
leak3,20260824T033223-24267ff0,20260824T040014-0386bb76,325.2955961,5000,steady,5000,522.234375,100898
leak3,20260824T033223-24267ff0,20260824T040014-0386bb76,326.310418,5000,steady,5000,522.234375,100898
leak3,20260824T033223-24267ff0,20260824T040014-0386bb76,327.3119688,5000,steady,5000,522.234375,100898
leak3,20260824T033223-24267ff0,20260824T040014-0386bb76,328.3128918,5000,steady,5000,522.234375,100898
leak3,20260824T033223-24267ff0,20260824T040014-0386bb76,329.3296466,5000,steady,5000,522.234375,100898
leak3,20260824T033223-24267ff0,20260824T040014-0386bb76,330.3474832,5000,steady,5000,522.234375,100898
leak3,20260824T033223-24267ff0,20260824T040014-0386bb76,331.3620394,5000,steady,5000,522.234375,100898
leak3,20260824T033223-24267ff0,20260824T040014-0386bb76,332.3621534,5000,steady,4999,522.3476563,100898
leak3,20260824T033223-24267ff0,20260824T040014-0386bb76,333.3779508,5000,steady,5000,522.3476563,100898
leak3,20260824T033223-24267ff0,20260824T040014-0386bb76,334.378464,5000,steady,5000,522.3476563,100898
leak3,20260824T033223-24267ff0,20260824T040014-0386bb76,335.3800343,5000,steady,5000,522.3476563,100898
leak3,20260824T033223-24267ff0,20260824T040014-0386bb76,336.3810992,5000,steady,5000,522.3476563,100898
leak3,20260824T033223-24267ff0,20260824T040014-0386bb76,337.3952559,5000,steady,5000,522.3476563,100898
leak3,20260824T033223-24267ff0,20260824T040014-0386bb76,338.3968115,5000,steady,5000,522.3476563,100898
leak3,20260824T033223-24267ff0,20260824T040014-0386bb76,339.3971301,5000,steady,4999,522.3476563,100898
leak3,20260824T033223-24267ff0,20260824T040014-0386bb76,340.4111033,5000,steady,5000,522.3476563,100898
leak3,20260824T033223-24267ff0,20260824T040014-0386bb76,341.4125069,5000,steady,5000,522.3671875,100898
leak3,20260824T033223-24267ff0,20260824T040014-0386bb76,342.4127853,5000,steady,4999,522.3671875,100898
leak3,20260824T033223-24267ff0,20260824T040014-0386bb76,343.4135056,5000,steady,5000,522.3671875,100898
leak3,20260824T033223-24267ff0,20260824T040014-0386bb76,344.4273035,5000,steady,5000,522.3671875,100898
leak3,20260824T033223-24267ff0,20260824T040014-0386bb76,345.4291378,5000,steady,4999,522.3671875,100898
leak3,20260824T033223-24267ff0,20260824T040014-0386bb76,346.4437589,5000,steady,5000,522.3671875,100898
leak3,20260824T033223-24267ff0,20260824T040014-0386bb76,347.4458631,5000,steady,5000,522.3671875,100898
leak3,20260824T033223-24267ff0,20260824T040014-0386bb76,348.447278,5000,steady,5000,522.3671875,100898
leak3,20260824T033223-24267ff0,20260824T040014-0386bb76,349.4618571,5000,steady,5000,522.3671875,100898
leak3,20260824T033223-24267ff0,20260824T040014-0386bb76,350.4795325,5000,steady,5000,522.3671875,100898
leak3,20260824T033223-24267ff0,20260824T040014-0386bb76,351.4801649,5000,steady,5000,522.3671875,100898
leak3,20260824T033223-24267ff0,20260824T040014-0386bb76,352.4987069,5000,steady,5000,522.3671875,100898
leak3,20260824T033223-24267ff0,20260824T040014-0386bb76,353.5139916,5000,steady,5000,522.3671875,100898
leak3,20260824T033223-24267ff0,20260824T040014-0386bb76,354.5293887,5000,steady,5000,522.3671875,100898
leak3,20260824T033223-24267ff0,20260824T040014-0386bb76,355.5440516,5000,steady,5000,522.3671875,100898
leak3,20260824T033223-24267ff0,20260824T040014-0386bb76,356.5447983,5000,steady,5000,522.3671875,100898
leak3,20260824T033223-24267ff0,20260824T040014-0386bb76,357.5455493,5000,steady,5000,522.3671875,100898
leak3,20260824T033223-24267ff0,20260824T040014-0386bb76,358.5592305,5000,steady,5000,522.3671875,100898
leak3,20260824T033223-24267ff0,20260824T040014-0386bb76,359.5601406,5000,steady,5000,522.3671875,100898
leak3,20260824T033223-24267ff0,20260824T040014-0386bb76,360.5629473,5000,steady,5000,522.3671875,100898
leak3,20260824T033223-24267ff0,20260824T040014-0386bb76,361.5794853,5000,steady,5000,522.3671875,100898
leak3,20260824T033223-24267ff0,20260824T040014-0386bb76,362.5954169,5000,steady,5000,522.3671875,100898
leak3,20260824T033223-24267ff0,20260824T040014-0386bb76,363.6109754,5000,steady,5000,522.3671875,100898
leak3,20260824T033223-24267ff0,20260824T040014-0386bb76,364.6265884,5000,steady,5000,522.3671875,100898
leak3,20260824T033223-24267ff0,20260824T040014-0386bb76,365.6276219,5000,steady,5000,522.3671875,100898
leak3,20260824T033223-24267ff0,20260824T040014-0386bb76,366.6334626,5000,steady,5000,522.3671875,100898
leak3,20260824T033223-24267ff0,20260824T040014-0386bb76,367.6335798,5000,steady,5000,527.875,100898
leak3,20260824T033223-24267ff0,20260824T040014-0386bb76,368.6499531,5000,steady,5000,527.875,100898
leak3,20260824T033223-24267ff0,20260824T040014-0386bb76,369.6653977,5000,steady,5000,527.875,100898
leak3,20260824T033223-24267ff0,20260824T040014-0386bb76,370.6786883,5000,steady,5000,527.875,100898
leak3,20260824T033223-24267ff0,20260824T040014-0386bb76,371.6819256,5000,steady,5000,527.96875,100898
leak3,20260824T033223-24267ff0,20260824T040014-0386bb76,372.6920471,5000,steady,5000,527.96875,100898
leak3,20260824T033223-24267ff0,20260824T040014-0386bb76,373.6941082,5000,steady,5000,527.96875,100898
leak3,20260824T033223-24267ff0,20260824T040014-0386bb76,374.7115177,5000,steady,5000,527.96875,100898
leak3,20260824T033223-24267ff0,20260824T040014-0386bb76,375.7122303,5000,steady,5000,527.9726563,100898
leak3,20260824T033223-24267ff0,20260824T040014-0386bb76,376.7277779,5000,steady,5000,527.9726563,100898
leak3,20260824T033223-24267ff0,20260824T040014-0386bb76,377.744793,5000,steady,5000,527.9726563,100898
leak3,20260824T033223-24267ff0,20260824T040014-0386bb76,378.7603398,5000,steady,4998,527.9726563,100898
leak3,20260824T033223-24267ff0,20260824T040014-0386bb76,379.7612606,5000,steady,5000,527.9726563,100898
leak3,20260824T033223-24267ff0,20260824T040014-0386bb76,380.7759561,5000,steady,5000,527.9726563,100898
leak3,20260824T033223-24267ff0,20260824T040014-0386bb76,381.793415,5000,steady,5000,527.9726563,100898
leak3,20260824T033223-24267ff0,20260824T040014-0386bb76,382.7947912,5000,steady,5000,527.9726563,100898
leak3,20260824T033223-24267ff0,20260824T040014-0386bb76,383.8099155,5000,steady,4999,527.9726563,100898
leak3,20260824T033223-24267ff0,20260824T040014-0386bb76,384.8122144,5000,steady,5000,527.9726563,100898
leak3,20260824T033223-24267ff0,20260824T040014-0386bb76,385.827386,5000,steady,5000,527.9726563,100898
leak3,20260824T033223-24267ff0,20260824T040014-0386bb76,386.8432557,5000,steady,5000,527.9726563,100898
leak3,20260824T033223-24267ff0,20260824T040014-0386bb76,387.8588353,5000,steady,5000,527.9726563,100898
leak3,20260824T033223-24267ff0,20260824T040014-0386bb76,388.8615763,5000,steady,5000,527.9726563,100898
leak3,20260824T033223-24267ff0,20260824T040014-0386bb76,389.8751497,5000,steady,5000,527.9726563,100898
leak3,20260824T033223-24267ff0,20260824T040014-0386bb76,390.8755205,5000,steady,5000,527.9726563,100898
leak3,20260824T033223-24267ff0,20260824T040014-0386bb76,391.879999,5000,steady,5000,527.9726563,100898
leak3,20260824T033223-24267ff0,20260824T040014-0386bb76,392.8922935,5000,steady,5000,527.9726563,100898
leak3,20260824T033223-24267ff0,20260824T040014-0386bb76,393.8929403,5000,steady,4999,527.9726563,100898
leak3,20260824T033223-24267ff0,20260824T040014-0386bb76,394.9097456,5000,steady,5000,527.9726563,100898
leak3,20260824T033223-24267ff0,20260824T040014-0386bb76,395.9121328,5000,steady,5000,527.9726563,100898
leak3,20260824T033223-24267ff0,20260824T040014-0386bb76,396.9272689,5000,steady,5000,527.9726563,100898
leak3,20260824T033223-24267ff0,20260824T040014-0386bb76,397.9272783,5000,steady,5000,527.9726563,100898
leak3,20260824T033223-24267ff0,20260824T040014-0386bb76,398.9457962,5000,steady,5000,527.9726563,100898
leak3,20260824T033223-24267ff0,20260824T040014-0386bb76,399.9598475,5000,steady,5000,527.9726563,100898
leak3,20260824T033223-24267ff0,20260824T040014-0386bb76,400.975827,5000,steady,5000,527.9726563,100898
leak3,20260824T033223-24267ff0,20260824T040014-0386bb76,401.9767991,5000,steady,5000,527.9726563,100898
leak3,20260824T033223-24267ff0,20260824T040014-0386bb76,402.9902198,5000,steady,5000,527.9726563,100898
leak3,20260824T033223-24267ff0,20260824T040014-0386bb76,403.9941903,5000,steady,5000,527.9726563,100898
leak3,20260824T033223-24267ff0,20260824T040014-0386bb76,405.0113863,5000,steady,5000,527.9726563,100898
leak3,20260824T033223-24267ff0,20260824T040014-0386bb76,406.0267949,5000,steady,4999,527.9726563,100898
leak3,20260824T033223-24267ff0,20260824T040014-0386bb76,407.0427286,5000,steady,5000,527.9726563,100898
leak3,20260824T033223-24267ff0,20260824T040014-0386bb76,408.044504,5000,steady,5000,527.9726563,100898
leak3,20260824T033223-24267ff0,20260824T040014-0386bb76,409.0599651,5000,steady,4998,527.9726563,100898
leak3,20260824T033223-24267ff0,20260824T040014-0386bb76,410.0607053,5000,steady,5000,527.9726563,100898
leak3,20260824T033223-24267ff0,20260824T040014-0386bb76,411.0621787,5000,steady,5000,527.9726563,100898
leak3,20260824T033223-24267ff0,20260824T040014-0386bb76,412.0757639,5000,steady,5000,527.9804688,100898
leak3,20260824T033223-24267ff0,20260824T040014-0386bb76,413.0954171,5000,steady,4999,527.984375,100898
leak3,20260824T033223-24267ff0,20260824T040014-0386bb76,414.1079224,5000,steady,4991,527.984375,100898
leak3,20260824T033223-24267ff0,20260824T040014-0386bb76,415.1100172,5000,steady,5000,528.1796875,100898
leak3,20260824T033223-24267ff0,20260824T040014-0386bb76,416.123565,5000,steady,5000,528.2851563,100898
leak3,20260824T033223-24267ff0,20260824T040014-0386bb76,417.1300402,5000,steady,5000,528.2851563,100898
leak3,20260824T033223-24267ff0,20260824T040014-0386bb76,418.1415061,5000,steady,5000,528.2851563,100898
leak3,20260824T033223-24267ff0,20260824T040014-0386bb76,419.1428353,5000,steady,5000,528.2851563,100898
leak3,20260824T033223-24267ff0,20260824T040014-0386bb76,420.1590205,5000,steady,5000,528.2851563,100898
leak3,20260824T033223-24267ff0,20260824T040014-0386bb76,421.1610988,5000,steady,5000,528.2851563,100898
leak3,20260824T033223-24267ff0,20260824T040014-0386bb76,422.1760494,5000,steady,5000,528.2851563,100898
leak3,20260824T033223-24267ff0,20260824T040014-0386bb76,423.1762257,5000,steady,5000,528.2851563,100898
leak3,20260824T033223-24267ff0,20260824T040014-0386bb76,424.178097,5000,steady,5000,528.2851563,100898
leak3,20260824T033223-24267ff0,20260824T040014-0386bb76,425.1890019,5000,steady,5000,528.2851563,100898
leak3,20260824T033223-24267ff0,20260824T040014-0386bb76,426.1916125,5000,steady,5000,528.2851563,100898
leak3,20260824T033223-24267ff0,20260824T040014-0386bb76,427.2080244,5000,steady,5000,528.2851563,100898
leak3,20260824T033223-24267ff0,20260824T040014-0386bb76,428.2086159,5000,steady,5000,528.2851563,100898
leak3,20260824T033223-24267ff0,20260824T040014-0386bb76,429.224259,5000,steady,5000,528.2851563,100898
leak3,20260824T033223-24267ff0,20260824T040014-0386bb76,430.2250895,5000,steady,5000,521.1914063,100898
leak3,20260824T033223-24267ff0,20260824T040014-0386bb76,431.2313125,5000,steady,5000,521.8242188,100898
leak3,20260824T033223-24267ff0,20260824T040014-0386bb76,432.241533,5000,steady,5000,521.4296875,100898
leak3,20260824T033223-24267ff0,20260824T040014-0386bb76,433.2436805,5000,steady,5000,521.6875,100898
leak3,20260824T033223-24267ff0,20260824T040014-0386bb76,434.2455049,5000,steady,5000,521.6875,100898
leak3,20260824T033223-24267ff0,20260824T040014-0386bb76,435.2584539,5000,steady,5000,521.6875,100898
leak3,20260824T033223-24267ff0,20260824T040014-0386bb76,436.2615894,5000,steady,5000,521.6875,100898
leak3,20260824T033223-24267ff0,20260824T040014-0386bb76,437.2621606,5000,steady,5000,521.6875,100898
leak3,20260824T033223-24267ff0,20260824T040014-0386bb76,438.2746487,5000,steady,5000,521.6875,100898
leak3,20260824T033223-24267ff0,20260824T040014-0386bb76,439.2921246,5000,steady,5000,521.6875,100898
leak3,20260824T033223-24267ff0,20260824T040014-0386bb76,440.2934405,5000,steady,4999,521.765625,100898
leak3,20260824T033223-24267ff0,20260824T040014-0386bb76,441.3094661,5000,steady,5000,521.765625,100898
leak3,20260824T033223-24267ff0,20260824T040014-0386bb76,442.3125663,5000,steady,5000,521.8789063,100898
leak3,20260824T033223-24267ff0,20260824T040014-0386bb76,443.3127035,5000,steady,5000,521.8789063,100898
leak3,20260824T033223-24267ff0,20260824T040014-0386bb76,444.3136056,5000,steady,5000,521.8789063,100898
leak3,20260824T033223-24267ff0,20260824T040014-0386bb76,445.3348268,5000,steady,5000,521.8789063,100898
leak3,20260824T033223-24267ff0,20260824T040014-0386bb76,446.3457966,5000,steady,4999,521.8789063,100898
leak3,20260824T033223-24267ff0,20260824T040014-0386bb76,447.358486,5000,steady,5000,521.8867188,100898
leak3,20260824T033223-24267ff0,20260824T040014-0386bb76,448.3729443,5000,steady,4999,521.8867188,100898
leak3,20260824T033223-24267ff0,20260824T040014-0386bb76,449.373285,5000,steady,5000,521.8867188,100898
leak3,20260824T033223-24267ff0,20260824T040014-0386bb76,450.3755111,5000,steady,5000,521.8867188,100898
leak3,20260824T033223-24267ff0,20260824T040014-0386bb76,451.3895458,5000,steady,5000,521.8867188,100898
leak3,20260824T033223-24267ff0,20260824T040014-0386bb76,452.4069084,5000,steady,4999,521.8867188,100898
leak3,20260824T033223-24267ff0,20260824T040014-0386bb76,453.4109519,5000,steady,5000,521.8867188,100898
leak3,20260824T033223-24267ff0,20260824T040014-0386bb76,454.4294242,5000,steady,5000,521.8867188,100898
leak3,20260824T033223-24267ff0,20260824T040014-0386bb76,455.4424588,5000,steady,5000,521.8867188,100898
leak3,20260824T033223-24267ff0,20260824T040014-0386bb76,456.4428799,5000,steady,5000,521.8867188,100898
leak3,20260824T033223-24267ff0,20260824T040014-0386bb76,457.4580718,5000,steady,5000,522.1835938,100898
leak3,20260824T033223-24267ff0,20260824T040014-0386bb76,458.4593967,5000,steady,5000,522.1835938,100898
leak3,20260824T033223-24267ff0,20260824T040014-0386bb76,459.4755089,5000,steady,4999,522.1835938,100898
leak3,20260824T033223-24267ff0,20260824T040014-0386bb76,460.4904883,5000,steady,5000,522.1835938,100898
leak3,20260824T033223-24267ff0,20260824T040014-0386bb76,461.4913769,5000,steady,5000,522.3359375,100898
leak3,20260824T033223-24267ff0,20260824T040014-0386bb76,462.4926229,5000,steady,5000,522.3359375,100898
leak3,20260824T033223-24267ff0,20260824T040014-0386bb76,463.5075392,5000,steady,5000,522.3359375,100898
leak3,20260824T033223-24267ff0,20260824T040014-0386bb76,464.5081744,5000,steady,5000,522.3359375,100898
leak3,20260824T033223-24267ff0,20260824T040014-0386bb76,465.5253011,5000,steady,4968,522.3359375,100898
leak3,20260824T033223-24267ff0,20260824T040014-0386bb76,466.5426409,5000,steady,4980,522.3359375,100898
leak3,20260824T033223-24267ff0,20260824T040014-0386bb76,467.5584518,5000,steady,5000,522.3359375,100898
leak3,20260824T033223-24267ff0,20260824T040014-0386bb76,468.5733962,5000,steady,5000,522.3359375,100898
leak3,20260824T033223-24267ff0,20260824T040014-0386bb76,469.574595,5000,steady,5000,522.3359375,100898
leak3,20260824T033223-24267ff0,20260824T040014-0386bb76,470.5755047,5000,steady,5000,522.3359375,100898
leak3,20260824T033223-24267ff0,20260824T040014-0386bb76,471.5760793,5000,steady,4996,522.3359375,100898
leak3,20260824T033223-24267ff0,20260824T040014-0386bb76,472.5895134,5000,steady,4999,522.3359375,100898
leak3,20260824T033223-24267ff0,20260824T040014-0386bb76,473.5896769,5000,steady,5000,522.3359375,100898
leak3,20260824T033223-24267ff0,20260824T040014-0386bb76,474.5916939,5000,steady,5000,522.3359375,100898
leak3,20260824T033223-24267ff0,20260824T040014-0386bb76,475.5935583,5000,steady,5000,522.3359375,100898
leak3,20260824T033223-24267ff0,20260824T040014-0386bb76,476.6061172,5000,steady,4999,522.3359375,100898
leak3,20260824T033223-24267ff0,20260824T040014-0386bb76,477.6063632,5000,steady,4998,522.3359375,100898
leak3,20260824T033223-24267ff0,20260824T040014-0386bb76,478.6231982,5000,steady,5000,522.3359375,100898
leak3,20260824T033223-24267ff0,20260824T040014-0386bb76,479.6256524,5000,steady,4999,522.3359375,100898
leak3,20260824T033223-24267ff0,20260824T040014-0386bb76,480.6398487,0,idle,4406,522.3359375,100898
leak3,20260824T033223-24267ff0,20260824T040014-0386bb76,481.651596,0,idle,3429,522.3359375,100898
leak3,20260824T033223-24267ff0,20260824T040014-0386bb76,482.6516742,0,idle,2429,522.3359375,100898
leak3,20260824T033223-24267ff0,20260824T040014-0386bb76,483.6669127,0,idle,1429,522.3359375,100898
leak3,20260824T033223-24267ff0,20260824T040014-0386bb76,484.6811891,0,idle,425,522.3359375,100898
leak3,20260824T033223-24267ff0,20260824T040014-0386bb76,485.6970394,0,idle,0,522.3359375,100898
leak3,20260824T033223-24267ff0,20260824T040014-0386bb76,486.7135699,0,idle,0,522.3359375,100898
leak3,20260824T033223-24267ff0,20260824T040014-0386bb76,487.7302414,0,idle,0,527.9960938,100898
leak3,20260824T033223-24267ff0,20260824T040014-0386bb76,488.746905,0,idle,0,527.9960938,100898
leak3,20260824T033223-24267ff0,20260824T040014-0386bb76,489.7471842,0,idle,0,527.9960938,100898
leak3,20260824T033223-24267ff0,20260824T040014-0386bb76,490.7636839,0,idle,0,527.9960938,100898
leak3,20260824T033223-24267ff0,20260824T040014-0386bb76,491.7801354,0,idle,0,527.9960938,100898
leak3,20260824T033223-24267ff0,20260824T040014-0386bb76,492.780158,0,idle,0,527.9960938,100898
leak3,20260824T033223-24267ff0,20260824T040014-0386bb76,493.780383,0,idle,0,527.9960938,100898
leak3,20260824T033223-24267ff0,20260824T040014-0386bb76,494.7965776,0,idle,0,527.9960938,100898
leak3,20260824T033223-24267ff0,20260824T040014-0386bb76,495.8133776,0,idle,0,527.9960938,100898
leak3,20260824T033223-24267ff0,20260824T040014-0386bb76,496.8297228,0,idle,0,528.0078125,100898
leak3,20260824T033223-24267ff0,20260824T040014-0386bb76,497.8463926,0,idle,0,528.0078125,100898
leak3,20260824T033223-24267ff0,20260824T040014-0386bb76,498.8631266,0,idle,0,528.0078125,100898
leak3,20260824T033223-24267ff0,20260824T040014-0386bb76,499.8798001,0,idle,0,528.0078125,100898
leak3,20260824T033223-24267ff0,20260824T040014-0386bb76,500.8963754,0,idle,0,528.0078125,100898
leak3,20260824T033223-24267ff0,20260824T040014-0386bb76,501.9129313,0,idle,0,528.0078125,100898
leak3,20260824T033223-24267ff0,20260824T040014-0386bb76,502.91306,0,idle,0,528.0078125,100898
leak3,20260824T033223-24267ff0,20260824T040014-0386bb76,503.9295906,0,idle,0,528.0078125,100898
leak3,20260824T033223-24267ff0,20260824T040014-0386bb76,504.9296939,0,idle,0,528.0078125,100898
leak3,20260824T033223-24267ff0,20260824T040014-0386bb76,505.94612,0,idle,0,528.0078125,100898
leak3,20260824T033223-24267ff0,20260824T040014-0386bb76,506.9627718,0,idle,0,528.0078125,100898
leak3,20260824T033223-24267ff0,20260824T040014-0386bb76,507.9793813,0,idle,0,528.0078125,100898
leak3,20260824T033223-24267ff0,20260824T040014-0386bb76,508.9960424,0,idle,0,528.0078125,100898
leak3,20260824T033223-24267ff0,20260824T040014-0386bb76,510.0126338,0,idle,0,528.0078125,100898
leak3,20260824T033223-24267ff0,20260824T040014-0386bb76,511.012746,0,idle,0,528.0078125,100898
leak3,20260824T033223-24267ff0,20260824T040014-0386bb76,512.0127725,0,idle,0,528.0078125,100898
leak3,20260824T033223-24267ff0,20260824T040014-0386bb76,513.0293246,0,idle,0,528.0078125,100898
leak3,20260824T033223-24267ff0,20260824T040014-0386bb76,514.0293724,0,idle,0,528.0078125,100898
leak3,20260824T033223-24267ff0,20260824T040014-0386bb76,515.0459233,0,idle,0,528.0078125,100898
leak3,20260824T033223-24267ff0,20260824T040014-0386bb76,516.0460332,0,idle,0,528.0078125,100898
leak3,20260824T033223-24267ff0,20260824T040014-0386bb76,517.0625574,0,idle,0,528.0078125,100898
leak3,20260824T033223-24267ff0,20260824T040014-0386bb76,518.0791427,0,idle,0,528.0078125,100898
leak3,20260824T033223-24267ff0,20260824T040014-0386bb76,519.0957144,0,idle,0,528.0703125,100898
leak3,20260824T033223-24267ff0,20260824T040014-0386bb76,520.1121181,0,idle,0,528.0703125,100898
leak3,20260824T033223-24267ff0,20260824T040014-0386bb76,521.1121789,0,idle,0,528.0703125,100898
leak3,20260824T033223-24267ff0,20260824T040014-0386bb76,522.112322,0,idle,0,528.0742188,100898
leak3,20260824T033223-24267ff0,20260824T040014-0386bb76,523.1288914,0,idle,0,528.0742188,100898
leak3,20260824T033223-24267ff0,20260824T040014-0386bb76,524.128931,0,idle,0,528.0742188,100898
leak3,20260824T033223-24267ff0,20260824T040014-0386bb76,525.1455661,0,idle,0,519.3945313,100898
leak3,20260824T033223-24267ff0,20260824T040014-0386bb76,526.1621653,0,idle,0,519.3945313,100898
leak3,20260824T033223-24267ff0,20260824T040014-0386bb76,527.1786111,0,idle,0,519.3945313,100898
leak3,20260824T033223-24267ff0,20260824T040014-0386bb76,528.1952071,0,idle,0,519.3945313,100898
leak3,20260824T033223-24267ff0,20260824T040014-0386bb76,529.1952511,0,idle,0,519.3945313,100898
leak3,20260824T033223-24267ff0,20260824T040014-0386bb76,530.2118202,0,idle,0,519.515625,100898
leak3,20260824T033223-24267ff0,20260824T040014-0386bb76,531.2119383,0,idle,0,519.515625,100898
leak3,20260824T033223-24267ff0,20260824T040014-0386bb76,532.2285732,0,idle,0,519.515625,100898
leak3,20260824T033223-24267ff0,20260824T040014-0386bb76,533.2450291,0,idle,0,519.515625,100898
leak3,20260824T033223-24267ff0,20260824T040014-0386bb76,534.2451316,0,idle,0,519.515625,100898
leak3,20260824T033223-24267ff0,20260824T040014-0386bb76,535.2616596,0,idle,0,519.515625,100898
leak3,20260824T033223-24267ff0,20260824T040014-0386bb76,536.2782983,0,idle,0,519.515625,100898
leak3,20260824T033223-24267ff0,20260824T040014-0386bb76,537.29482,0,idle,0,519.515625,100898
leak3,20260824T033223-24267ff0,20260824T040014-0386bb76,538.2948831,0,idle,0,519.5546875,100898
leak3,20260824T033223-24267ff0,20260824T040014-0386bb76,539.2949423,0,idle,0,519.625,100898
leak3,20260824T033223-24267ff0,20260824T040014-0386bb76,540.311537,0,idle,0,519.625,100898
leak3,20260824T033223-24267ff0,20260824T040014-0386bb76,541.3281785,0,idle,0,519.625,100898
leak3,20260824T033223-24267ff0,20260824T040014-0386bb76,542.3282239,0,idle,0,519.8242188,100898
leak3,20260824T033223-24267ff0,20260824T040014-0386bb76,543.344798,0,idle,0,519.8242188,100898
leak3,20260824T033223-24267ff0,20260824T040014-0386bb76,544.3612786,0,idle,0,519.8242188,100898
leak3,20260824T033223-24267ff0,20260824T040014-0386bb76,545.361288,0,idle,0,519.8242188,100898
leak3,20260824T033223-24267ff0,20260824T040014-0386bb76,546.3777686,0,idle,0,519.8242188,100898
leak3,20260824T033223-24267ff0,20260824T040014-0386bb76,547.3778508,0,idle,0,519.875,100898
leak3,20260824T033223-24267ff0,20260824T040014-0386bb76,548.3778907,0,idle,0,520.0859375,100898
leak3,20260824T033223-24267ff0,20260824T040014-0386bb76,549.3800392,0,idle,0,520.1484375,100898
leak3,20260824T033223-24267ff0,20260824T040014-0386bb76,550.3962805,0,idle,0,520.1484375,100898
leak3,20260824T033223-24267ff0,20260824T040014-0386bb76,551.4126276,0,idle,0,520.2148438,100898
leak3,20260824T033223-24267ff0,20260824T040014-0386bb76,552.4134719,0,idle,0,520.2148438,100898
leak3,20260824T033223-24267ff0,20260824T040014-0386bb76,553.4295798,0,idle,0,520.2148438,100898
leak3,20260824T033223-24267ff0,20260824T040014-0386bb76,554.4460357,0,idle,0,520.2148438,100898
leak3,20260824T033223-24267ff0,20260824T040014-0386bb76,555.4611488,0,idle,0,520.2148438,100898
leak3,20260824T033223-24267ff0,20260824T040014-0386bb76,556.4626879,0,idle,0,520.21875,100898
leak3,20260824T033223-24267ff0,20260824T040014-0386bb76,557.4793233,0,idle,0,520.21875,100898
leak3,20260824T033223-24267ff0,20260824T040014-0386bb76,558.4955917,0,idle,0,520.21875,100898
leak3,20260824T033223-24267ff0,20260824T040014-0386bb76,559.4959688,0,idle,0,520.2265625,100898
leak3,20260824T033223-24267ff0,20260824T040014-0386bb76,560.5110022,0,idle,0,520.2265625,100898
leak3,20260824T033223-24267ff0,20260824T040014-0386bb76,561.5123714,0,idle,0,520.2265625,100898
leak3,20260824T033223-24267ff0,20260824T040014-0386bb76,562.5127964,0,idle,0,520.2265625,100898
leak3,20260824T033223-24267ff0,20260824T040014-0386bb76,563.5291951,0,idle,0,520.265625,100898
leak3,20260824T033223-24267ff0,20260824T040014-0386bb76,564.5459163,0,idle,0,520.265625,100898
leak3,20260824T033223-24267ff0,20260824T040014-0386bb76,565.5624064,0,idle,0,520.265625,100898
leak3,20260824T033223-24267ff0,20260824T040014-0386bb76,566.5773226,0,idle,0,520.2695313,100898
leak3,20260824T033223-24267ff0,20260824T040014-0386bb76,567.5793257,0,idle,0,520.2695313,100898
leak3,20260824T033223-24267ff0,20260824T040014-0386bb76,568.594394,0,idle,0,520.2695313,100898
leak3,20260824T033223-24267ff0,20260824T040014-0386bb76,569.5955142,0,idle,0,520.2695313,100898
leak3,20260824T033223-24267ff0,20260824T040014-0386bb76,570.6141437,0,idle,0,520.2695313,100898
leak3,20260824T033223-24267ff0,20260824T040014-0386bb76,571.6288687,0,idle,0,520.3125,100898
leak3,20260824T033223-24267ff0,20260824T040014-0386bb76,572.6459636,0,idle,0,520.3125,100898
leak3,20260824T033223-24267ff0,20260824T040014-0386bb76,573.6617807,0,idle,0,520.3125,100898
leak3,20260824T033223-24267ff0,20260824T040014-0386bb76,574.6770854,0,idle,0,520.3125,100898
leak3,20260824T033223-24267ff0,20260824T040014-0386bb76,575.6785667,0,idle,0,520.3125,100898
leak3,20260824T033223-24267ff0,20260824T040014-0386bb76,576.6954035,0,idle,0,520.3125,100898
leak3,20260824T033223-24267ff0,20260824T040014-0386bb76,577.7119489,0,idle,0,520.3125,100898
leak3,20260824T033223-24267ff0,20260824T040014-0386bb76,578.7124734,0,idle,0,520.3164063,100898
leak3,20260824T033223-24267ff0,20260824T040014-0386bb76,579.7288199,0,idle,0,520.3164063,100898
leak3,20260824T033223-24267ff0,20260824T040014-0386bb76,580.7455402,0,idle,0,520.3164063,100898
leak3,20260824T033223-24267ff0,20260824T040014-0386bb76,581.7617284,0,idle,0,520.328125,100898
leak3,20260824T033223-24267ff0,20260824T040014-0386bb76,582.7792892,0,idle,0,520.328125,100898
leak3,20260824T033223-24267ff0,20260824T040014-0386bb76,583.795343,0,idle,0,520.328125,100898
leak3,20260824T033223-24267ff0,20260824T040014-0386bb76,584.8112923,0,idle,0,520.328125,100898
leak3,20260824T033223-24267ff0,20260824T040014-0386bb76,585.8113532,0,idle,0,520.328125,100898
leak3,20260824T033223-24267ff0,20260824T040014-0386bb76,586.828158,0,idle,0,520.328125,100898
leak3,20260824T033223-24267ff0,20260824T040014-0386bb76,587.8448173,0,idle,0,520.328125,100898
leak3,20260824T033223-24267ff0,20260824T040014-0386bb76,588.8613964,0,idle,0,520.328125,100898
leak3,20260824T033223-24267ff0,20260824T040014-0386bb76,589.8781143,0,idle,0,520.328125,100898
leak3,20260824T033223-24267ff0,20260824T040014-0386bb76,590.895283,0,idle,0,520.328125,100898
leak3,20260824T033223-24267ff0,20260824T040014-0386bb76,591.9113223,0,idle,0,520.3320313,100898
leak3,20260824T033223-24267ff0,20260824T040014-0386bb76,592.9279461,0,idle,0,520.3320313,100898
leak3,20260824T033223-24267ff0,20260824T040014-0386bb76,593.9445507,0,idle,0,520.3320313,100898
leak3,20260824T033223-24267ff0,20260824T040014-0386bb76,594.961203,0,idle,0,520.3320313,100898
leak3,20260824T033223-24267ff0,20260824T040014-0386bb76,595.9762686,0,idle,0,520.3320313,100898
leak3,20260824T033223-24267ff0,20260824T040014-0386bb76,596.9778523,0,idle,0,520.3320313,100898
leak3,20260824T033223-24267ff0,20260824T040014-0386bb76,597.9949873,0,idle,0,520.3320313,100898
leak3,20260824T033223-24267ff0,20260824T040014-0386bb76,599.0115022,0,idle,0,520.3320313,100898